basis,degree,lamb,prune,seed,R2,n_params,n_vars,fidelity,n_terms,equation,dataset,representation,arch,stage,model
cheby,4.0,0.0001,0.05,42,0.989061818303657,168,7,0.9999994104864544,16.0,"h_1 = -tanh(-0.1*x_1**4 + 0.0672*x_1**3 + 0.0348*x_1**2 + 0.4216*x_1 + 0.03888*x_2**4 - 0.084*x_2**3 + 0.00432*x_2**2 + 0.294*x_2 - 0.03288*x_3**4 - 0.0412*x_3**3 + 0.01962*x_3**2 - 0.2571*x_3 + 0.05064*x_4**4 - 0.0808*x_4**3 - 0.00164*x_4**2 - 0.038*x_4 - 0.01504*x_5**4 + 0.03284*x_5**3 + 0.01748*x_5**2 + 0.11737*x_5 - 0.03584*x_6**4 - 0.0592*x_6**3 + 0.07044*x_6**2 + 0.04095*x_6 + 0.01272*x_7**4 + 0.01064*x_7**3 + 0.00828*x_7**2 - 0.05878*x_7 + 0.09721)
h_2 = tanh(0.1288*x_1**4 + 0.0948*x_1**3 - 0.196*x_1**2 - 0.4821*x_1 - 0.05176*x_2**4 - 0.1316*x_2**3 + 0.000559999999999998*x_2**2 + 0.5907*x_2 - 0.01168*x_3**4 - 0.0536*x_3**3 + 0.00408*x_3**2 + 0.2472*x_3 - 0.07624*x_4**4 + 0.0452*x_4**3 + 0.02444*x_4**2 - 0.3129*x_4 - 0.00936*x_5**4 + 0.0314*x_5**3 + 0.00592*x_5**2 + 0.04315*x_5 - 0.1424*x_6**4 + 0.044*x_6**3 - 0.0636*x_6**2 - 0.0054*x_6 - 0.02072*x_7**4 + 0.0556*x_7**3 + 0.04832*x_7**2 - 0.1278*x_7 + 0.3796)
h_3 = -tanh(0.04408*x_1**4 - 0.182*x_1**3 + 0.08272*x_1**2 + 0.2082*x_1 + 0.2472*x_2**4 - 0.1996*x_2**3 - 0.1962*x_2**2 + 0.6607*x_2 - 0.04664*x_3**4 - 0.068*x_3**3 + 0.04664*x_3**2 - 0.145*x_3 - 0.084*x_4**4 + 0.1368*x_4**3 + 0.10328*x_4**2 - 0.2066*x_4 - 0.02872*x_5**4 + 0.0644*x_5**3 - 0.00608*x_5**2 + 0.1577*x_5 + 0.0912*x_6**4 + 0.01636*x_6**3 - 0.1112*x_6**2 + 0.03503*x_6 - 0.06176*x_7**4 + 0.0856*x_7**3 + 0.10056*x_7**2 - 0.2472*x_7 - 0.044938)
y = 3.416*h_1**4 + 1.26*h_1**3 - 3.75*h_1**2 - 1.122*h_1 + 3.168*h_2**4 + 1.308*h_2**3 - 3.918*h_2**2 - 1.449*h_2 + 1.936*h_3**4 - 0.604*h_3**3 - 2.0742*h_3**2 + 0.787*h_3 + 0.488187727546692",tahini,PLS scores,1 hidden layer,external,cheby 1 hidden layer
cheby,4.0,0.0001,0.05,7,0.9884424792988925,168,8,0.9999985297370613,16.0,"h_1 = -tanh(0.01*x_1**4 - 0.1736*x_1**3 + 0.152*x_1**2 + 0.4902*x_1 + 0.0596*x_2**4 - 0.2436*x_2**3 - 0.06476*x_2**2 + 0.4647*x_2 + 0.03384*x_3**4 + 0.003236*x_3**3 + 0.00236*x_3**2 - 0.328427*x_3 + 0.07952*x_4**4 - 0.072*x_4**3 - 0.01732*x_4**2 - 0.078*x_4 - 0.03448*x_5**4 + 0.00936*x_5**3 + 0.0307*x_5**2 + 0.19498*x_5 - 0.0436*x_6**4 - 0.0504*x_6**3 - 0.0012*x_6**2 + 0.0219*x_6 + 0.0272*x_7**4 + 0.0224*x_7**3 - 0.0052*x_7**2 - 0.0886*x_7 - 0.0244*x_8**4 + 0.0362*x_8**3 + 0.0516*x_8**2 + 0.03975*x_8 + 0.04633)
h_2 = tanh(0.2016*x_1**4 - 0.02796*x_1**3 - 0.19464*x_1**2 - 0.47903*x_1 + 0.01104*x_2**4 + 0.0988*x_2**3 - 0.06824*x_2**2 + 0.2809*x_2 + 0.02304*x_3**4 - 0.01224*x_3**3 - 0.03344*x_3**2 + 0.27818*x_3 - 0.00808*x_4**4 + 0.0636*x_4**3 + 0.02406*x_4**2 - 0.2437*x_4 + 0.02304*x_5**4 + 0.0122*x_5**3 - 0.03084*x_5**2 + 0.00245*x_5 - 0.1088*x_6**4 + 0.1128*x_6**3 + 0.0258*x_6**2 + 0.0164*x_6 + 0.01704*x_7**3 + 0.0189*x_7**2 - 0.07538*x_7 - 0.0616*x_8**4 - 0.02576*x_8**3 + 0.005*x_8**2 + 0.01244*x_8 + 0.28973)
h_3 = -tanh(0.1152*x_1**4 - 0.252*x_1**3 + 0.0868*x_1**2 + 0.037*x_1 + 0.252*x_2**4 - 0.2004*x_2**3 - 0.137*x_2**2 + 0.7863*x_2 + 0.07216*x_3**4 - 0.01096*x_3**2 - 0.0799*x_3 - 0.2096*x_4**4 + 0.1226*x_4**2 - 0.268*x_4 + 0.00872*x_5**4 + 0.0286*x_5**3 - 0.00482*x_5**2 + 0.15755*x_5 - 0.1856*x_6**4 + 0.0696*x_6**3 + 0.0564*x_6**2 + 0.0165*x_6 + 0.03672*x_7**4 + 0.0656*x_7**3 - 0.021*x_7**2 - 0.1672*x_7 - 0.06064*x_8**4 + 0.0908*x_8**3 + 0.0584*x_8**2 + 0.0108*x_8 + 0.17859)
y = 3.328*h_1**4 + 1.108*h_1**3 - 3.78*h_1**2 - 0.8076*h_1 + 2.712*h_2**4 + 1.436*h_2**3 - 3.156*h_2**2 - 1.55*h_2 + 2.2*h_3**4 - 0.224*h_3**3 - 2.946*h_3**2 + 0.652*h_3 + 0.532992699623108",tahini,PLS scores,1 hidden layer,external,cheby 1 hidden layer
cheby,4.0,0.0001,0.05,2024,0.9902069467210464,168,8,0.9999980485908709,16.0,"h_1 = tanh(0.1672*x_1**4 - 0.132*x_1**3 - 0.069*x_1**2 - 0.223*x_1 - 0.0156*x_2**4 - 0.0904*x_2**3 + 0.01148*x_2**2 + 0.5298*x_2 + 0.004992*x_3**4 - 0.031*x_3**3 - 0.00688*x_3**2 + 0.10755*x_3 - 0.0864*x_4**4 + 0.01016*x_4**3 + 0.0386*x_4**2 - 0.26262*x_4 - 0.007896*x_5**4 + 0.0508*x_5**3 + 0.002896*x_5**2 + 0.0779*x_5 + 0.01848*x_6**4 + 0.02964*x_6**3 - 0.10368*x_6**2 + 0.01657*x_6 + 0.006624*x_7**4 + 0.044*x_7**3 + 0.011116*x_7**2 - 0.111*x_7 - 0.01264*x_8**4 + 0.0416*x_8**3 + 0.00374*x_8**2 + 0.0027*x_8 - 0.321651)
h_2 = -tanh(0.1184*x_1**4 - 0.3008*x_1**3 + 0.1216*x_1**2 + 0.3376*x_1 + 0.2712*x_2**4 - 0.2032*x_2**3 - 0.2148*x_2**2 + 0.6134*x_2 + 0.04432*x_3**4 + 0.01436*x_3**3 + 0.00228*x_3**2 - 0.26577*x_3 + 0.02472*x_4**4 + 0.0796*x_4**3 - 0.01326*x_4**2 - 0.1867*x_4 - 0.04504*x_5**4 + 0.03728*x_5**3 + 0.0403*x_5**2 + 0.18404*x_5 - 0.0976*x_6**4 + 0.0704*x_6**3 - 0.0254*x_6**2 - 0.0528*x_6 + 0.0092*x_7**4 + 0.03236*x_7**3 + 0.0472*x_7**2 - 0.17127*x_7 - 0.04496*x_8**4 + 0.0776*x_8**3 + 0.026*x_8**2 + 0.0291*x_8 - 0.097449)
h_3 = -tanh(-0.1976*x_1**4 - 0.0736*x_1**3 + 0.2272*x_1**2 + 0.5872*x_1 + 0.1464*x_2**4 - 0.2292*x_2**3 - 0.16384*x_2**2 + 0.0725*x_2 - 0.0436*x_3**4 - 0.03884*x_3**3 + 0.0766*x_3**2 - 0.34787*x_3 + 0.01232*x_4**4 - 0.0128*x_4**3 - 0.01478*x_4**2 + 0.00744*x_4 - 0.01336*x_5**4 + 0.02072*x_5**3 + 0.03616*x_5**2 + 0.10246*x_5 + 0.2704*x_6**4 - 0.1736*x_6**3 - 0.1488*x_6**2 + 0.036*x_6 - 0.01168*x_7**3 + 0.001892*x_7**2 + 0.04476*x_7 - 0.07176*x_8**4 + 0.0892*x_8**3 + 0.11816*x_8**2 - 0.013*x_8 + 0.546754)
y = -3.024*h_1**4 + 1.876*h_1**3 + 3.714*h_1**2 - 1.855*h_1 + 3.504*h_2**4 - 1.008*h_2**3 - 3.4176*h_2**2 + 1.124*h_2 - 2.512*h_3**4 + 1.124*h_3**3 + 3.04*h_3**2 - 0.9374*h_3 - 2.1169144715786",tahini,PLS scores,1 hidden layer,external,cheby 1 hidden layer
cheby,4.0,0.0001,0.05,100,0.9744030302318801,168,7,0.9999962838114789,16.0,"h_1 = tanh(0.0096*x_1**4 - 0.3032*x_1**3 + 0.1902*x_1**2 + 0.7614*x_1 + 0.108*x_2**4 - 0.1824*x_2**3 + 0.0746*x_2**2 + 0.6108*x_2 + 0.01152*x_3**4 - 0.016*x_3**3 + 0.04548*x_3**2 - 0.451*x_3 + 0.1024*x_4**4 - 0.0552*x_4**3 + 0.0024*x_4**2 - 0.1046*x_4 - 0.0456*x_5**4 + 0.0516*x_5**3 + 0.05546*x_5**2 + 0.2193*x_5 - 0.04848*x_6**4 - 0.1884*x_6**3 + 0.02708*x_6**2 + 0.0977*x_6 + 0.006056*x_7**4 + 0.03544*x_7**3 + 0.017944*x_7**2 - 0.11578*x_7 + 0.556807)
h_2 = tanh(0.3528*x_1**4 - 0.1104*x_1**3 - 0.2088*x_1**2 - 0.4142*x_1 + 0.07408*x_2**4 - 0.0948*x_2**3 - 0.12908*x_2**2 + 0.4731*x_2 + 0.07808*x_3**4 + 0.01388*x_3**3 - 0.06526*x_3**2 + 0.19759*x_3 - 0.1016*x_4**4 + 0.0404*x_4**3 + 0.0512*x_4**2 - 0.2603*x_4 + 0.0628*x_5**4 + 0.003988*x_5**3 - 0.04916*x_5**2 + 0.061109*x_5 - 0.1968*x_6**4 + 0.1372*x_6**3 + 0.041*x_6**2 - 0.0408*x_6 + 0.0132*x_7**4 - 0.01724*x_7**3 + 0.0554*x_7**2 - 0.10807*x_7 + 0.18101)
h_3 = -tanh(0.1584*x_1**4 - 0.2976*x_1**3 + 0.00719999999999998*x_1**2 + 0.1751*x_1 + 0.3808*x_2**4 - 0.3588*x_2**3 - 0.2654*x_2**2 + 0.8161*x_2 + 0.0824*x_3**4 + 0.01804*x_3**3 - 0.01*x_3**2 - 0.14553*x_3 - 0.0936*x_4**4 + 0.106*x_4**3 + 0.08348*x_4**2 - 0.2415*x_4 + 0.02568*x_5**4 + 0.058*x_5**3 - 0.05868*x_5**2 + 0.1605*x_5 - 0.1152*x_6**4 - 0.0592*x_6**3 - 0.019*x_6**2 + 0.05432*x_6 - 0.088*x_7**4 + 0.1064*x_7**3 + 0.10154*x_7**2 - 0.2318*x_7 - 0.1376)
y = -2.744*h_1**4 - 1.804*h_1**3 + 2.6304*h_1**2 + 1.3186*h_1 + 2.936*h_2**4 + 1.612*h_2**3 - 3.192*h_2**2 - 1.636*h_2 + 0.6984*h_3**4 - 1.56*h_3**3 - 0.4484*h_3**2 + 1.502*h_3 - 0.903227804803848",tahini,PLS scores,1 hidden layer,external,cheby 1 hidden layer
cheby,4.0,0.0001,0.05,13,0.9886251687224945,168,8,0.9999898256158577,16.0,"h_1 = -tanh(-0.2136*x_1**4 + 0.03352*x_1**3 + 0.1774*x_1**2 + 0.49986*x_1 - 0.0888*x_2**4 - 0.1024*x_2**3 + 0.0014*x_2**2 + 0.076057*x_2 - 0.0556*x_3**4 - 0.01408*x_3**3 + 0.06688*x_3**2 - 0.31144*x_3 + 0.0524*x_4**4 - 0.011*x_4**3 - 0.05652*x_4**2 - 0.01185*x_4 - 0.04408*x_5**4 + 0.01716*x_5**3 + 0.04408*x_5**2 + 0.11513*x_5 + 0.03968*x_6**4 - 0.1812*x_6**3 - 0.03968*x_6**2 + 0.0535*x_6 - 0.01436*x_7**3 + 0.04627*x_7 - 0.0432*x_8**4 + 0.0776*x_8**3 + 0.073*x_8**2 + 0.0145*x_8 + 0.57257)
h_2 = -tanh(-0.07448*x_1**4 + 0.0062*x_1**3 + 0.073046*x_1**2 + 0.29435*x_1 + 0.03064*x_2**4 + 0.136*x_2**3 - 0.0281*x_2**2 - 0.596*x_2 - 0.01424*x_3**4 + 0.02608*x_3**3 + 0.02126*x_3**2 - 0.13856*x_3 + 0.07536*x_4**4 + 0.01372*x_4**3 - 0.04076*x_4**2 + 0.28771*x_4 + 0.04248*x_5**4 - 0.0432*x_5**3 - 0.03894*x_5**2 - 0.0776*x_5 + 0.0922*x_6**2 - 0.0357*x_6 + 0.02792*x_7**4 - 0.064*x_7**3 - 0.0345*x_7**2 + 0.1244*x_7 - 0.03484*x_8**3 - 0.003*x_8**2 + 0.00563*x_8 + 0.250567)
h_3 = tanh(0.1168*x_1**4 - 0.074*x_1**3 - 0.0456*x_1**2 + 0.3505*x_1 + 0.2536*x_2**4 - 0.2832*x_2**3 - 0.1734*x_2**2 + 0.7104*x_2 + 0.05648*x_3**4 - 0.00724*x_3**3 - 0.02708*x_3**2 - 0.27857*x_3 + 0.0552*x_4**3 - 0.1414*x_4 - 0.02712*x_5**4 + 0.0448*x_5**3 + 0.02146*x_5**2 + 0.1964*x_5 - 0.1872*x_6**4 + 0.0988*x_6**3 + 0.0334*x_6**2 - 0.07639*x_6 - 0.01472*x_7**4 + 0.07772*x_7**2 - 0.173*x_7 - 0.007352*x_8**4 + 0.02084*x_8**3 + 0.025312*x_8**2 + 0.04787*x_8 - 0.820439)
y = -1.64*h_1**4 + 1.088*h_1**3 + 2.182*h_1**2 - 1.042*h_1 - 3.088*h_2**4 + 1.592*h_2**3 + 3.826*h_2**2 - 1.584*h_2 - 2.8*h_3**4 + 1.708*h_3**3 + 3.314*h_3**2 - 1.415*h_3 - 3.1227833571434",tahini,PLS scores,1 hidden layer,external,cheby 1 hidden layer
fourier,4.0,0.0001,0.05,42,0.9355697964640415,168,8,0.9999978791617222,16.0,"h_1 = tanh(-0.0579*sin(pi*x_1) + 0.0514*sin(2*pi*x_1) + 0.215*sin(pi*x_2) - 0.0249*sin(2*pi*x_2) + 0.0319*sin(pi*x_3) - 0.0175*sin(2*pi*x_3) - 0.0911*sin(pi*x_4) - 0.0213*sin(2*pi*x_4) + 0.0204*sin(pi*x_5) - 0.0185*sin(2*pi*x_5) + 0.0777*sin(pi*x_6) - 0.0276*sin(2*pi*x_6) - 0.0901*sin(pi*x_7) + 0.0148*sin(2*pi*x_7) - 0.0219*sin(pi*x_8) + 0.0183*sin(2*pi*x_8) - 0.0499*cos(pi*x_1) + 0.0542*cos(2*pi*x_1) + 0.0347*cos(pi*x_2) + 0.0321*cos(2*pi*x_2) - 0.00915*cos(pi*x_3) + 0.0179*cos(2*pi*x_3) + 0.0454*cos(pi*x_4) - 0.0237*cos(2*pi*x_4) - 0.0266*cos(pi*x_5) + 0.00462*cos(2*pi*x_5) + 0.0977*cos(pi*x_6) - 0.0424*cos(2*pi*x_6) - 0.0278*cos(pi*x_7) + 0.0018*cos(2*pi*x_7) + 0.0237*cos(pi*x_8) + 0.00395*cos(2*pi*x_8) - 0.15731)
h_2 = -tanh(0.312*sin(pi*x_1) - 0.0826*sin(2*pi*x_1) + 0.00833*sin(pi*x_2) - 0.000738*sin(2*pi*x_2) - 0.184*sin(pi*x_3) + 0.0555*sin(2*pi*x_3) + 0.0665*sin(pi*x_4) + 0.0348*sin(2*pi*x_4) + 0.0111*sin(pi*x_5) + 0.00122*sin(2*pi*x_5) - 0.0367*sin(pi*x_6) - 0.00592*sin(2*pi*x_6) + 0.0204*sin(pi*x_7) - 0.00655*sin(2*pi*x_7) + 0.0625*sin(pi*x_8) - 0.0267*sin(2*pi*x_8) - 0.0583*cos(pi*x_1) + 0.0137*cos(2*pi*x_1) - 0.118*cos(pi*x_2) + 0.0127*cos(2*pi*x_2) - 0.0532*cos(pi*x_3) + 0.0224*cos(2*pi*x_3) - 0.0756*cos(pi*x_4) + 0.0183*cos(2*pi*x_4) + 0.00261*cos(pi*x_5) + 0.00347*cos(2*pi*x_5) + 0.00711*cos(pi*x_6) + 0.0228*cos(2*pi*x_6) + 0.0279*cos(pi*x_7) - 0.0099*cos(2*pi*x_7) - 0.0158*cos(pi*x_8) + 0.0358*cos(2*pi*x_8) - 0.17681)
h_3 = -tanh(0.159*sin(pi*x_1) + 0.0329*sin(2*pi*x_1) + 0.313*sin(pi*x_2) - 0.0321*sin(2*pi*x_2) - 0.0788*sin(pi*x_3) + 0.023*sin(2*pi*x_3) - 0.0859*sin(pi*x_4) + 0.0188*sin(2*pi*x_4) + 0.0429*sin(pi*x_5) - 0.0132*sin(2*pi*x_5) + 0.0915*sin(pi*x_6) - 0.0616*sin(2*pi*x_6) - 0.0854*sin(pi*x_7) + 0.0096*sin(2*pi*x_7) + 0.0224*sin(pi*x_8) - 0.00832*sin(2*pi*x_8) - 0.11*cos(pi*x_1) + 0.0766*cos(2*pi*x_1) - 0.0953*cos(pi*x_2) + 0.0756*cos(2*pi*x_2) - 0.062*cos(pi*x_3) + 0.0499*cos(2*pi*x_3) - 0.0146*cos(pi*x_4) - 0.0209*cos(2*pi*x_4) - 0.0191*cos(pi*x_5) + 0.01*cos(2*pi*x_5) + 0.151*cos(pi*x_6) - 0.0283*cos(2*pi*x_6) + 0.0162*cos(pi*x_7) - 0.0165*cos(2*pi*x_7) + 0.015*cos(pi*x_8) + 0.0339*cos(2*pi*x_8) - 0.5178)
y = -0.489*sin(pi*h_1) - 0.326*sin(2*pi*h_1) - 0.16*sin(pi*h_2) + 0.383*sin(2*pi*h_2) + 0.254*sin(pi*h_3) + 0.282*sin(2*pi*h_3) - 0.498*cos(pi*h_1) + 0.0443*cos(2*pi*h_1) + 0.255*cos(pi*h_2) + 0.421*cos(2*pi*h_2) - 0.612*cos(pi*h_3) - 0.143*cos(2*pi*h_3) - 0.79515008187294",tahini,PLS scores,1 hidden layer,external,fourier 1 hidden layer
fourier,4.0,0.0001,0.05,7,0.9415219830232279,168,8,0.999994617696491,16.0,"h_1 = -tanh(0.332*sin(pi*x_1) - 0.0792*sin(2*pi*x_1) + 0.052*sin(pi*x_2) - 0.00551*sin(2*pi*x_2) - 0.19*sin(pi*x_3) + 0.0527*sin(2*pi*x_3) + 0.0551*sin(pi*x_4) + 0.0344*sin(2*pi*x_4) + 0.0116*sin(pi*x_5) + 0.0109*sin(2*pi*x_5) - 0.0115*sin(pi*x_6) - 0.00792*sin(2*pi*x_6) - 0.0104*sin(pi*x_7) + 0.0045*sin(2*pi*x_7) + 0.0616*sin(pi*x_8) - 0.022*sin(2*pi*x_8) - 0.0613*cos(pi*x_1) + 0.0313*cos(2*pi*x_1) - 0.115*cos(pi*x_2) + 0.0102*cos(2*pi*x_2) - 0.0478*cos(pi*x_3) + 0.0304*cos(2*pi*x_3) - 0.0705*cos(pi*x_4) + 0.0142*cos(2*pi*x_4) + 0.0081*cos(pi*x_5) - 0.000366*cos(2*pi*x_5) + 0.01*cos(pi*x_6) + 0.0112*cos(2*pi*x_6) + 0.0295*cos(pi*x_7) - 0.016*cos(2*pi*x_7) - 0.00787*cos(pi*x_8) + 0.0257*cos(2*pi*x_8) - 0.234755)
h_2 = tanh(-0.108*sin(pi*x_1) + 0.0533*sin(2*pi*x_1) + 0.193*sin(pi*x_2) - 0.0309*sin(2*pi*x_2) + 0.0649*sin(pi*x_3) - 0.0329*sin(2*pi*x_3) - 0.125*sin(pi*x_4) - 0.0235*sin(2*pi*x_4) + 0.0245*sin(pi*x_5) - 0.0256*sin(2*pi*x_5) + 0.0835*sin(pi*x_6) - 0.0211*sin(2*pi*x_6) - 0.0857*sin(pi*x_7) + 0.0133*sin(2*pi*x_7) - 0.0479*sin(pi*x_8) + 0.0272*sin(2*pi*x_8) - 0.0229*cos(pi*x_1) + 0.0517*cos(2*pi*x_1) + 0.0613*cos(pi*x_2) + 0.026*cos(2*pi*x_2) - 0.00385*cos(pi*x_3) + 0.0159*cos(2*pi*x_3) + 0.0519*cos(pi*x_4) - 0.0292*cos(2*pi*x_4) - 0.0339*cos(pi*x_5) + 0.00742*cos(2*pi*x_5) + 0.0926*cos(pi*x_6) - 0.0467*cos(2*pi*x_6) - 0.0368*cos(pi*x_7) + 0.00553*cos(2*pi*x_7) + 0.0258*cos(pi*x_8) - 0.0171*cos(2*pi*x_8) + 0.15282)
h_3 = -tanh(0.13*sin(pi*x_1) + 0.0237*sin(2*pi*x_1) + 0.297*sin(pi*x_2) - 0.0475*sin(2*pi*x_2) - 0.0624*sin(pi*x_3) + 0.0261*sin(2*pi*x_3) - 0.103*sin(pi*x_4) + 0.0267*sin(2*pi*x_4) + 0.0479*sin(pi*x_5) - 0.0105*sin(2*pi*x_5) + 0.0923*sin(pi*x_6) - 0.054*sin(2*pi*x_6) - 0.0884*sin(pi*x_7) + 0.00446*sin(2*pi*x_7) + 0.0104*sin(pi*x_8) - 0.00388*sin(2*pi*x_8) - 0.0701*cos(pi*x_1) + 0.0669*cos(2*pi*x_1) - 0.0705*cos(pi*x_2) + 0.0567*cos(2*pi*x_2) - 0.0431*cos(pi*x_3) + 0.0374*cos(2*pi*x_3) - 0.0138*cos(pi*x_4) - 0.0191*cos(2*pi*x_4) + 0.0019*cos(pi*x_5) + 0.00503*cos(2*pi*x_5) + 0.136*cos(pi*x_6) - 0.0371*cos(2*pi*x_6) + 0.0222*cos(pi*x_7) - 0.0177*cos(2*pi*x_7) + 0.0147*cos(pi*x_8) + 0.0189*cos(2*pi*x_8) - 0.15076)
y = 0.151*sin(pi*h_1) + 0.436*sin(2*pi*h_1) - 0.6*sin(pi*h_2) + 0.172*sin(2*pi*h_2) + 0.55*sin(pi*h_3) + 0.0609*sin(2*pi*h_3) + 0.151*cos(pi*h_1) + 0.426*cos(2*pi*h_1) + 0.272*cos(pi*h_2) + 0.281*cos(2*pi*h_2) - 0.308*cos(pi*h_3) + 0.253*cos(2*pi*h_3) - 0.844446222901344",tahini,PLS scores,1 hidden layer,external,fourier 1 hidden layer
fourier,4.0,0.0001,0.05,2024,0.9327491706517531,168,7,0.9999988771460508,16.0,"h_1 = -tanh(0.0513*sin(pi*x_1) - 0.0451*sin(2*pi*x_1) - 0.226*sin(pi*x_2) + 0.033*sin(2*pi*x_2) - 0.0247*sin(pi*x_3) + 0.0127*sin(2*pi*x_3) + 0.0913*sin(pi*x_4) + 0.00999*sin(2*pi*x_4) - 0.096*sin(pi*x_6) + 0.0241*sin(2*pi*x_6) + 0.112*sin(pi*x_7) - 0.0167*sin(2*pi*x_7) + 0.0192*sin(pi*x_8) - 0.0134*sin(2*pi*x_8) + 0.0446*cos(pi*x_1) - 0.0524*cos(2*pi*x_1) - 0.019*cos(pi*x_2) - 0.028*cos(2*pi*x_2) + 0.0144*cos(pi*x_3) - 0.0144*cos(2*pi*x_3) - 0.0373*cos(pi*x_4) + 0.0217*cos(2*pi*x_4) - 0.0901*cos(pi*x_6) + 0.046*cos(2*pi*x_6) + 0.0203*cos(pi*x_7) + 0.00244*cos(2*pi*x_7) - 0.0309*cos(pi*x_8) + 0.0045*cos(2*pi*x_8) + 0.34355)
h_2 = tanh(0.276*sin(pi*x_1) - 0.0714*sin(2*pi*x_1) + 0.00509*sin(pi*x_2) + 0.00515*sin(2*pi*x_2) - 0.155*sin(pi*x_3) + 0.0533*sin(2*pi*x_3) + 0.0509*sin(pi*x_4) + 0.0282*sin(2*pi*x_4) - 0.013*sin(pi*x_6) - 0.00778*sin(2*pi*x_6) + 0.0245*sin(pi*x_7) - 0.00412*sin(2*pi*x_7) + 0.061*sin(pi*x_8) - 0.0281*sin(2*pi*x_8) - 0.036*cos(pi*x_1) + 0.0096*cos(2*pi*x_1) - 0.106*cos(pi*x_2) + 0.0116*cos(2*pi*x_2) - 0.0355*cos(pi*x_3) + 0.018*cos(2*pi*x_3) - 0.0598*cos(pi*x_4) + 0.0142*cos(2*pi*x_4) + 0.00211*cos(pi*x_6) + 0.0277*cos(2*pi*x_6) + 0.0294*cos(pi*x_7) - 0.0194*cos(2*pi*x_7) - 0.00544*cos(pi*x_8) + 0.0343*cos(2*pi*x_8) + 0.0249)
h_3 = -tanh(0.141*sin(pi*x_1) + 0.0296*sin(2*pi*x_1) + 0.29*sin(pi*x_2) - 0.0314*sin(2*pi*x_2) - 0.058*sin(pi*x_3) + 0.0245*sin(2*pi*x_3) - 0.0945*sin(pi*x_4) + 0.0277*sin(2*pi*x_4) + 0.129*sin(pi*x_6) - 0.0622*sin(2*pi*x_6) - 0.079*sin(pi*x_7) + 0.0102*sin(2*pi*x_7) + 0.0206*sin(pi*x_8) - 0.0139*sin(2*pi*x_8) - 0.0755*cos(pi*x_1) + 0.0742*cos(2*pi*x_1) - 0.0826*cos(pi*x_2) + 0.0631*cos(2*pi*x_2) - 0.0543*cos(pi*x_3) + 0.0434*cos(2*pi*x_3) - 0.0213*cos(pi*x_4) - 0.0149*cos(2*pi*x_4) + 0.11*cos(pi*x_6) - 0.0245*cos(2*pi*x_6) + 0.0171*cos(pi*x_7) - 0.018*cos(2*pi*x_7) + 0.0293*cos(pi*x_8) + 0.0234*cos(2*pi*x_8) - 0.20713)
y = -0.352*sin(pi*h_1) + 0.000693*sin(2*pi*h_1) + 0.136*sin(pi*h_2) + 0.398*sin(2*pi*h_2) + 0.519*sin(pi*h_3) + 0.162*sin(2*pi*h_3) - 0.439*cos(pi*h_1) - 0.387*cos(2*pi*h_1) + 0.201*cos(pi*h_2) + 0.44*cos(2*pi*h_2) - 0.226*cos(pi*h_3) + 0.3*cos(2*pi*h_3) - 1.07381381511688",tahini,PLS scores,1 hidden layer,external,fourier 1 hidden layer
fourier,4.0,0.0001,0.05,100,0.9514786934946516,168,8,0.9999983178628444,16.0,"h_1 = -tanh(0.319*sin(pi*x_1) + 0.0137*sin(2*pi*x_1) + 0.351*sin(pi*x_2) - 0.0341*sin(2*pi*x_2) - 0.136*sin(pi*x_3) + 0.0137*sin(2*pi*x_3) - 0.0878*sin(pi*x_4) + 0.0177*sin(2*pi*x_4) + 0.0316*sin(pi*x_5) - 0.00396*sin(2*pi*x_5) + 0.0779*sin(pi*x_6) - 0.0542*sin(2*pi*x_6) - 0.0899*sin(pi*x_7) + 0.0123*sin(2*pi*x_7) + 0.0192*sin(pi*x_8) + 0.000707*sin(2*pi*x_8) - 0.126*cos(pi*x_1) + 0.14*cos(2*pi*x_1) - 0.0878*cos(pi*x_2) + 0.0894*cos(2*pi*x_2) - 0.0811*cos(pi*x_3) + 0.0673*cos(2*pi*x_3) - 0.0124*cos(pi*x_4) - 0.00499*cos(2*pi*x_4) - 0.0526*cos(pi*x_5) + 0.0185*cos(2*pi*x_5) + 0.136*cos(pi*x_6) - 0.0196*cos(2*pi*x_6) + 0.0173*cos(pi*x_7) - 0.0179*cos(2*pi*x_7) + 0.0016*cos(pi*x_8) + 0.032*cos(2*pi*x_8) - 0.8858)
h_2 = tanh(0.0208*sin(pi*x_1) + 0.0302*sin(2*pi*x_1) + 0.215*sin(pi*x_2) - 0.0293*sin(2*pi*x_2) + 0.017*sin(pi*x_3) - 0.0105*sin(2*pi*x_3) - 0.0926*sin(pi*x_4) - 0.00846*sin(2*pi*x_4) + 0.0271*sin(pi*x_5) - 0.0133*sin(2*pi*x_5) + 0.0501*sin(pi*x_6) - 0.0132*sin(2*pi*x_6) - 0.0624*sin(pi*x_7) + 0.0117*sin(2*pi*x_7) - 0.013*sin(pi*x_8) + 0.0142*sin(2*pi*x_8) - 0.0229*cos(pi*x_1) + 0.0571*cos(2*pi*x_1) + 0.0259*cos(pi*x_2) + 0.0111*cos(2*pi*x_2) - 0.0246*cos(pi*x_3) + 0.0185*cos(2*pi*x_3) + 0.0338*cos(pi*x_4) - 0.0157*cos(2*pi*x_4) - 0.0174*cos(pi*x_5) + 0.00401*cos(2*pi*x_5) + 0.059*cos(pi*x_6) - 0.029*cos(2*pi*x_6) - 0.0121*cos(pi*x_7) + 0.004*cos(2*pi*x_7) + 0.0127*cos(pi*x_8) - 0.00037*cos(2*pi*x_8) + 0.12456)
h_3 = -tanh(0.295*sin(pi*x_1) - 0.0669*sin(2*pi*x_1) - 0.0268*sin(pi*x_2) - 0.00114*sin(2*pi*x_2) - 0.156*sin(pi*x_3) + 0.0559*sin(2*pi*x_3) + 0.0596*sin(pi*x_4) + 0.0447*sin(2*pi*x_4) + 0.00812*sin(2*pi*x_5) - 0.0281*sin(pi*x_6) - 0.0079*sin(2*pi*x_6) + 0.0302*sin(pi*x_7) - 0.00371*sin(2*pi*x_7) + 0.0387*sin(pi*x_8) - 0.0301*sin(2*pi*x_8) - 0.031*cos(pi*x_1) - 0.00613*cos(2*pi*x_1) - 0.133*cos(pi*x_2) + 0.0269*cos(2*pi*x_2) - 0.0478*cos(pi*x_3) + 0.00884*cos(2*pi*x_3) - 0.0828*cos(pi*x_4) + 0.0165*cos(2*pi*x_4) + 0.00701*cos(pi*x_5) - 0.0134*cos(2*pi*x_5) + 0.0123*cos(pi*x_6) + 0.0298*cos(2*pi*x_6) + 0.0234*cos(pi*x_7) - 0.0179*cos(2*pi*x_7) - 0.0238*cos(pi*x_8) + 0.025*cos(2*pi*x_8) + 0.3729)
y = -0.147*sin(pi*h_1) - 0.0959*sin(2*pi*h_1) - 0.444*sin(pi*h_2) - 0.277*sin(2*pi*h_2) - 0.199*sin(pi*h_3) - 0.394*sin(2*pi*h_3) - 0.491*cos(pi*h_1) - 0.499*cos(2*pi*h_1) + 0.166*cos(pi*h_2) + 0.493*cos(2*pi*h_2) - 0.237*cos(pi*h_3) - 0.482*cos(2*pi*h_3) - 0.942814990997314",tahini,PLS scores,1 hidden layer,external,fourier 1 hidden layer
fourier,4.0,0.0001,0.05,13,0.9393159410262264,168,7,0.999998229622147,16.0,"h_1 = tanh(-0.0757*sin(pi*x_1) + 0.0532*sin(2*pi*x_1) + 0.236*sin(pi*x_2) - 0.0255*sin(2*pi*x_2) + 0.0399*sin(pi*x_3) - 0.0214*sin(2*pi*x_3) - 0.0931*sin(pi*x_4) - 0.0169*sin(2*pi*x_4) + 0.0875*sin(pi*x_6) - 0.0237*sin(2*pi*x_6) - 0.105*sin(pi*x_7) + 0.0219*sin(2*pi*x_7) - 0.00985*sin(pi*x_8) + 0.0199*sin(2*pi*x_8) - 0.0422*cos(pi*x_1) + 0.0568*cos(2*pi*x_1) + 0.0232*cos(pi*x_2) + 0.0269*cos(2*pi*x_2) - 0.00876*cos(pi*x_3) + 0.00998*cos(2*pi*x_3) + 0.0355*cos(pi*x_4) - 0.0195*cos(2*pi*x_4) + 0.0888*cos(pi*x_6) - 0.0434*cos(2*pi*x_6) - 0.0324*cos(pi*x_7) + 0.000326*cos(2*pi*x_7) + 0.0336*cos(pi*x_8) - 0.00447*cos(2*pi*x_8) + 0.112318)
h_2 = -tanh(-0.277*sin(pi*x_1) + 0.0696*sin(2*pi*x_1) - 0.0203*sin(pi*x_2) + 0.0104*sin(2*pi*x_2) + 0.156*sin(pi*x_3) - 0.0495*sin(2*pi*x_3) - 0.0375*sin(pi*x_4) - 0.0411*sin(2*pi*x_4) + 0.00724*sin(pi*x_6) + 0.00514*sin(2*pi*x_6) - 0.0396*sin(pi*x_7) + 0.0136*sin(2*pi*x_7) - 0.0454*sin(pi*x_8) + 0.0347*sin(2*pi*x_8) + 0.0369*cos(pi*x_1) + 0.00624*cos(2*pi*x_1) + 0.122*cos(pi*x_2) - 0.0147*cos(2*pi*x_2) + 0.0288*cos(pi*x_3) - 0.0137*cos(2*pi*x_3) + 0.0737*cos(pi*x_4) - 0.0261*cos(2*pi*x_4) + 0.00353*cos(pi*x_6) - 0.0267*cos(2*pi*x_6) - 0.0446*cos(pi*x_7) + 0.0193*cos(2*pi*x_7) + 0.0204*cos(pi*x_8) - 0.0232*cos(2*pi*x_8) - 0.3391)
h_3 = tanh(0.146*sin(pi*x_1) + 0.0377*sin(2*pi*x_1) + 0.322*sin(pi*x_2) - 0.0387*sin(2*pi*x_2) - 0.0426*sin(pi*x_3) + 0.0215*sin(2*pi*x_3) - 0.0973*sin(pi*x_4) + 0.0258*sin(2*pi*x_4) + 0.141*sin(pi*x_6) - 0.0712*sin(2*pi*x_6) - 0.0853*sin(pi*x_7) + 0.00597*sin(2*pi*x_7) + 0.0229*sin(pi*x_8) - 0.015*sin(2*pi*x_8) - 0.0785*cos(pi*x_1) + 0.0687*cos(2*pi*x_1) - 0.0899*cos(pi*x_2) + 0.0759*cos(2*pi*x_2) - 0.0568*cos(pi*x_3) + 0.0422*cos(2*pi*x_3) - 0.0173*cos(pi*x_4) - 0.00604*cos(2*pi*x_4) + 0.132*cos(pi*x_6) - 0.0219*cos(2*pi*x_6) + 0.019*cos(pi*x_7) - 0.0154*cos(2*pi*x_7) + 0.0373*cos(pi*x_8) + 0.0207*cos(2*pi*x_8) - 0.5242)
y = -0.614*sin(pi*h_1) + 0.0271*sin(2*pi*h_1) + 0.255*sin(pi*h_2) + 0.466*sin(2*pi*h_2) - 0.404*sin(pi*h_3) - 0.236*sin(2*pi*h_3) + 0.174*cos(pi*h_1) + 0.192*cos(2*pi*h_1) - 0.0866*cos(pi*h_2) - 0.404*cos(2*pi*h_2) - 0.656*cos(pi*h_3) - 0.14*cos(2*pi*h_3) - 1.0976851336956",tahini,PLS scores,1 hidden layer,external,fourier 1 hidden layer
rbf,4.0,0.0001,0.05,42,0.9826650649566201,168,7,0.9999995167935548,19.0,"h_1 = tanh(0.135*exp(-(2.0*x_7 + 2.0)**2) + 0.0531*exp(-(2.0*x_7 + 1.0)**2) - 0.0795*exp(-(2.0*x_7 - 1.0)**2) - 0.0773*exp(-(2.0*x_7 - 2.0)**2) + 0.0649*exp(-(2.0*x_6 + 2.0)**2) + 0.0507*exp(-(2.0*x_6 + 1.0)**2) + 0.0598*exp(-(2.0*x_6 - 1.0)**2) + 0.0116*exp(-(2.0*x_6 - 2.0)**2) - 0.198*exp(-(2.0*x_5 + 2.0)**2) - 0.107*exp(-(2.0*x_5 + 1.0)**2) + 0.0403*exp(-(2.0*x_5 - 1.0)**2) + 0.263*exp(-(2.0*x_5 - 2.0)**2) + 0.106*exp(-(2.0*x_4 + 2.0)**2) + 0.0437*exp(-(2.0*x_4 + 1.0)**2) - 0.082*exp(-(2.0*x_4 - 1.0)**2) - 0.0835*exp(-(2.0*x_4 - 2.0)**2) + 0.337*exp(-(2.0*x_3 + 2.0)**2) - 0.0109*exp(-(2.0*x_3 + 1.0)**2) - 0.16*exp(-(2.0*x_3 - 1.0)**2) - 0.281*exp(-(2.0*x_3 - 2.0)**2) - 0.489*exp(-(2.0*x_2 + 2.0)**2) - 0.304*exp(-(2.0*x_2 + 1.0)**2) + 0.212*exp(-(2.0*x_2 - 1.0)**2) + 0.267*exp(-(2.0*x_2 - 2.0)**2) - 0.355*exp(-(2.0*x_1 + 2.0)**2) - 0.359*exp(-(2.0*x_1 + 1.0)**2) + 0.0299*exp(-(2.0*x_1 - 1.0)**2) + 0.545*exp(-(2.0*x_1 - 2.0)**2) + 0.00119*exp(-4.0*x_7**2) - 0.0196*exp(-4.0*x_6**2) + 0.0165*exp(-4.0*x_5**2) - 0.0395*exp(-4.0*x_4**2) + 0.00689*exp(-4.0*x_3**2) - 0.0324*exp(-4.0*x_2**2) + 0.128*exp(-4.0*x_1**2))
h_2 = tanh(0.155*exp(-(2.0*x_7 + 2.0)**2) + 0.0711*exp(-(2.0*x_7 + 1.0)**2) - 0.0749*exp(-(2.0*x_7 - 1.0)**2) - 0.064*exp(-(2.0*x_7 - 2.0)**2) - 0.0423*exp(-(2.0*x_6 + 2.0)**2) - 0.000747*exp(-(2.0*x_6 + 1.0)**2) + 0.0266*exp(-(2.0*x_6 - 1.0)**2) + 0.0855*exp(-(2.0*x_6 - 2.0)**2) - 0.138*exp(-(2.0*x_5 + 2.0)**2) - 0.0474*exp(-(2.0*x_5 + 1.0)**2) - 0.00559*exp(-(2.0*x_5 - 1.0)**2) + 0.157*exp(-(2.0*x_5 - 2.0)**2) + 0.316*exp(-(2.0*x_4 + 2.0)**2) + 0.133*exp(-(2.0*x_4 + 1.0)**2) - 0.131*exp(-(2.0*x_4 - 1.0)**2) - 0.441*exp(-(2.0*x_4 - 2.0)**2) - 0.206*exp(-(2.0*x_3 + 2.0)**2) - 0.0873*exp(-(2.0*x_3 + 1.0)**2) + 0.0693*exp(-(2.0*x_3 - 1.0)**2) + 0.197*exp(-(2.0*x_3 - 2.0)**2) - 0.615*exp(-(2.0*x_2 + 2.0)**2) - 0.266*exp(-(2.0*x_2 + 1.0)**2) + 0.227*exp(-(2.0*x_2 - 1.0)**2) + 0.697*exp(-(2.0*x_2 - 2.0)**2) + 0.437*exp(-(2.0*x_1 + 2.0)**2) + 0.0298*exp(-(2.0*x_1 + 1.0)**2) - 0.22*exp(-(2.0*x_1 - 1.0)**2) - 0.467*exp(-(2.0*x_1 - 2.0)**2) + 0.0049*exp(-4.0*x_7**2) + 0.0541*exp(-4.0*x_6**2) + 0.0189*exp(-4.0*x_5**2) - 0.109*exp(-4.0*x_4**2) + 0.00296*exp(-4.0*x_3**2) + 0.0376*exp(-4.0*x_2**2) + 0.0224*exp(-4.0*x_1**2))
h_3 = tanh(-0.0018*exp(-(2.0*x_7 + 2.0)**2) + 0.0142*exp(-(2.0*x_7 + 1.0)**2) + 0.0659*exp(-(2.0*x_7 - 1.0)**2) + 0.0247*exp(-(2.0*x_7 - 2.0)**2) + 0.0294*exp(-(2.0*x_6 + 2.0)**2) + 0.0242*exp(-(2.0*x_6 + 1.0)**2) + 0.135*exp(-(2.0*x_6 - 1.0)**2) - 0.00284*exp(-(2.0*x_6 - 2.0)**2) - 0.00267*exp(-(2.0*x_5 + 2.0)**2) + 0.0258*exp(-(2.0*x_5 + 1.0)**2) + 0.0709*exp(-(2.0*x_5 - 1.0)**2) + 0.0786*exp(-(2.0*x_5 - 2.0)**2) - 0.000885*exp(-(2.0*x_4 + 2.0)**2) - 0.059*exp(-(2.0*x_4 + 1.0)**2) + 0.068*exp(-(2.0*x_4 - 1.0)**2) + 0.144*exp(-(2.0*x_4 - 2.0)**2) + 0.407*exp(-(2.0*x_3 + 2.0)**2) + 0.324*exp(-(2.0*x_3 + 1.0)**2) + 0.00281*exp(-(2.0*x_3 - 1.0)**2) - 0.281*exp(-(2.0*x_3 - 2.0)**2) + 0.0197*exp(-(2.0*x_2 + 2.0)**2) + 0.163*exp(-(2.0*x_2 + 1.0)**2) - 0.639*exp(-(2.0*x_1 + 2.0)**2) - 0.00115*exp(-(2.0*x_1 + 1.0)**2) + 0.366*exp(-(2.0*x_1 - 1.0)**2) + 0.634*exp(-(2.0*x_1 - 2.0)**2) + 0.0442*exp(-4.0*x_7**2) + 0.00932*exp(-4.0*x_6**2) - 0.0046*exp(-4.0*x_5**2) + 0.0342*exp(-4.0*x_4**2) + 0.0379*exp(-4.0*x_3**2) - 0.0754*exp(-4.0*x_2**2) - 0.0192*exp(-4.0*x_1**2))
y = -0.538128077983856 - 0.475*exp(-(2.0*h_3 + 2.0)**2) - 0.36*exp(-(2.0*h_3 + 1.0)**2) - 0.134*exp(-(2.0*h_3 - 1.0)**2) - 0.135*exp(-(2.0*h_3 - 2.0)**2) + 1.28*exp(-(2.0*h_2 + 2.0)**2) + 0.616*exp(-(2.0*h_2 + 1.0)**2) - 0.398*exp(-(2.0*h_2 - 1.0)**2) - 0.678*exp(-(2.0*h_2 - 2.0)**2) - 0.544*exp(-(2.0*h_1 + 2.0)**2) - 0.0614*exp(-(2.0*h_1 + 1.0)**2) - 0.459*exp(-(2.0*h_1 - 1.0)**2) - 0.695*exp(-(2.0*h_1 - 2.0)**2) - 0.155*exp(-4.0*h_3**2) + 0.112*exp(-4.0*h_2**2) + 0.38*exp(-4.0*h_1**2)",tahini,PLS scores,1 hidden layer,external,rbf 1 hidden layer
rbf,4.0,0.0001,0.05,7,0.9879871401673668,168,7,0.9999996434892777,19.0,"h_1 = tanh(-0.069*exp(-(2.0*x_7 + 2.0)**2) + 0.0233*exp(-(2.0*x_7 + 1.0)**2) + 0.00212*exp(-(2.0*x_7 - 1.0)**2) + 0.00146*exp(-(2.0*x_7 - 2.0)**2) + 0.148*exp(-(2.0*x_6 + 2.0)**2) - 0.0562*exp(-(2.0*x_6 + 1.0)**2) + 0.113*exp(-(2.0*x_6 - 1.0)**2) - 0.0163*exp(-(2.0*x_6 - 2.0)**2) - 0.172*exp(-(2.0*x_5 + 2.0)**2) - 0.00816*exp(-(2.0*x_5 + 1.0)**2) + 0.081*exp(-(2.0*x_5 - 1.0)**2) + 0.167*exp(-(2.0*x_5 - 2.0)**2) + 0.0925*exp(-(2.0*x_4 + 2.0)**2) - 0.109*exp(-(2.0*x_4 + 1.0)**2) - 0.0141*exp(-(2.0*x_4 - 1.0)**2) + 0.0806*exp(-(2.0*x_4 - 2.0)**2) + 0.542*exp(-(2.0*x_3 + 2.0)**2) + 0.135*exp(-(2.0*x_3 + 1.0)**2) - 0.167*exp(-(2.0*x_3 - 1.0)**2) - 0.491*exp(-(2.0*x_3 - 2.0)**2) + 0.0482*exp(-(2.0*x_2 + 1.0)**2) + 0.14*exp(-(2.0*x_2 - 1.0)**2) + 0.162*exp(-(2.0*x_2 - 2.0)**2) - 0.446*exp(-(2.0*x_1 + 2.0)**2) - 0.361*exp(-(2.0*x_1 + 1.0)**2) + 0.38*exp(-(2.0*x_1 - 1.0)**2) + 0.75*exp(-(2.0*x_1 - 2.0)**2) + 0.00851*exp(-4.0*x_7**2) - 0.025*exp(-4.0*x_6**2) + 0.00875*exp(-4.0*x_5**2) - 0.00726*exp(-4.0*x_4**2) - 0.001*exp(-4.0*x_3**2) - 0.0408*exp(-4.0*x_2**2) - 0.0704*exp(-4.0*x_1**2))
h_2 = -tanh(0.141*exp(-(2.0*x_7 + 2.0)**2) + 0.0259*exp(-(2.0*x_7 + 1.0)**2) - 0.0814*exp(-(2.0*x_7 - 1.0)**2) - 0.0706*exp(-(2.0*x_7 - 2.0)**2) - 0.0779*exp(-(2.0*x_6 + 2.0)**2) + 0.109*exp(-(2.0*x_6 + 1.0)**2) + 0.0851*exp(-(2.0*x_6 - 1.0)**2) - 0.00236*exp(-(2.0*x_6 - 2.0)**2) - 0.0286*exp(-(2.0*x_5 + 2.0)**2) - 0.0781*exp(-(2.0*x_5 + 1.0)**2) + 0.127*exp(-(2.0*x_5 - 2.0)**2) + 0.315*exp(-(2.0*x_4 + 2.0)**2) + 0.0976*exp(-(2.0*x_4 + 1.0)**2) - 0.168*exp(-(2.0*x_4 - 1.0)**2) - 0.256*exp(-(2.0*x_4 - 2.0)**2) - 0.269*exp(-(2.0*x_3 + 2.0)**2) - 0.0473*exp(-(2.0*x_3 + 1.0)**2) + 0.0597*exp(-(2.0*x_3 - 1.0)**2) + 0.241*exp(-(2.0*x_3 - 2.0)**2) - 0.572*exp(-(2.0*x_2 + 2.0)**2) - 0.207*exp(-(2.0*x_2 + 1.0)**2) + 0.0911*exp(-(2.0*x_2 - 1.0)**2) + 0.452*exp(-(2.0*x_2 - 2.0)**2) + 0.54*exp(-(2.0*x_1 + 2.0)**2) + 0.00656*exp(-(2.0*x_1 + 1.0)**2) - 0.389*exp(-(2.0*x_1 - 1.0)**2) - 0.451*exp(-(2.0*x_1 - 2.0)**2) - 0.0184*exp(-4.0*x_7**2) + 0.0197*exp(-4.0*x_6**2) + 0.00098*exp(-4.0*x_5**2) + 0.00599*exp(-4.0*x_4**2) - 0.0197*exp(-4.0*x_3**2) + 0.0318*exp(-4.0*x_2**2) + 0.00445*exp(-4.0*x_1**2))
h_3 = tanh(-0.00903*exp(-(2.0*x_7 + 2.0)**2) - 0.0584*exp(-(2.0*x_7 + 1.0)**2) + 0.103*exp(-(2.0*x_7 - 1.0)**2) + 0.136*exp(-(2.0*x_7 - 2.0)**2) + 0.0962*exp(-(2.0*x_6 + 2.0)**2) + 0.08*exp(-(2.0*x_6 + 1.0)**2) + 0.0213*exp(-(2.0*x_6 - 1.0)**2) - 0.171*exp(-(2.0*x_6 - 2.0)**2) + 0.222*exp(-(2.0*x_5 + 2.0)**2) + 0.12*exp(-(2.0*x_5 + 1.0)**2) + 0.0206*exp(-(2.0*x_5 - 1.0)**2) - 0.12*exp(-(2.0*x_5 - 2.0)**2) - 0.182*exp(-(2.0*x_4 + 2.0)**2) - 0.165*exp(-(2.0*x_4 + 1.0)**2) + 0.0228*exp(-(2.0*x_4 - 1.0)**2) + 0.412*exp(-(2.0*x_4 - 2.0)**2) - 0.176*exp(-(2.0*x_3 + 2.0)**2) + 0.111*exp(-(2.0*x_3 + 1.0)**2) + 0.142*exp(-(2.0*x_3 - 1.0)**2) + 0.0486*exp(-(2.0*x_3 - 2.0)**2) + 0.663*exp(-(2.0*x_2 + 2.0)**2) + 0.504*exp(-(2.0*x_2 + 1.0)**2) - 0.298*exp(-(2.0*x_2 - 1.0)**2) - 0.595*exp(-(2.0*x_2 - 2.0)**2) - 0.243*exp(-(2.0*x_1 + 2.0)**2) + 0.381*exp(-(2.0*x_1 + 1.0)**2) + 0.00132*exp(-(2.0*x_1 - 1.0)**2) + 0.00901*exp(-4.0*x_7**2) - 0.0284*exp(-4.0*x_6**2) + 0.00376*exp(-4.0*x_5**2) + 0.16*exp(-4.0*x_4**2) + 0.00201*exp(-4.0*x_3**2) - 0.0233*exp(-4.0*x_2**2) - 0.0296*exp(-4.0*x_1**2))
y = -0.428123116493225 - 1.02*exp(-(2.0*h_3 + 2.0)**2) - 0.444*exp(-(2.0*h_3 + 1.0)**2) + 0.329*exp(-(2.0*h_3 - 1.0)**2) + 0.352*exp(-(2.0*h_3 - 2.0)**2) - 0.971*exp(-(2.0*h_2 + 2.0)**2) - 0.64*exp(-(2.0*h_2 + 1.0)**2) + 0.373*exp(-(2.0*h_2 - 1.0)**2) + 0.506*exp(-(2.0*h_2 - 2.0)**2) - 0.674*exp(-(2.0*h_1 + 2.0)**2) - 0.294*exp(-(2.0*h_1 + 1.0)**2) + 0.225*exp(-(2.0*h_1 - 1.0)**2) - 0.43*exp(-(2.0*h_1 - 2.0)**2) - 0.372*exp(-4.0*h_3**2) - 0.254*exp(-4.0*h_2**2) - 0.0267*exp(-4.0*h_1**2)",tahini,PLS scores,1 hidden layer,external,rbf 1 hidden layer
rbf,4.0,0.0001,0.05,2024,0.9816546207342589,168,7,0.9999997585234772,18.0,"h_1 = -tanh(0.103*exp(-(2.0*x_7 + 2.0)**2) + 0.0038*exp(-(2.0*x_7 + 1.0)**2) - 0.0341*exp(-(2.0*x_7 - 1.0)**2) - 0.00827*exp(-(2.0*x_7 - 2.0)**2) - 0.109*exp(-(2.0*x_6 + 2.0)**2) + 0.0601*exp(-(2.0*x_6 + 1.0)**2) + 0.0962*exp(-(2.0*x_6 - 1.0)**2) - 0.0891*exp(-(2.0*x_6 - 2.0)**2) - 0.0252*exp(-(2.0*x_5 + 2.0)**2) + 0.00119*exp(-(2.0*x_5 + 1.0)**2) - 0.0103*exp(-(2.0*x_5 - 1.0)**2) + 0.0703*exp(-(2.0*x_5 - 2.0)**2) + 0.252*exp(-(2.0*x_4 + 2.0)**2) + 0.111*exp(-(2.0*x_4 + 1.0)**2) - 0.114*exp(-(2.0*x_4 - 1.0)**2) - 0.351*exp(-(2.0*x_4 - 2.0)**2) - 0.357*exp(-(2.0*x_3 + 2.0)**2) - 0.153*exp(-(2.0*x_3 + 1.0)**2) + 0.073*exp(-(2.0*x_3 - 1.0)**2) + 0.307*exp(-(2.0*x_3 - 2.0)**2) - 0.34*exp(-(2.0*x_2 + 2.0)**2) - 0.23*exp(-(2.0*x_2 + 1.0)**2) + 0.219*exp(-(2.0*x_2 - 1.0)**2) + 0.276*exp(-(2.0*x_2 - 2.0)**2) + 0.793*exp(-(2.0*x_1 + 2.0)**2) + 0.129*exp(-(2.0*x_1 + 1.0)**2) - 0.226*exp(-(2.0*x_1 - 1.0)**2) - 0.699*exp(-(2.0*x_1 - 2.0)**2) + 0.0266*exp(-4.0*x_7**2) + 0.105*exp(-4.0*x_6**2) + 0.0292*exp(-4.0*x_5**2) + 0.0098*exp(-4.0*x_4**2) + 0.00344*exp(-4.0*x_3**2) - 0.0259*exp(-4.0*x_2**2) + 0.0147*exp(-4.0*x_1**2))
h_2 = tanh(0.0568*exp(-(2.0*x_7 + 2.0)**2) + 0.0572*exp(-(2.0*x_7 + 1.0)**2) - 0.00832*exp(-(2.0*x_7 - 1.0)**2) - 0.0408*exp(-(2.0*x_7 - 2.0)**2) + 0.0777*exp(-(2.0*x_6 + 2.0)**2) + 0.0322*exp(-(2.0*x_6 + 1.0)**2) + 0.0979*exp(-(2.0*x_6 - 1.0)**2) + 0.011*exp(-(2.0*x_6 - 2.0)**2) - 0.134*exp(-(2.0*x_5 + 2.0)**2) - 0.0616*exp(-(2.0*x_5 + 1.0)**2) + 0.0805*exp(-(2.0*x_5 - 1.0)**2) + 0.188*exp(-(2.0*x_5 - 2.0)**2) + 0.0846*exp(-(2.0*x_4 + 2.0)**2) - 0.0333*exp(-(2.0*x_4 - 1.0)**2) - 0.0771*exp(-(2.0*x_4 - 2.0)**2) + 0.333*exp(-(2.0*x_3 + 2.0)**2) + 0.0481*exp(-(2.0*x_3 + 1.0)**2) - 0.161*exp(-(2.0*x_3 - 1.0)**2) - 0.384*exp(-(2.0*x_3 - 2.0)**2) - 0.385*exp(-(2.0*x_2 + 2.0)**2) - 0.122*exp(-(2.0*x_2 + 1.0)**2) + 0.223*exp(-(2.0*x_2 - 1.0)**2) + 0.086*exp(-(2.0*x_2 - 2.0)**2) - 0.36*exp(-(2.0*x_1 + 2.0)**2) - 0.303*exp(-(2.0*x_1 + 1.0)**2) + 0.0613*exp(-(2.0*x_1 - 1.0)**2) + 0.616*exp(-(2.0*x_1 - 2.0)**2) + 0.0101*exp(-4.0*x_7**2) - 0.0447*exp(-4.0*x_6**2) + 0.00134*exp(-4.0*x_5**2) - 0.0267*exp(-4.0*x_4**2) - 0.0143*exp(-4.0*x_3**2) - 0.124*exp(-4.0*x_2**2) + 0.00999*exp(-4.0*x_1**2))
h_3 = -tanh(-0.0473*exp(-(2.0*x_7 + 2.0)**2) - 0.0831*exp(-(2.0*x_7 + 1.0)**2) + 0.0811*exp(-(2.0*x_7 - 1.0)**2) + 0.06*exp(-(2.0*x_7 - 2.0)**2) + 0.074*exp(-(2.0*x_6 + 2.0)**2) + 0.0152*exp(-(2.0*x_6 + 1.0)**2) - 0.00244*exp(-(2.0*x_6 - 1.0)**2) - 0.086*exp(-(2.0*x_6 - 2.0)**2) + 0.0233*exp(-(2.0*x_5 + 2.0)**2) + 0.068*exp(-(2.0*x_5 + 1.0)**2) + 0.0116*exp(-(2.0*x_5 - 1.0)**2) - 0.127*exp(-(2.0*x_5 - 2.0)**2) - 0.296*exp(-(2.0*x_4 + 2.0)**2) - 0.1*exp(-(2.0*x_4 + 1.0)**2) + 0.202*exp(-(2.0*x_4 - 1.0)**2) + 0.423*exp(-(2.0*x_4 - 2.0)**2) + 0.137*exp(-(2.0*x_3 + 2.0)**2) + 0.0545*exp(-(2.0*x_3 + 1.0)**2) - 0.0458*exp(-(2.0*x_3 - 1.0)**2) - 0.247*exp(-(2.0*x_3 - 2.0)**2) + 0.593*exp(-(2.0*x_2 + 2.0)**2) + 0.376*exp(-(2.0*x_2 + 1.0)**2) - 0.092*exp(-(2.0*x_2 - 1.0)**2) - 0.697*exp(-(2.0*x_2 - 2.0)**2) - 0.61*exp(-(2.0*x_1 + 2.0)**2) - 0.0188*exp(-(2.0*x_1 + 1.0)**2) + 0.27*exp(-(2.0*x_1 - 1.0)**2) + 0.493*exp(-(2.0*x_1 - 2.0)**2) - 0.00202*exp(-4.0*x_7**2) - 0.00915*exp(-4.0*x_6**2) - 0.0113*exp(-4.0*x_5**2) + 0.073*exp(-4.0*x_4**2) + 0.0871*exp(-4.0*x_3**2) - 0.0414*exp(-4.0*x_2**2) + 0.131*exp(-4.0*x_1**2))
y = -0.439434587955475 + 0.512*exp(-(2.0*h_3 + 2.0)**2) + 0.357*exp(-(2.0*h_3 + 1.0)**2) - 0.51*exp(-(2.0*h_3 - 1.0)**2) - 0.739*exp(-(2.0*h_3 - 2.0)**2) - 0.416*exp(-(2.0*h_2 + 2.0)**2) + 0.0422*exp(-(2.0*h_2 + 1.0)**2) - 0.554*exp(-(2.0*h_2 - 1.0)**2) - 0.751*exp(-(2.0*h_2 - 2.0)**2) - 0.459*exp(-(2.0*h_1 + 2.0)**2) - 0.413*exp(-(2.0*h_1 + 1.0)**2) + 0.362*exp(-(2.0*h_1 - 1.0)**2) + 0.226*exp(-(2.0*h_1 - 2.0)**2) + 0.319*exp(-4.0*h_2**2) - 0.467*exp(-4.0*h_1**2)",tahini,PLS scores,1 hidden layer,external,rbf 1 hidden layer
rbf,4.0,0.0001,0.05,100,0.9875843137620812,168,7,0.9999979082030017,19.0,"h_1 = -tanh(0.00376*exp(-(2.0*x_8 + 1.0)**2) - 0.0033*exp(-(2.0*x_8 - 1.0)**2) + 0.0718*exp(-(2.0*x_8 - 2.0)**2) + 0.00372*exp(-(2.0*x_7 + 2.0)**2) - 0.0417*exp(-(2.0*x_7 + 1.0)**2) + 0.00782*exp(-(2.0*x_7 - 1.0)**2) + 0.0159*exp(-(2.0*x_7 - 2.0)**2) - 0.0979*exp(-(2.0*x_5 + 2.0)**2) - 0.00215*exp(-(2.0*x_5 + 1.0)**2) + 0.0421*exp(-(2.0*x_5 - 1.0)**2) + 0.103*exp(-(2.0*x_5 - 2.0)**2) + 0.184*exp(-(2.0*x_4 + 2.0)**2) - 0.062*exp(-(2.0*x_4 + 1.0)**2) + 0.066*exp(-(2.0*x_4 - 1.0)**2) - 0.0481*exp(-(2.0*x_4 - 2.0)**2) + 0.234*exp(-(2.0*x_3 + 2.0)**2) + 0.139*exp(-(2.0*x_3 + 1.0)**2) - 0.0698*exp(-(2.0*x_3 - 1.0)**2) - 0.26*exp(-(2.0*x_3 - 2.0)**2) - 0.19*exp(-(2.0*x_2 + 2.0)**2) - 0.0403*exp(-(2.0*x_2 + 1.0)**2) + 0.0105*exp(-(2.0*x_2 - 1.0)**2) + 0.297*exp(-(2.0*x_2 - 2.0)**2) - 0.401*exp(-(2.0*x_1 + 2.0)**2) + 0.00387*exp(-(2.0*x_1 + 1.0)**2) + 0.254*exp(-(2.0*x_1 - 1.0)**2) + 0.481*exp(-(2.0*x_1 - 2.0)**2) + 0.0171*exp(-4.0*x_7**2) + 0.0129*exp(-4.0*x_5**2) + 0.00216*exp(-4.0*x_4**2) - 0.0172*exp(-4.0*x_3**2) - 0.232*exp(-4.0*x_2**2) - 0.0645*exp(-4.0*x_1**2))
h_2 = -tanh(0.0364*exp(-(2.0*x_8 + 2.0)**2) + 0.123*exp(-(2.0*x_8 + 1.0)**2) + 0.0503*exp(-(2.0*x_8 - 1.0)**2) - 0.0871*exp(-(2.0*x_8 - 2.0)**2) - 0.0746*exp(-(2.0*x_7 + 2.0)**2) - 0.106*exp(-(2.0*x_7 + 1.0)**2) + 0.0744*exp(-(2.0*x_7 - 1.0)**2) + 0.0643*exp(-(2.0*x_7 - 2.0)**2) + 0.285*exp(-(2.0*x_5 + 2.0)**2) + 0.121*exp(-(2.0*x_5 + 1.0)**2) - 0.0505*exp(-(2.0*x_5 - 1.0)**2) - 0.216*exp(-(2.0*x_5 - 2.0)**2) - 0.048*exp(-(2.0*x_4 + 2.0)**2) - 0.0653*exp(-(2.0*x_4 + 1.0)**2) + 0.144*exp(-(2.0*x_4 - 1.0)**2) + 0.124*exp(-(2.0*x_4 - 2.0)**2) - 0.26*exp(-(2.0*x_3 + 2.0)**2) + 0.0299*exp(-(2.0*x_3 + 1.0)**2) + 0.215*exp(-(2.0*x_3 - 1.0)**2) + 0.261*exp(-(2.0*x_3 - 2.0)**2) + 0.602*exp(-(2.0*x_2 + 2.0)**2) + 0.227*exp(-(2.0*x_2 + 1.0)**2) - 0.0665*exp(-(2.0*x_2 - 1.0)**2) - 0.302*exp(-(2.0*x_2 - 2.0)**2) + 0.497*exp(-(2.0*x_1 + 2.0)**2) + 0.269*exp(-(2.0*x_1 + 1.0)**2) - 0.0466*exp(-(2.0*x_1 - 1.0)**2) - 0.398*exp(-(2.0*x_1 - 2.0)**2) - 0.0154*exp(-4.0*x_8**2) + 0.012*exp(-4.0*x_7**2) + 0.0174*exp(-4.0*x_5**2) + 0.0452*exp(-4.0*x_4**2) + 0.0241*exp(-4.0*x_3**2) - 0.0437*exp(-4.0*x_2**2) - 0.105*exp(-4.0*x_1**2))
h_3 = tanh(0.00747*exp(-(2.0*x_8 + 2.0)**2) - 0.0169*exp(-(2.0*x_8 + 1.0)**2) - 0.00384*exp(-(2.0*x_8 - 1.0)**2) + 0.087*exp(-(2.0*x_8 - 2.0)**2) + 0.204*exp(-(2.0*x_7 + 2.0)**2) + 0.103*exp(-(2.0*x_7 + 1.0)**2) - 0.0799*exp(-(2.0*x_7 - 1.0)**2) + 0.00307*exp(-(2.0*x_7 - 2.0)**2) - 0.0778*exp(-(2.0*x_5 + 2.0)**2) - 0.0865*exp(-(2.0*x_5 + 1.0)**2) + 0.00714*exp(-(2.0*x_5 - 1.0)**2) + 0.163*exp(-(2.0*x_5 - 2.0)**2) + 0.242*exp(-(2.0*x_4 + 2.0)**2) + 0.156*exp(-(2.0*x_4 + 1.0)**2) - 0.116*exp(-(2.0*x_4 - 1.0)**2) - 0.398*exp(-(2.0*x_4 - 2.0)**2) - 0.13*exp(-(2.0*x_3 + 2.0)**2) - 0.103*exp(-(2.0*x_3 + 1.0)**2) + 0.0109*exp(-(2.0*x_3 - 1.0)**2) + 0.186*exp(-(2.0*x_3 - 2.0)**2) - 0.655*exp(-(2.0*x_2 + 2.0)**2) - 0.199*exp(-(2.0*x_2 + 1.0)**2) + 0.336*exp(-(2.0*x_2 - 1.0)**2) + 0.615*exp(-(2.0*x_2 - 2.0)**2) + 0.415*exp(-(2.0*x_1 + 2.0)**2) + 0.0124*exp(-(2.0*x_1 + 1.0)**2) - 0.258*exp(-(2.0*x_1 - 1.0)**2) - 0.447*exp(-(2.0*x_1 - 2.0)**2) + 0.0653*exp(-4.0*x_8**2) + 0.0504*exp(-4.0*x_7**2) + 0.0165*exp(-4.0*x_5**2) - 0.0903*exp(-4.0*x_4**2) + 0.0049*exp(-4.0*x_3**2) + 0.054*exp(-4.0*x_2**2) + 0.0115*exp(-4.0*x_1**2))
y = -0.418793112039566 + 1.03*exp(-(2.0*h_3 + 2.0)**2) + 0.571*exp(-(2.0*h_3 + 1.0)**2) - 0.507*exp(-(2.0*h_3 - 1.0)**2) - 0.736*exp(-(2.0*h_3 - 2.0)**2) - 0.563*exp(-(2.0*h_2 + 2.0)**2) + 0.0779*exp(-(2.0*h_2 + 1.0)**2) - 0.386*exp(-(2.0*h_2 - 1.0)**2) - 0.439*exp(-(2.0*h_2 - 2.0)**2) - 0.399*exp(-(2.0*h_1 + 2.0)**2) - 0.241*exp(-(2.0*h_1 + 1.0)**2) - 0.129*exp(-(2.0*h_1 - 1.0)**2) - 0.664*exp(-(2.0*h_1 - 2.0)**2) - 0.109*exp(-4.0*h_3**2) + 0.241*exp(-4.0*h_2**2) + 0.327*exp(-4.0*h_1**2)",tahini,PLS scores,1 hidden layer,external,rbf 1 hidden layer
rbf,4.0,0.0001,0.05,13,0.9727035266242392,168,7,0.9999988400916715,19.0,"h_1 = -tanh(0.115*exp(-(2.0*x_7 + 2.0)**2) + 0.0189*exp(-(2.0*x_7 + 1.0)**2) - 0.0548*exp(-(2.0*x_7 - 1.0)**2) - 0.0329*exp(-(2.0*x_7 - 2.0)**2) - 0.119*exp(-(2.0*x_6 + 2.0)**2) + 0.0611*exp(-(2.0*x_6 + 1.0)**2) + 0.0422*exp(-(2.0*x_6 - 1.0)**2) + 0.00976*exp(-(2.0*x_6 - 2.0)**2) - 0.00165*exp(-(2.0*x_5 + 2.0)**2) - 0.025*exp(-(2.0*x_5 + 1.0)**2) + 0.00233*exp(-(2.0*x_5 - 1.0)**2) + 0.0781*exp(-(2.0*x_5 - 2.0)**2) + 0.224*exp(-(2.0*x_4 + 2.0)**2) + 0.0824*exp(-(2.0*x_4 + 1.0)**2) - 0.116*exp(-(2.0*x_4 - 1.0)**2) - 0.223*exp(-(2.0*x_4 - 2.0)**2) - 0.415*exp(-(2.0*x_3 + 2.0)**2) - 0.107*exp(-(2.0*x_3 + 1.0)**2) + 0.0398*exp(-(2.0*x_3 - 1.0)**2) + 0.217*exp(-(2.0*x_3 - 2.0)**2) - 0.311*exp(-(2.0*x_2 + 2.0)**2) - 0.165*exp(-(2.0*x_2 + 1.0)**2) + 0.0429*exp(-(2.0*x_2 - 1.0)**2) + 0.384*exp(-(2.0*x_2 - 2.0)**2) + 0.473*exp(-(2.0*x_1 + 2.0)**2) + 0.016*exp(-(2.0*x_1 + 1.0)**2) - 0.424*exp(-(2.0*x_1 - 1.0)**2) - 0.434*exp(-(2.0*x_1 - 2.0)**2) + 0.00136*exp(-4.0*x_7**2) - 0.00645*exp(-4.0*x_6**2) + 0.0192*exp(-4.0*x_5**2) - 0.0252*exp(-4.0*x_4**2) + 0.00311*exp(-4.0*x_3**2) + 0.0778*exp(-4.0*x_2**2) + 0.149*exp(-4.0*x_1**2))
h_2 = tanh(-0.0999*exp(-(2.0*x_7 + 2.0)**2) - 0.032*exp(-(2.0*x_7 + 1.0)**2) + 0.0934*exp(-(2.0*x_7 - 1.0)**2) + 0.116*exp(-(2.0*x_7 - 2.0)**2) + 0.115*exp(-(2.0*x_6 + 2.0)**2) + 0.0168*exp(-(2.0*x_6 + 1.0)**2) - 0.00569*exp(-(2.0*x_6 - 1.0)**2) - 0.106*exp(-(2.0*x_6 - 2.0)**2) + 0.136*exp(-(2.0*x_5 + 2.0)**2) + 0.103*exp(-(2.0*x_5 + 1.0)**2) + 0.00535*exp(-(2.0*x_5 - 1.0)**2) - 0.138*exp(-(2.0*x_5 - 2.0)**2) - 0.245*exp(-(2.0*x_4 + 2.0)**2) - 0.12*exp(-(2.0*x_4 + 1.0)**2) + 0.0944*exp(-(2.0*x_4 - 1.0)**2) + 0.318*exp(-(2.0*x_4 - 2.0)**2) - 0.0178*exp(-(2.0*x_3 + 2.0)**2) + 0.0917*exp(-(2.0*x_3 + 1.0)**2) + 0.0691*exp(-(2.0*x_3 - 1.0)**2) - 0.0087*exp(-(2.0*x_3 - 2.0)**2) + 0.539*exp(-(2.0*x_2 + 2.0)**2) + 0.299*exp(-(2.0*x_2 + 1.0)**2) - 0.252*exp(-(2.0*x_2 - 1.0)**2) - 0.651*exp(-(2.0*x_2 - 2.0)**2) - 0.255*exp(-(2.0*x_1 + 2.0)**2) + 0.164*exp(-(2.0*x_1 + 1.0)**2) + 0.0156*exp(-(2.0*x_1 - 1.0)**2) + 0.149*exp(-(2.0*x_1 - 2.0)**2) + 0.0193*exp(-4.0*x_7**2) - 0.0118*exp(-4.0*x_6**2) - 0.00075*exp(-4.0*x_5**2) + 0.081*exp(-4.0*x_4**2) + 0.044*exp(-4.0*x_3**2) - 0.0619*exp(-4.0*x_2**2) + 0.0317*exp(-4.0*x_1**2))
h_3 = tanh(-0.043*exp(-(2.0*x_7 + 2.0)**2) - 0.033*exp(-(2.0*x_7 + 1.0)**2) + 0.0394*exp(-(2.0*x_7 - 1.0)**2) + 0.0534*exp(-(2.0*x_7 - 2.0)**2) - 0.0277*exp(-(2.0*x_6 + 2.0)**2) - 0.0329*exp(-(2.0*x_6 + 1.0)**2) - 0.0825*exp(-(2.0*x_6 - 1.0)**2) + 0.0268*exp(-(2.0*x_6 - 2.0)**2) + 0.148*exp(-(2.0*x_5 + 2.0)**2) + 0.0783*exp(-(2.0*x_5 + 1.0)**2) - 0.0466*exp(-(2.0*x_5 - 1.0)**2) - 0.217*exp(-(2.0*x_5 - 2.0)**2) - 0.169*exp(-(2.0*x_4 + 2.0)**2) - 0.00301*exp(-(2.0*x_4 + 1.0)**2) + 0.0361*exp(-(2.0*x_4 - 1.0)**2) + 0.00781*exp(-(2.0*x_4 - 2.0)**2) - 0.373*exp(-(2.0*x_3 + 2.0)**2) - 0.0306*exp(-(2.0*x_3 + 1.0)**2) + 0.164*exp(-(2.0*x_3 - 1.0)**2) + 0.345*exp(-(2.0*x_3 - 2.0)**2) + 0.34*exp(-(2.0*x_2 + 2.0)**2) + 0.139*exp(-(2.0*x_2 + 1.0)**2) - 0.234*exp(-(2.0*x_2 - 1.0)**2) - 0.167*exp(-(2.0*x_2 - 2.0)**2) + 0.39*exp(-(2.0*x_1 + 2.0)**2) + 0.353*exp(-(2.0*x_1 + 1.0)**2) - 0.0989*exp(-(2.0*x_1 - 1.0)**2) - 0.599*exp(-(2.0*x_1 - 2.0)**2) + 0.00178*exp(-4.0*x_7**2) + 0.0462*exp(-4.0*x_6**2) + 0.00164*exp(-4.0*x_5**2) + 0.000993*exp(-4.0*x_4**2) + 0.003*exp(-4.0*x_3**2) + 0.0511*exp(-4.0*x_2**2) - 0.0545*exp(-4.0*x_1**2))
y = -0.440707981586456 - 0.641*exp(-(2.0*h_3 + 2.0)**2) - 0.205*exp(-(2.0*h_3 + 1.0)**2) - 0.159*exp(-(2.0*h_3 - 1.0)**2) - 0.746*exp(-(2.0*h_3 - 2.0)**2) - 1.01*exp(-(2.0*h_2 + 2.0)**2) - 0.539*exp(-(2.0*h_2 + 1.0)**2) + 0.37*exp(-(2.0*h_2 - 1.0)**2) + 0.367*exp(-(2.0*h_2 - 2.0)**2) - 0.553*exp(-(2.0*h_1 + 2.0)**2) - 0.491*exp(-(2.0*h_1 + 1.0)**2) + 0.388*exp(-(2.0*h_1 - 1.0)**2) + 0.0726*exp(-(2.0*h_1 - 2.0)**2) + 0.47*exp(-4.0*h_3**2) - 0.284*exp(-4.0*h_2**2) - 0.184*exp(-4.0*h_1**2)",tahini,PLS scores,1 hidden layer,external,rbf 1 hidden layer
poly,4.0,0.0001,0.05,42,0.9860731432085333,168,7,0.9999976919195506,16.0,"h_1 = -tanh(-0.0175*x_1**4 + 0.329*x_1**3 + 0.085*x_1**2 + 0.759*x_1 - 0.0514*x_2**4 + 0.185*x_2**3 + 0.509*x_2**2 + 0.491*x_2 - 0.122*x_3**4 - 0.0503*x_3**3 + 0.00212*x_3**2 - 0.477*x_3 - 0.14*x_4**4 + 0.0203*x_4**2 - 0.126*x_4 + 0.00267*x_5**4 + 0.0128*x_5**3 + 0.0848*x_5**2 + 0.293*x_5 - 0.211*x_6**4 - 0.224*x_6**3 + 0.353*x_6**2 + 0.141*x_6 + 0.00348*x_7**4 + 0.0496*x_7**3 - 0.0054*x_7**2 - 0.00878*x_7 - 0.36133)
h_2 = tanh(-0.197*x_1**4 + 0.0357*x_1**3 - 0.0954*x_1**2 + 0.677*x_1 - 0.382*x_2**4 + 0.304*x_2**3 - 0.142*x_2**2 + 0.968*x_2 - 0.00113*x_3**4 - 0.127*x_3**3 + 0.0275*x_3**2 - 0.498*x_3 + 0.00197*x_4**4 + 0.041*x_4**3 + 0.32*x_4**2 - 0.332*x_4 - 0.00305*x_5**4 - 0.00127*x_5**3 + 0.00769*x_5**2 + 0.387*x_5 - 0.00277*x_6**4 + 0.274*x_6**3 - 0.00126*x_6**2 - 0.0576*x_6 + 0.0386*x_7**4 + 0.0988*x_7**3 + 0.00363*x_7**2 - 0.428*x_7 + 0.23882)
h_3 = tanh(-0.245*x_1**4 - 0.305*x_1**3 - 0.00491*x_1**2 - 0.718*x_1 - 0.301*x_2**4 + 0.324*x_2**3 + 0.00356*x_2**2 + 0.959*x_2 + 0.0208*x_3**4 - 0.0338*x_3**3 + 0.0294*x_3**2 + 0.369*x_3 - 0.0502*x_4**4 + 0.0656*x_4**3 + 0.0588*x_4**2 - 0.608*x_4 - 0.00431*x_5**4 + 0.071*x_5**3 - 0.0145*x_5**2 + 0.0893*x_5 + 0.0618*x_6**4 + 0.179*x_6**3 - 0.257*x_6**2 + 0.0285*x_6 + 0.0221*x_7**4 + 0.0494*x_7**3 + 0.0185*x_7**2 - 0.236*x_7 + 1.0002)
y = -0.41*h_1**4 - 0.478*h_1**3 - 0.282*h_1**2 + 0.403*h_1 - 0.53*h_2**4 - 0.442*h_2**3 - 0.256*h_2**2 + 0.317*h_2 - 0.569*h_3**4 - 0.584*h_3**3 - 0.638*h_3**2 - 0.593*h_3 + 0.804065048456192",tahini,PLS scores,1 hidden layer,external,poly 1 hidden layer
poly,4.0,0.0001,0.05,7,0.9896402659630715,168,7,0.9999983950180873,16.0,"h_1 = tanh(0.0527*x_1**4 - 0.442*x_1**3 - 0.164*x_1**2 - 0.918*x_1 + 0.135*x_2**3 - 0.0565*x_2**2 + 0.178*x_2 + 0.0736*x_3**4 + 0.0666*x_3**3 + 0.466*x_3 + 0.00655*x_4**4 + 0.00351*x_4**3 + 0.0306*x_4**2 - 0.0276*x_4 + 0.00342*x_5**4 + 0.00281*x_5**3 - 0.0525*x_5**2 - 0.157*x_5 + 0.0757*x_6**3 - 0.382*x_6**2 - 0.129*x_6 + 0.00922*x_7**4 - 0.00473*x_7**3 + 0.0428*x_7**2 - 0.141*x_7 + 0.47182)
h_2 = tanh(-0.0574*x_1**4 - 0.138*x_1**3 - 0.0376*x_1**2 - 0.608*x_1 - 0.275*x_2**4 + 0.166*x_2**3 + 0.0631*x_2**2 + 0.819*x_2 + 0.00338*x_3**4 - 0.0334*x_3**3 + 0.016*x_3**2 + 0.35*x_3 - 0.143*x_4**4 - 0.00709*x_4**3 + 0.0648*x_4**2 - 0.6*x_4 + 0.00226*x_5**4 + 0.073*x_5**3 - 0.0014*x_5**2 + 0.0936*x_5 + 0.00156*x_6**3 - 0.0786*x_6**2 + 0.115*x_6 + 0.00173*x_7**4 + 0.0574*x_7**3 - 0.129*x_7 + 0.8767)
h_3 = tanh(0.0985*x_1**4 + 0.0892*x_1**3 + 0.0429*x_1**2 - 0.543*x_1 + 0.285*x_2**4 - 0.306*x_2**3 + 0.0948*x_2**2 - 1.1*x_2 - 0.0139*x_3**4 + 0.049*x_3**3 - 0.0124*x_3**2 + 0.456*x_3 + 0.0709*x_4**4 - 0.127*x_4**3 - 0.217*x_4**2 + 0.32*x_4 - 0.00269*x_5**4 - 0.00514*x_5**3 - 0.38*x_5 + 0.00164*x_6**4 - 0.139*x_6**3 + 0.0044*x_6**2 + 0.0546*x_6 - 0.0803*x_7**4 - 0.0291*x_7**3 + 0.00282*x_7**2 + 0.385*x_7 - 0.2394)
y = -0.301*h_1**4 - 0.339*h_1**3 - 0.499*h_1**2 - 0.192*h_1 - 0.481*h_2**4 - 0.545*h_2**3 - 0.606*h_2**2 - 0.442*h_2 - 0.662*h_3**4 + 0.637*h_3**3 - 0.539*h_3**2 - 0.00208*h_3 + 0.848834456920624",tahini,PLS scores,1 hidden layer,external,poly 1 hidden layer
poly,4.0,0.0001,0.05,2024,0.9808470400118534,168,7,0.9999986806883192,16.0,"h_1 = tanh(0.00118*x_1**4 - 0.112*x_1**3 - 0.105*x_1**2 - 0.606*x_1 - 0.233*x_2**4 + 0.0457*x_2**3 - 0.00205*x_2**2 + 1.01*x_2 + 0.00252*x_3**4 - 0.0339*x_3**3 + 0.052*x_3**2 + 0.254*x_3 - 0.23*x_4**4 + 0.06*x_4**3 + 0.0877*x_4**2 - 0.585*x_4 + 0.107*x_5**3 + 0.018*x_5**2 + 0.175*x_5 + 0.414*x_6**4 + 0.117*x_6**3 + 0.0119*x_6**2 + 0.0234*x_6 + 0.00353*x_7**4 + 0.0725*x_7**3 - 0.253*x_7 + 0.6942)
h_2 = tanh(0.113*x_1**4 - 0.31*x_1**3 - 0.0249*x_1**2 - 0.704*x_1 + 0.00224*x_2**4 + 0.00378*x_2**3 + 0.0591*x_2**2 + 0.231*x_2 + 0.0459*x_3**4 + 0.0451*x_3**3 - 0.0075*x_3**2 + 0.495*x_3 + 0.0639*x_4**4 - 0.0248*x_4**3 - 0.207*x_4 + 0.00466*x_5**4 + 0.0065*x_5**3 - 0.12*x_5**2 - 0.127*x_5 + 0.0187*x_6**4 + 0.214*x_6**3 - 0.532*x_6**2 + 0.0182*x_6 - 0.0061*x_7**4 - 0.00433*x_7**3 - 0.0178*x_7**2 + 0.0286*x_7 - 0.7697)
h_3 = tanh(0.0115*x_1**2 - 0.851*x_1 + 0.0843*x_2**4 - 0.306*x_2**3 + 0.0207*x_2**2 - 0.984*x_2 + 0.00903*x_3**4 + 0.0437*x_3**3 - 0.0212*x_3**2 + 0.521*x_3 + 0.0187*x_4**4 - 0.00605*x_4**3 - 0.28*x_4**2 + 0.338*x_4 + 0.00889*x_5**4 + 0.0101*x_5**3 + 0.0416*x_5**2 - 0.437*x_5 - 0.294*x_6**3 + 0.0386*x_6**2 + 0.0145*x_6 - 0.0776*x_7**4 - 0.077*x_7**3 + 0.0803*x_7**2 + 0.273*x_7 - 0.11579)
y = -0.532*h_1**4 - 0.522*h_1**3 - 0.613*h_1**2 - 0.439*h_1 + 0.345*h_2**4 - 0.369*h_2**3 + 0.311*h_2**2 - 0.304*h_2 - 0.446*h_3**4 + 0.446*h_3**3 - 0.637*h_3**2 - 0.0298*h_3 - 0.196225901782513",tahini,PLS scores,1 hidden layer,external,poly 1 hidden layer
poly,4.0,0.0001,0.05,100,0.9748898138635447,168,7,0.9999932243960794,16.0,"h_1 = tanh(-0.234*x_1**4 - 0.0656*x_1**3 + 0.283*x_1 - 0.432*x_2**4 + 0.436*x_2**3 - 0.0173*x_2**2 + 1.08*x_2 + 0.0349*x_3**4 - 0.0166*x_3**3 + 0.0192*x_3**2 - 0.331*x_3 - 0.0598*x_4**4 + 0.138*x_4**3 + 0.273*x_4**2 - 0.43*x_4 + 0.0151*x_5**3 - 0.00136*x_5**2 + 0.301*x_5 + 0.122*x_6**4 + 0.372*x_6**3 - 0.183*x_6**2 - 0.00276*x_6 + 0.078*x_7**4 + 0.117*x_7**3 - 0.00239*x_7**2 - 0.448*x_7 + 0.3461)
h_2 = -tanh(-0.0287*x_1**4 - 0.127*x_1**3 - 0.0154*x_1**2 - 0.593*x_1 - 0.194*x_2**4 - 0.00276*x_2**3 + 0.0951*x_2**2 + 0.858*x_2 + 0.00505*x_3**4 - 0.0269*x_3**3 + 0.0259*x_3**2 + 0.344*x_3 - 0.124*x_4**4 - 0.556*x_4 + 0.0142*x_5**4 + 0.073*x_5**3 + 0.0126*x_5**2 + 0.102*x_5 - 0.00292*x_6**4 + 0.071*x_6**3 - 0.106*x_6**2 + 0.0739*x_6 + 0.00157*x_7**4 + 0.0461*x_7**3 + 0.00187*x_7**2 - 0.0708*x_7 + 0.8197)
h_3 = -tanh(-0.206*x_1**4 + 0.302*x_1**3 + 0.0411*x_1**2 + 0.761*x_1 + 0.0695*x_2**4 + 0.226*x_2**3 + 0.0403*x_2**2 + 0.341*x_2 - 0.047*x_3**4 - 0.0687*x_3**3 + 0.0184*x_3**2 - 0.484*x_3 - 0.0311*x_4**4 + 0.0353*x_4**3 + 0.00657*x_4**2 - 0.0817*x_4 + 0.00577*x_5**4 + 0.00899*x_5**3 + 0.0903*x_5**2 + 0.265*x_5 - 0.323*x_6**4 - 0.00151*x_6**3 + 0.332*x_6**2 + 0.00547*x_6 + 0.0292*x_7**4 + 0.0199*x_7**3 + 0.00695*x_7**2 - 0.0673*x_7 + 0.8921)
y = -0.54*h_1**4 - 0.511*h_1**3 - 0.595*h_1**2 - 0.192*h_1 - 0.639*h_2**4 + 0.636*h_2**3 - 0.778*h_2**2 + 0.45*h_2 + 0.0317*h_3**4 - 0.394*h_3**3 + 0.213*h_3**2 - 0.499*h_3 + 0.0583255695860833",tahini,PLS scores,1 hidden layer,external,poly 1 hidden layer
poly,4.0,0.0001,0.05,13,0.9822193704325852,168,7,0.9999989886933703,16.0,"h_1 = tanh(0.111*x_1**4 - 0.00815*x_1**3 + 0.0708*x_1**2 + 0.306*x_1 - 0.0755*x_2**4 + 0.0884*x_2**3 + 0.166*x_2**2 + 0.924*x_2 + 0.00355*x_3**4 - 0.0318*x_3**3 + 0.00726*x_3**2 - 0.232*x_3 + 0.0547*x_4**4 - 0.0455*x_4**3 + 0.308*x_4**2 - 0.4*x_4 - 0.0704*x_5**4 - 0.0877*x_5**2 + 0.336*x_5 + 0.00139*x_6**4 + 0.182*x_6**3 - 0.177*x_6**2 + 0.11*x_6 + 0.143*x_7**3 - 0.11*x_7**2 - 0.266*x_7 + 0.3477)
h_2 = -tanh(0.203*x_1**4 - 0.27*x_1**3 - 0.0768*x_1**2 - 0.789*x_1 + 0.147*x_2**4 + 0.117*x_2**3 + 0.0405*x_2**2 - 0.303*x_2 + 0.0386*x_3**4 + 0.0384*x_3**3 - 0.0291*x_3**2 + 0.52*x_3 + 0.118*x_4**4 - 0.177*x_4**3 - 0.013*x_4**2 + 0.031*x_4 - 0.00485*x_5**3 - 0.0979*x_5**2 - 0.243*x_5 + 0.306*x_6**4 + 0.0231*x_6**3 - 0.345*x_6**2 + 0.00307*x_6 - 0.00511*x_7**4 - 0.0443*x_7**3 - 0.0223*x_7**2 + 0.0771*x_7 + 0.6769)
h_3 = -tanh(0.208*x_1**3 + 0.0755*x_1**2 + 0.654*x_1 + 0.209*x_2**4 + 0.0335*x_2**3 - 0.0114*x_2**2 - 0.9*x_2 + 0.00187*x_3**4 + 0.00283*x_3**3 - 0.0712*x_3**2 - 0.379*x_3 + 0.208*x_4**4 - 0.00624*x_4**3 - 0.0071*x_4**2 + 0.591*x_4 - 0.035*x_5**4 - 0.0453*x_5**3 - 0.0683*x_5**2 - 0.0955*x_5 - 0.203*x_6**4 + 0.00108*x_6**3 + 0.0728*x_6**2 - 0.0616*x_6 + 0.00211*x_7**4 - 0.0689*x_7**3 - 0.0252*x_7**2 + 0.0811*x_7 + 0.9465)
y = -0.283*h_1**4 - 0.619*h_1**3 - 0.442*h_1**2 - 0.538*h_1 - 0.478*h_2**4 + 0.489*h_2**3 - 0.302*h_2**2 + 0.0334*h_2 + 0.609*h_3**4 - 0.536*h_3**3 + 0.539*h_3**2 - 0.542*h_3 - 1.00671362483501",tahini,PLS scores,1 hidden layer,external,poly 1 hidden layer
bspline,4.0,0.0001,0.05,42,0.9777537272352892,234,7,,,,tahini,PLS scores,1 hidden layer,external,bspline 1 hidden layer
bspline,4.0,0.0001,0.05,7,0.9880726442862064,234,7,,,,tahini,PLS scores,1 hidden layer,external,bspline 1 hidden layer
bspline,4.0,0.0001,0.05,2024,0.9863212647571418,234,7,,,,tahini,PLS scores,1 hidden layer,external,bspline 1 hidden layer
bspline,4.0,0.0001,0.05,100,0.9715848862924786,234,7,,,,tahini,PLS scores,1 hidden layer,external,bspline 1 hidden layer
bspline,4.0,0.0001,0.05,13,0.9890427836567778,234,7,,,,tahini,PLS scores,1 hidden layer,external,bspline 1 hidden layer
bspline+symbolic,,,,42,0.9911834931056378,684,8,0.9842480421066284,14.0,0.785*x_1 - 1.072*x_2 - 0.453*x_3 + 0.729*x_4 - 0.15*x_6 + 0.03*x_8 - 1.005*sin(1.248*x_1 + 1.033*x_2 - 1.063*x_3 + 0.568*x_5 - 0.232*x_7 + 0.154*x_8 + 4.751) - 1.143,tahini,PLS scores,"(3,)",external,pykan B-spline + auto_symbolic
bspline+symbolic,,,,7,0.9887499006264218,684,8,0.9720488786697388,18.0,0.558*x_1 - 1.419*x_2 + 0.552*x_4 - 0.318*x_5 - 0.013*x_8 - 0.093*sin(2.148*x_4 - 3.347) + 0.283*sin(1.406*x_7 + 0.687) + 0.769*sin(2.569*x_1 + 0.353*x_2 - 1.184*x_3 - 0.184*x_4 + 0.528*x_5 + 0.176*x_6 + 0.288*x_8 + 1.038) - 1.026,tahini,PLS scores,"(3,)",external,pykan B-spline + auto_symbolic
bspline+symbolic,,,,2024,0.9858596181185132,684,5,0.9859598875045776,9.0,1.14*x_1 - 2.072*x_2 - 0.412*x_3 + 1.235*x_4 + 1.054*log(9.973 - 3.322*x_5) - 0.15*sin(2.171*x_3 - 6.956) - 3.096,tahini,PLS scores,"(3,)",external,pykan B-spline + auto_symbolic
bspline+symbolic,,,,100,0.984541058878913,684,6,0.9844820499420166,14.0,0.655*x_1 - 1.534*x_2 - 0.285*x_3 + 0.91*x_4 - 0.292*x_5 - 0.011*x_8 - 0.568*sin(2.434*x_1 + 0.606*x_2 - 1.603*x_3 + 0.603*x_5 + 0.003*(-9.46*x_8 - 3.719)**2 - 2.176) - 0.766,tahini,PLS scores,"(3,)",external,pykan B-spline + auto_symbolic
bspline+symbolic,,,,13,0.9858990412761353,684,7,0.9884871244430542,15.0,0.623*x_1 - 1.992*x_2 - 0.238*x_3 + 1.252*x_4 - 0.062*x_8 - 0.481*exp(0.544*x_3) + 1.095*sin(1.241*x_1 - 6.54) - 0.557*sin(1.546*x_1 - 6.85) + 0.699*sin(0.489*x_5 + 8.85) - 0.078*sin(1.929*x_7 - 3.204) - 0.521,tahini,PLS scores,"(3,)",external,pykan B-spline + auto_symbolic
cheby,4.0,0.0001,0.05,42,0.9811073427155427,168,8,0.9999993524219669,16.0,"h_1 = -tanh(0.4072*A_1140**4 + 0.01*A_1140**3 - 0.3006*A_1140**2 + 0.0438*A_1140 - 0.76*A_1180**4 + 0.0536*A_1180**3 + 0.76384*A_1180**2 - 0.03568*A_1180 + 0.2512*A_1242**4 - 0.2036*A_1242**3 + 0.5128*A_1242**2 + 0.3967*A_1242 - 0.1584*A_1286**4 + 0.2364*A_1286**3 + 0.2046*A_1286**2 - 0.5013*A_1286 + 0.06568*A_1447**4 + 0.1368*A_1447**3 - 0.05988*A_1447**2 - 0.1026*A_1447 - 0.7128*A_1487**4 - 0.3392*A_1487**3 + 0.8828*A_1487**2 + 0.5314*A_1487 + 0.5672*A_1502**4 + 0.528*A_1502**3 - 0.2772*A_1502**2 - 0.4123*A_1502 + 0.872*A_989**4 + 0.992*A_989**3 - 0.9724*A_989**2 - 1.182*A_989 - 1.30221)
h_2 = tanh(-0.1712*A_1140**4 - 0.1252*A_1140**3 + 0.0118*A_1140**2 + 0.1379*A_1140 + 0.05608*A_1180**4 + 0.1636*A_1180**3 - 0.06152*A_1180**2 - 0.1093*A_1180 + 0.1976*A_1242**4 - 0.1032*A_1242**3 + 0.1704*A_1242**2 - 0.1976*A_1242 - 0.1232*A_1286**4 - 0.01024*A_1286**3 + 0.2434*A_1286**2 + 0.10438*A_1286 - 0.02384*A_1447**4 + 0.0544*A_1447**3 + 0.06924*A_1447**2 - 0.0589*A_1447 + 0.03656*A_1487**4 + 0.278*A_1487**3 + 0.18144*A_1487**2 - 0.3515*A_1487 + 0.2408*A_1502**4 - 0.098*A_1502**3 - 0.3902*A_1502**2 - 0.0052*A_1502 + 0.0904*A_989**4 + 0.003624*A_989**3 - 0.0801*A_989**2 + 0.075082*A_989 + 0.01809)
h_3 = -tanh(-0.2736*A_1140**4 + 0.074*A_1140**3 - 0.0204*A_1140**2 + 0.3175*A_1140 + 0.1648*A_1180**4 - 0.1908*A_1180**3 + 0.2352*A_1180**2 + 0.1591*A_1180 - 0.3968*A_1242**4 - 0.042*A_1242**3 + 0.39888*A_1242**2 + 0.4095*A_1242 - 0.00936*A_1286**4 + 0.00688*A_1286**3 + 0.11136*A_1286**2 + 0.03974*A_1286 + 0.172*A_1447**4 + 0.1108*A_1447**3 + 0.0132*A_1447**2 + 0.0489*A_1447 - 0.4408*A_1487**4 - 0.03816*A_1487**3 + 0.515*A_1487**2 + 0.15262*A_1487 + 0.5232*A_1502**4 + 0.2368*A_1502**3 - 0.4348*A_1502**2 - 0.2356*A_1502 - 0.0848*A_989**4 - 0.1404*A_989**3 - 0.2212*A_989**2 + 0.5243*A_989 + 0.59489)
y = 0.944*h_1**4 + 0.00484*h_1**3 - 1.856*h_1**2 - 0.25763*h_1 + 3.192*h_2**4 + 1.304*h_2**3 - 4.068*h_2**2 - 1.484*h_2 - 1.088*h_3**4 + 1.312*h_3**3 + 1.604*h_3**2 - 1.206*h_3 - 0.302472641944885",tahini,selected bands,1 hidden layer,external,cheby 1 hidden layer
cheby,4.0,0.0001,0.05,7,0.9834874087239238,168,8,0.9999982050031023,16.0,"h_1 = tanh(-0.6704*A_1140**4 + 0.1312*A_1140**3 + 0.3544*A_1140**2 - 0.049*A_1140 + 0.6528*A_1180**4 - 0.0736*A_1180**3 - 0.64234*A_1180**2 + 0.0424*A_1180 + 0.0872*A_1242**4 + 0.048*A_1242**3 - 0.7232*A_1242**2 - 0.185*A_1242 + 0.0968*A_1286**4 - 0.2064*A_1286**3 - 0.1272*A_1286**2 + 0.4238*A_1286 - 0.096*A_1447**4 - 0.0944*A_1447**3 + 0.0664*A_1447**2 + 0.06546*A_1447 + 0.6176*A_1487**4 + 0.1548*A_1487**3 - 0.7086*A_1487**2 - 0.3841*A_1487 - 0.5872*A_1502**4 - 0.3568*A_1502**3 + 0.3152*A_1502**2 + 0.3085*A_1502 - 0.968*A_989**4 - 0.912*A_989**3 + 1.1254*A_989**2 + 1.161*A_989 + 1.09217)
h_2 = tanh(-0.1716*A_1140**3 + 0.0336*A_1140**2 + 0.101*A_1140 + 0.02856*A_1180**4 + 0.138*A_1180**3 - 0.06896*A_1180**2 - 0.11155*A_1180 + 0.0636*A_1242**4 - 0.086*A_1242**3 + 0.2124*A_1242**2 - 0.2605*A_1242 - 0.0896*A_1286**4 - 0.044*A_1286**3 + 0.2136*A_1286**2 + 0.143*A_1286 - 0.06656*A_1447**4 - 0.01116*A_1447**3 + 0.07792*A_1447**2 + 0.0049*A_1447 + 0.06264*A_1487**4 + 0.2356*A_1487**3 + 0.08096*A_1487**2 - 0.3077*A_1487 + 0.02264*A_1502**4 - 0.142*A_1502**3 - 0.18544*A_1502**2 + 0.045*A_1502 + 0.07576*A_989**4 - 0.02656*A_989**3 - 0.07576*A_989**2 + 0.06512*A_989 + 0.05775)
h_3 = -tanh(-0.01584*A_1140**4 - 0.2452*A_1140**3 - 0.20816*A_1140**2 + 0.4169*A_1140 + 0.1928*A_1180**4 - 0.02892*A_1180**3 + 0.3092*A_1180**2 + 0.13869*A_1180 - 0.7032*A_1242**4 + 0.0692*A_1242**3 + 0.664*A_1242**2 + 0.3881*A_1242 - 0.01704*A_1286**4 + 0.01308*A_1286**3 + 0.14644*A_1286**2 - 0.000879999999999999*A_1286 + 0.136*A_1447**4 + 0.1248*A_1447**3 + 0.059*A_1447**2 + 0.0564*A_1447 - 0.392*A_1487**4 - 0.0796*A_1487**3 + 0.4832*A_1487**2 + 0.1887*A_1487 + 0.6696*A_1502**4 + 0.2676*A_1502**3 - 0.5486*A_1502**2 - 0.2581*A_1502 + 0.1104*A_989**4 + 0.003484*A_989**3 - 0.4364*A_989**2 + 0.492387*A_989 + 0.11909)
y = 1.664*h_1**4 + 0.1528*h_1**3 - 2.322*h_1**2 - 0.3036*h_1 + 3.576*h_2**4 + 1.688*h_2**3 - 4.476*h_2**2 - 1.829*h_2 + 1.112*h_3**4 + 0.972*h_3**3 - 1.10818*h_3**2 - 1.029*h_3 + 0.363560543146133",tahini,selected bands,1 hidden layer,external,cheby 1 hidden layer
cheby,4.0,0.0001,0.05,2024,0.9685808063829857,168,8,0.9999993886769923,16.0,"h_1 = tanh(0.148*A_1140**4 - 0.37*A_1140**3 + 0.076*A_1140**2 - 0.1575*A_1140 - 0.1528*A_1180**4 + 0.1648*A_1180**3 + 0.078*A_1180**2 - 0.0495*A_1180 + 0.4952*A_1242**4 + 0.3324*A_1242**3 - 0.0652*A_1242**2 - 0.0883*A_1242 - 0.1024*A_1286**4 - 0.1112*A_1286**3 + 0.1864*A_1286**2 - 0.1646*A_1286 + 0.112*A_1447**4 - 0.0216*A_1447**3 - 0.2418*A_1447**2 - 0.0772*A_1447 - 0.07632*A_1487**4 + 0.0684*A_1487**3 + 0.17372*A_1487**2 + 0.3727*A_1487 + 0.05088*A_1502**4 + 0.0908*A_1502**3 + 0.09992*A_1502**2 - 0.1911*A_1502 - 0.616*A_989**4 + 0.056*A_989**3 + 0.614866*A_989**2 - 0.32*A_989 + 0.266687)
h_2 = tanh(0.116*A_1140**4 + 0.0572*A_1140**3 - 0.1888*A_1140**2 + 0.1651*A_1140 - 0.1248*A_1180**4 + 0.00748*A_1180**3 + 0.3788*A_1180**2 - 0.005101*A_1180 - 0.4*A_1242**4 + 0.3664*A_1242**3 + 0.2942*A_1242**2 + 0.2102*A_1242 - 0.264*A_1286**4 - 0.015*A_1286**3 + 0.26816*A_1286**2 - 0.07405*A_1286 + 0.1848*A_1447**4 + 0.0964*A_1447**3 - 0.0962*A_1447**2 + 0.0377*A_1447 - 0.176*A_1487**4 - 0.1176*A_1487**3 + 0.326*A_1487**2 + 0.2962*A_1487 + 0.284*A_1502**4 + 0.2052*A_1502**3 - 0.284*A_1502**2 - 0.2679*A_1502 - 0.5576*A_989**4 - 0.144*A_989**3 + 0.3356*A_989**2 + 0.512*A_989 - 0.26176)
h_3 = tanh(0.05064*A_1140**4 - 0.003096*A_1140**3 - 0.11284*A_1140**2 + 0.025822*A_1140 - 0.004456*A_1180**4 - 0.202*A_1180**3 + 0.087856*A_1180**2 + 0.3005*A_1180 - 0.4792*A_1242**4 - 0.1736*A_1242**3 + 0.2798*A_1242**2 + 0.4262*A_1242 + 0.272*A_1286**4 - 0.0692*A_1286**3 - 0.424*A_1286**2 - 0.0671*A_1286 + 0.03888*A_1447**4 + 0.1332*A_1447**3 + 0.02432*A_1447**2 - 0.0493*A_1447 + 0.03976*A_1487**4 - 0.03504*A_1487**3 - 0.19916*A_1487**2 + 0.08578*A_1487 - 0.006776*A_1502**4 - 0.01932*A_1502**3 + 0.095776*A_1502**2 + 0.03249*A_1502 + 0.6856*A_989**4 + 0.1956*A_989**3 - 0.7192*A_989**2 - 0.15088*A_989 + 0.078546)
y = -2.272*h_1**4 - 0.684*h_1**3 + 2.802*h_1**2 + 0.632*h_1 + 3.072*h_2**4 - 1.356*h_2**3 - 3.294*h_2**2 + 1.39*h_2 + 2.32*h_3**4 - 1.532*h_3**3 - 3.004*h_3**2 + 1.648*h_3 - 0.614198913097382",tahini,selected bands,1 hidden layer,external,cheby 1 hidden layer
cheby,4.0,0.0001,0.05,100,0.9704877952990861,168,8,0.9999990815195247,16.0,"h_1 = tanh(0.152*A_1140**3 - 0.189*A_1140**2 + 0.245*A_1140 - 0.01728*A_1180**4 - 0.0696*A_1180**3 + 0.32528*A_1180**2 + 0.1832*A_1180 - 0.6296*A_1242**4 + 0.01364*A_1242**3 + 0.567*A_1242**2 + 0.35577*A_1242 - 0.004696*A_1286**4 + 0.0504*A_1286**3 + 0.123696*A_1286**2 - 0.0272*A_1286 + 0.01248*A_1447**4 + 0.1104*A_1447**3 + 0.12852*A_1447**2 + 0.0602*A_1447 - 0.1992*A_1487**4 - 0.0604*A_1487**3 + 0.3398*A_1487**2 + 0.1543*A_1487 + 0.2776*A_1502**4 + 0.1404*A_1502**3 - 0.3128*A_1502**2 - 0.1753*A_1502 - 0.03872*A_989**4 - 0.0054*A_989**3 - 0.21928*A_989**2 + 0.48505*A_989 - 0.081988)
h_2 = tanh(-0.3144*A_1140**4 - 0.074*A_1140**3 + 0.2412*A_1140**2 + 0.0555*A_1140 - 0.0824*A_1180**4 + 0.0908*A_1180**3 + 0.0246*A_1180**2 - 0.1046*A_1180 + 0.3472*A_1242**4 + 0.1248*A_1242**2 - 0.313*A_1242 - 0.296*A_1286**4 - 0.062*A_1286**3 + 0.3916*A_1286**2 + 0.1177*A_1286 + 0.1064*A_1447**4 + 0.1108*A_1447**3 - 0.0386*A_1447**2 - 0.08954*A_1447 + 0.02096*A_1487**4 + 0.2576*A_1487**3 + 0.12964*A_1487**2 - 0.3162*A_1487 + 0.216*A_1502**4 - 0.0944*A_1502**3 - 0.313*A_1502**2 + 0.0233*A_1502 - 0.2312*A_989**4 - 0.1164*A_989**3 + 0.1568*A_989**2 + 0.0995*A_989 - 0.02598)
h_3 = tanh(0.1928*A_1140**4 + 0.044*A_1140**3 - 0.1827*A_1140**2 + 0.0444*A_1140 - 0.5104*A_1180**4 + 0.1896*A_1180**3 + 0.6194*A_1180**2 + 0.0148*A_1180 - 0.3984*A_1242**4 + 0.058*A_1242**3 + 1.0024*A_1242**2 + 0.0865*A_1242 - 0.0192*A_1286**4 + 0.3*A_1286**3 + 0.159*A_1286**2 - 0.463*A_1286 + 0.0684*A_1447**4 + 0.1096*A_1447**3 - 0.0484*A_1447**2 - 0.0471*A_1447 - 0.6688*A_1487**4 - 0.0496*A_1487**3 + 0.8614*A_1487**2 + 0.3212*A_1487 + 0.5336*A_1502**4 + 0.3144*A_1502**3 - 0.3928*A_1502**2 - 0.2903*A_1502 + 0.6896*A_989**4 + 0.828*A_989**3 - 0.8646*A_989**2 - 0.872*A_989 - 0.48195)
y = 1.512*h_1**4 - 0.408*h_1**3 - 1.5414*h_1**2 + 0.57*h_1 + 3.928*h_2**4 + 1.62*h_2**3 - 4.802*h_2**2 - 1.686*h_2 - 0.1728*h_3**4 - 1.54*h_3**3 + 0.4208*h_3**2 + 1.446*h_3 - 0.0899814032554627",tahini,selected bands,1 hidden layer,external,cheby 1 hidden layer
cheby,4.0,0.0001,0.05,13,0.971302182742674,168,8,0.9999938351657965,16.0,"h_1 = -tanh(0.1592*A_1140**4 + 0.1192*A_1140**3 - 0.21*A_1140**2 + 0.0356*A_1140 - 0.2984*A_1180**4 + 0.00484*A_1180**3 + 0.3416*A_1180**2 + 0.09367*A_1180 - 0.216*A_1242**4 - 0.0776*A_1242**3 + 0.3074*A_1242**2 + 0.4782*A_1242 + 0.1664*A_1286**4 + 0.0584*A_1286**3 - 0.2774*A_1286**2 - 0.2678*A_1286 + 0.1224*A_1447**4 + 0.1052*A_1447**3 - 0.062*A_1447**2 - 0.0473*A_1447 - 0.1128*A_1487**4 - 0.01604*A_1487**3 + 0.032*A_1487**2 + 0.20503*A_1487 + 0.1176*A_1502**4 + 0.1076*A_1502**3 + 0.0074*A_1502**2 - 0.107*A_1502 - 0.1144*A_989**4 - 0.00648*A_989**3 - 0.2816*A_989**2 + 0.02216*A_989 + 0.269201)
h_2 = -tanh(-0.3488*A_1140**4 - 0.1448*A_1140**3 + 0.0668*A_1140**2 + 0.2286*A_1140 + 0.3472*A_1180**4 - 0.1468*A_1180**3 + 0.0628*A_1180**2 + 0.1294*A_1180 - 0.2624*A_1242**4 + 0.2472*A_1242**3 + 0.26542*A_1242**2 + 0.2216*A_1242 - 0.172*A_1286**4 - 0.2008*A_1286**3 + 0.0948*A_1286**2 + 0.1071*A_1286 + 0.204*A_1447**4 + 0.078*A_1447**3 - 0.1578*A_1447**2 + 0.0183*A_1447 - 0.2536*A_1487**4 + 0.1004*A_1487**3 + 0.3134*A_1487**2 + 0.2197*A_1487 + 0.4592*A_1502**4 + 0.0944*A_1502**3 - 0.375*A_1502**2 - 0.2118*A_1502 - 0.3304*A_989**4 - 0.3896*A_989**3 + 0.0664*A_989**2 + 0.6422*A_989 + 0.74193)
h_3 = -tanh(0.005224*A_1140**4 - 0.3836*A_1140**3 + 0.182776*A_1140**2 - 0.1853*A_1140 + 0.02136*A_1180**4 + 0.01212*A_1180**3 - 0.0083*A_1180**2 - 0.02659*A_1180 + 0.3784*A_1242**4 + 0.564*A_1242**3 + 0.00559999999999999*A_1242**2 - 0.248*A_1242 - 0.2584*A_1286**4 - 0.094*A_1286**3 + 0.3964*A_1286**2 - 0.1795*A_1286 + 0.268*A_1447**4 + 0.00928*A_1447**3 - 0.378*A_1447**2 - 0.06206*A_1447 - 0.1192*A_1487**4 - 0.01504*A_1487**3 + 0.2684*A_1487**2 + 0.46128*A_1487 + 0.2208*A_1502**4 + 0.2708*A_1502**3 - 0.0548*A_1502**2 - 0.3017*A_1502 - 0.2176*A_989**4 + 0.1064*A_989**3 + 0.4396*A_989**2 - 0.3708*A_989 + 0.237993)
y = -0.1656*h_1**4 + 1.968*h_1**3 + 0.7596*h_1**2 - 2.066*h_1 - 3.048*h_2**4 + 0.844*h_2**3 + 3.826*h_2**2 - 0.893*h_2 - 2.52*h_3**4 + 0.3632*h_3**3 + 3.048*h_3**2 - 0.5534*h_3 - 3.01672713871002",tahini,selected bands,1 hidden layer,external,cheby 1 hidden layer
fourier,4.0,0.0001,0.05,42,0.9060883864044402,168,8,0.9999985485017775,16.0,"h_1 = -tanh(0.0671*sin(pi*A_1140) - 0.00479*sin(2*pi*A_1140) + 0.0281*sin(pi*A_1180) + 0.0146*sin(2*pi*A_1180) + 0.0597*sin(pi*A_1242) - 0.0418*sin(2*pi*A_1242) + 0.0628*sin(pi*A_1286) - 0.00963*sin(2*pi*A_1286) + 0.0233*sin(pi*A_1447) - 0.0194*sin(2*pi*A_1447) + 0.0849*sin(pi*A_1487) - 0.0179*sin(2*pi*A_1487) - 0.0126*sin(pi*A_1502) - 0.00916*sin(2*pi*A_1502) + 0.204*sin(pi*A_989) + 0.0085*sin(2*pi*A_989) + 0.109*cos(pi*A_1140) - 0.0247*cos(2*pi*A_1140) - 0.174*cos(pi*A_1180) + 0.0497*cos(2*pi*A_1180) - 0.023*cos(pi*A_1242) - 0.0242*cos(2*pi*A_1242) + 0.00605*cos(pi*A_1286) - 0.0015*cos(2*pi*A_1286) + 0.018*cos(pi*A_1447) - 0.00318*cos(2*pi*A_1447) - 0.0116*cos(pi*A_1487) + 0.00253*cos(2*pi*A_1487) + 0.00403*cos(pi*A_1502) + 0.00311*cos(2*pi*A_1502) + 0.123*cos(pi*A_989) - 0.0852*cos(2*pi*A_989) + 0.16099)
h_2 = -tanh(0.0706*sin(pi*A_1140) - 0.028*sin(2*pi*A_1140) - 0.0222*sin(pi*A_1180) + 0.0325*sin(2*pi*A_1180) - 0.0645*sin(pi*A_1242) + 0.0705*sin(2*pi*A_1242) + 0.0795*sin(pi*A_1286) - 0.0199*sin(2*pi*A_1286) - 0.0189*sin(pi*A_1447) + 0.0207*sin(2*pi*A_1447) - 0.0502*sin(pi*A_1487) + 0.019*sin(2*pi*A_1487) + 0.0094*sin(pi*A_1502) + 0.00188*sin(2*pi*A_1502) + 0.119*sin(pi*A_989) - 0.0138*sin(2*pi*A_989) + 0.16*cos(pi*A_1140) - 0.0632*cos(2*pi*A_1140) - 0.0659*cos(pi*A_1180) + 0.0218*cos(2*pi*A_1180) + 0.0579*cos(pi*A_1242) - 0.0188*cos(2*pi*A_1242) + 0.0293*cos(pi*A_1286) - 0.0193*cos(2*pi*A_1286) + 0.00277*cos(pi*A_1447) + 0.0108*cos(2*pi*A_1447) - 0.0552*cos(pi*A_1487) + 0.0377*cos(2*pi*A_1487) + 0.0693*cos(pi*A_1502) - 0.00932*cos(2*pi*A_1502) + 0.027*cos(pi*A_989) + 0.0031*cos(2*pi*A_989) - 0.28573)
h_3 = -tanh(0.0311*sin(pi*A_1140) - 0.0176*sin(2*pi*A_1140) + 0.0566*sin(pi*A_1180) - 0.0143*sin(2*pi*A_1180) + 0.127*sin(pi*A_1242) - 0.00799*sin(2*pi*A_1242) + 0.0588*sin(pi*A_1286) - 0.00839*sin(2*pi*A_1286) + 0.0399*sin(pi*A_1447) + 0.00518*sin(2*pi*A_1447) + 0.0556*sin(pi*A_1487) + 0.00615*sin(2*pi*A_1487) + 0.0898*sin(pi*A_1502) - 0.0231*sin(2*pi*A_1502) + 0.00151*sin(pi*A_989) - 0.0168*sin(2*pi*A_989) - 0.00348*cos(pi*A_1140) + 0.015*cos(2*pi*A_1140) + 0.00577*cos(pi*A_1180) + 0.00275*cos(2*pi*A_1180) + 0.0521*cos(pi*A_1242) - 0.0503*cos(2*pi*A_1242) + 0.0629*cos(pi*A_1286) - 0.000844*cos(2*pi*A_1286) + 0.0163*cos(pi*A_1447) - 0.0286*cos(2*pi*A_1447) + 0.14*cos(pi*A_1487) - 0.037*cos(2*pi*A_1487) - 0.107*cos(pi*A_1502) - 0.0227*cos(2*pi*A_1502) - 0.0274*cos(pi*A_989) - 0.00867*cos(2*pi*A_989) - 0.197321)
y = -0.437*sin(pi*h_1) - 0.227*sin(2*pi*h_1) + 0.34*sin(pi*h_2) + 0.16*sin(2*pi*h_2) - 0.472*sin(pi*h_3) + 0.372*sin(2*pi*h_3) - 0.172*cos(pi*h_1) + 0.285*cos(2*pi*h_1) - 0.22*cos(pi*h_2) - 0.443*cos(2*pi*h_2) + 0.309*cos(pi*h_3) + 0.356*cos(2*pi*h_3) - 1.10233801150322",tahini,selected bands,1 hidden layer,external,fourier 1 hidden layer
fourier,4.0,0.0001,0.05,7,0.9353928568452249,168,8,0.9999974409719372,15.0,"h_1 = -tanh(-0.0425*sin(pi*A_1140) + 0.00354*sin(2*pi*A_1140) + 0.0636*sin(pi*A_1180) - 0.0285*sin(2*pi*A_1180) + 0.0711*sin(pi*A_1242) - 0.0104*sin(2*pi*A_1242) - 0.0157*sin(pi*A_1286) - 0.00321*sin(2*pi*A_1286) + 0.0316*sin(pi*A_1447) + 0.00927*sin(2*pi*A_1447) + 0.085*sin(pi*A_1487) + 0.00522*sin(2*pi*A_1487) + 0.0625*sin(pi*A_1502) - 0.0172*sin(2*pi*A_1502) - 0.0593*sin(pi*A_989) - 0.00187*sin(2*pi*A_989) - 0.0221*cos(pi*A_1140) + 0.00448*cos(2*pi*A_1140) + 0.00131*cos(pi*A_1180) - 0.00535*cos(2*pi*A_1180) + 0.0524*cos(pi*A_1242) - 0.0173*cos(2*pi*A_1242) + 0.0531*cos(pi*A_1286) + 0.0281*cos(2*pi*A_1286) + 0.0283*cos(pi*A_1447) - 0.0249*cos(2*pi*A_1447) + 0.111*cos(pi*A_1487) - 0.0269*cos(2*pi*A_1487) - 0.0873*cos(pi*A_1502) - 0.0263*cos(2*pi*A_1502) + 0.00737*cos(pi*A_989) + 0.015*cos(2*pi*A_989) - 0.11553)
h_2 = tanh(-0.127*sin(pi*A_1140) + 0.0924*sin(2*pi*A_1140) - 0.103*sin(pi*A_1180) + 0.0196*sin(2*pi*A_1180) - 0.0738*sin(pi*A_1242) + 0.073*sin(2*pi*A_1242) + 0.234*sin(pi*A_1286) - 0.0327*sin(2*pi*A_1286) - 0.0811*sin(pi*A_1447) + 0.00379*sin(2*pi*A_1447) - 0.134*sin(pi*A_1487) + 0.0525*sin(2*pi*A_1487) + 0.00617*sin(pi*A_1502) + 0.062*sin(2*pi*A_1502) + 0.41*sin(pi*A_989) + 0.0268*sin(2*pi*A_989) + 0.0788*cos(pi*A_1140) - 0.0462*cos(2*pi*A_1140) + 0.0666*cos(pi*A_1180) + 0.032*cos(2*pi*A_1180) + 0.233*cos(pi*A_1242) - 0.0123*cos(2*pi*A_1242) + 0.0306*cos(pi*A_1286) - 0.0523*cos(2*pi*A_1286) - 0.0419*cos(pi*A_1447) + 0.00122*cos(2*pi*A_1447) + 0.115*cos(pi*A_1487) + 0.0378*cos(2*pi*A_1487) + 0.117*cos(pi*A_1502) - 0.0587*cos(2*pi*A_1502) + 0.0283*cos(pi*A_989) - 0.0453*cos(2*pi*A_989) + 0.2712)
h_3 = -tanh(-0.132*sin(pi*A_1140) + 0.0447*sin(2*pi*A_1140) - 0.0407*sin(pi*A_1180) - 0.0164*sin(2*pi*A_1180) - 0.053*sin(pi*A_1242) + 0.0154*sin(2*pi*A_1242) - 0.0715*sin(pi*A_1286) + 0.0218*sin(2*pi*A_1286) - 0.0291*sin(pi*A_1447) + 0.0228*sin(2*pi*A_1447) - 0.0475*sin(pi*A_1487) + 0.0132*sin(2*pi*A_1487) - 0.00735*sin(pi*A_1502) + 0.019*sin(2*pi*A_1502) - 0.0947*sin(pi*A_989) + 0.0191*sin(2*pi*A_989) - 0.102*cos(pi*A_1140) + 0.00703*cos(2*pi*A_1140) + 0.167*cos(pi*A_1180) - 0.0528*cos(2*pi*A_1180) + 0.0237*cos(pi*A_1242) + 0.0214*cos(2*pi*A_1242) + 0.0247*cos(pi*A_1286) + 0.00945*cos(2*pi*A_1286) + 0.00101*cos(pi*A_1447) - 0.014*cos(2*pi*A_1447) + 0.00395*cos(pi*A_1487) + 0.0146*cos(2*pi*A_1487) + 0.0322*cos(pi*A_1502) - 0.012*cos(2*pi*A_1502) - 0.0883*cos(pi*A_989) + 0.0652*cos(2*pi*A_989) - 0.027463)
y = -0.518*sin(pi*h_1) + 0.0121*sin(2*pi*h_1) - 0.409*sin(pi*h_2) + 0.0731*sin(2*pi*h_2) + 0.35*sin(pi*h_3) + 0.0518*sin(2*pi*h_3) + 0.413*cos(pi*h_1) + 0.51*cos(2*pi*h_1) + 0.131*cos(pi*h_2) - 0.05*cos(2*pi*h_2) + 0.31*cos(2*pi*h_3) - 1.04174804091454",tahini,selected bands,1 hidden layer,external,fourier 1 hidden layer
fourier,4.0,0.0001,0.05,2024,0.8934627499843933,168,8,0.9999970065527275,16.0,"h_1 = tanh(0.0258*sin(pi*A_1140) - 0.00845*sin(2*pi*A_1140) + 0.0859*sin(pi*A_1180) - 0.00991*sin(2*pi*A_1180) + 0.133*sin(pi*A_1242) - 0.0135*sin(2*pi*A_1242) - 0.0357*sin(pi*A_1286) + 0.000626*sin(2*pi*A_1286) + 0.00587*sin(pi*A_1447) - 0.009*sin(2*pi*A_1447) + 0.0672*sin(pi*A_1487) + 0.00181*sin(2*pi*A_1487) + 0.0536*sin(pi*A_1502) - 0.0232*sin(2*pi*A_1502) - 0.0618*sin(pi*A_989) - 0.00753*sin(2*pi*A_989) + 0.0273*cos(pi*A_1140) + 0.004*cos(2*pi*A_1140) - 0.0615*cos(pi*A_1180) + 0.0154*cos(2*pi*A_1180) + 0.00388*cos(pi*A_1242) - 0.0225*cos(2*pi*A_1242) + 0.0526*cos(pi*A_1286) + 0.027*cos(2*pi*A_1286) + 0.00157*cos(pi*A_1447) - 0.0115*cos(2*pi*A_1447) + 0.0896*cos(pi*A_1487) - 0.0302*cos(2*pi*A_1487) - 0.0763*cos(pi*A_1502) - 0.0139*cos(2*pi*A_1502) + 0.0483*cos(pi*A_989) - 0.0139*cos(2*pi*A_989) + 0.30197)
h_2 = -tanh(0.0171*sin(pi*A_1140) - 0.00974*sin(2*pi*A_1140) + 0.0425*sin(pi*A_1180) + 0.00376*sin(2*pi*A_1180) + 0.163*sin(pi*A_1242) - 0.0104*sin(2*pi*A_1242) + 0.0805*sin(pi*A_1286) - 0.0243*sin(2*pi*A_1286) - 0.0462*sin(pi*A_1447) + 0.00578*sin(2*pi*A_1447) + 0.193*sin(pi*A_1487) - 0.00391*sin(2*pi*A_1487) + 0.131*sin(pi*A_1502) - 0.0454*sin(2*pi*A_1502) + 0.185*sin(pi*A_989) - 0.0012*sin(2*pi*A_989) + 0.125*cos(pi*A_1140) - 0.0266*cos(2*pi*A_1140) - 0.182*cos(pi*A_1180) + 0.0121*cos(2*pi*A_1180) + 0.0653*cos(pi*A_1242) - 0.0549*cos(2*pi*A_1242) + 0.0402*cos(pi*A_1286) + 0.0177*cos(2*pi*A_1286) + 0.0314*cos(pi*A_1447) - 0.0304*cos(2*pi*A_1447) + 0.149*cos(pi*A_1487) - 0.0721*cos(2*pi*A_1487) - 0.178*cos(pi*A_1502) - 0.0425*cos(2*pi*A_1502) + 0.0786*cos(pi*A_989) - 0.0533*cos(2*pi*A_989) + 0.12627)
h_3 = -tanh(-0.0207*sin(pi*A_1140) + 0.0418*sin(2*pi*A_1140) - 0.0469*sin(pi*A_1180) - 0.0929*sin(pi*A_1242) + 0.186*sin(2*pi*A_1242) + 0.257*sin(pi*A_1286) - 0.0692*sin(2*pi*A_1286) - 0.164*sin(pi*A_1447) + 0.0194*sin(2*pi*A_1447) - 0.128*sin(pi*A_1487) + 0.116*sin(2*pi*A_1487) + 0.0234*sin(pi*A_1502) + 0.106*sin(2*pi*A_1502) + 0.297*sin(pi*A_989) + 0.00408*sin(2*pi*A_989) + 0.192*cos(pi*A_1140) - 0.0471*cos(2*pi*A_1140) + 0.0627*cos(pi*A_1180) + 0.0207*cos(2*pi*A_1180) + 0.219*cos(pi*A_1242) + 0.00981*cos(2*pi*A_1242) + 0.02*cos(pi*A_1286) - 0.0517*cos(2*pi*A_1286) - 0.138*cos(pi*A_1447) - 0.0105*cos(2*pi*A_1447) + 0.0887*cos(pi*A_1487) + 0.042*cos(2*pi*A_1487) + 0.047*cos(pi*A_1502) - 0.0742*cos(2*pi*A_1502) + 0.08*cos(pi*A_989) + 0.0584*cos(2*pi*A_989) + 0.03265)
y = 0.337*sin(pi*h_1) + 0.327*sin(2*pi*h_1) - 0.31*sin(pi*h_2) - 0.0312*sin(2*pi*h_2) + 0.404*sin(pi*h_3) - 0.199*sin(2*pi*h_3) - 0.468*cos(pi*h_1) - 0.304*cos(2*pi*h_1) + 0.361*cos(pi*h_2) - 0.0232*cos(2*pi*h_2) - 0.171*cos(pi*h_3) - 0.00152*cos(2*pi*h_3) - 0.950594216823578",tahini,selected bands,1 hidden layer,external,fourier 1 hidden layer
fourier,4.0,0.0001,0.05,100,0.9010038320181377,168,8,0.9999913405014844,16.0,"h_1 = tanh(0.156*sin(pi*A_1140) + 0.0752*sin(2*pi*A_1140) + 0.212*sin(pi*A_1180) - 0.0563*sin(2*pi*A_1180) - 0.0377*sin(pi*A_1242) - 0.22*sin(2*pi*A_1242) - 0.00915*sin(pi*A_1286) + 0.0965*sin(2*pi*A_1286) - 0.0423*sin(pi*A_1447) + 0.266*sin(2*pi*A_1447) + 0.289*sin(pi*A_1487) - 0.0523*sin(2*pi*A_1487) - 0.425*sin(pi*A_1502) + 0.067*sin(2*pi*A_1502) + 0.141*sin(pi*A_989) - 0.0853*sin(2*pi*A_989) + 0.073*cos(pi*A_1140) - 0.149*cos(2*pi*A_1140) + 0.00492*cos(pi*A_1180) - 0.0783*cos(2*pi*A_1180) + 0.0279*cos(pi*A_1242) - 0.158*cos(2*pi*A_1242) - 0.162*cos(pi*A_1286) - 0.0788*cos(2*pi*A_1286) + 0.473*cos(pi*A_1447) + 0.161*cos(2*pi*A_1447) + 0.0559*cos(pi*A_1487) - 0.252*cos(2*pi*A_1487) - 0.0186*cos(pi*A_1502) + 0.293*cos(2*pi*A_1502) - 0.182*cos(pi*A_989) + 0.1*cos(2*pi*A_989) + 0.56696)
h_2 = tanh(-0.0386*sin(pi*A_1140) + 0.0247*sin(2*pi*A_1140) - 0.0767*sin(pi*A_1180) + 0.011*sin(2*pi*A_1180) - 0.0966*sin(pi*A_1242) + 0.0225*sin(2*pi*A_1242) + 0.0362*sin(pi*A_1286) - 0.00898*sin(2*pi*A_1286) - 0.0114*sin(pi*A_1447) + 0.00255*sin(2*pi*A_1447) - 0.0554*sin(pi*A_1487) + 0.0052*sin(2*pi*A_1487) - 0.0461*sin(pi*A_1502) + 0.0246*sin(2*pi*A_1502) + 0.0782*sin(pi*A_989) + 0.0186*sin(2*pi*A_989) - 0.0135*cos(pi*A_1140) - 0.00876*cos(2*pi*A_1140) + 0.0346*cos(pi*A_1180) - 0.00317*cos(2*pi*A_1180) + 0.0172*cos(pi*A_1242) + 0.00731*cos(2*pi*A_1242) - 0.043*cos(pi*A_1286) - 0.0223*cos(2*pi*A_1286) - 0.0167*cos(pi*A_1447) + 0.0103*cos(2*pi*A_1447) - 0.0994*cos(pi*A_1487) + 0.0174*cos(2*pi*A_1487) + 0.0851*cos(pi*A_1502) + 0.00778*cos(2*pi*A_1502) - 0.0426*cos(pi*A_989) + 0.00929*cos(2*pi*A_989) + 0.03863)
h_3 = tanh(-0.0801*sin(pi*A_1140) + 0.0652*sin(2*pi*A_1140) - 0.0551*sin(pi*A_1180) + 0.0213*sin(2*pi*A_1180) - 0.0711*sin(pi*A_1242) + 0.117*sin(2*pi*A_1242) + 0.141*sin(pi*A_1286) - 0.0305*sin(2*pi*A_1286) - 0.0502*sin(pi*A_1447) - 0.00476*sin(2*pi*A_1447) - 0.128*sin(pi*A_1487) + 0.0444*sin(2*pi*A_1487) + 0.0536*sin(pi*A_1502) + 0.0305*sin(2*pi*A_1502) + 0.329*sin(pi*A_989) - 0.0143*sin(2*pi*A_989) + 0.075*cos(pi*A_1140) - 0.0254*cos(2*pi*A_1140) + 0.045*cos(2*pi*A_1180) + 0.232*cos(pi*A_1242) - 0.00544*cos(2*pi*A_1242) + 0.00364*cos(pi*A_1286) - 0.0326*cos(2*pi*A_1286) - 0.142*cos(pi*A_1447) + 0.0156*cos(2*pi*A_1447) + 0.0851*cos(pi*A_1487) + 0.0257*cos(2*pi*A_1487) + 0.0434*cos(pi*A_1502) - 0.0388*cos(2*pi*A_1502) + 0.0588*cos(pi*A_989) - 0.0118*cos(2*pi*A_989) + 0.06206)
y = -0.0394*sin(pi*h_1) + 0.00922*sin(2*pi*h_1) - 0.825*sin(pi*h_2) - 0.41*sin(2*pi*h_2) - 0.146*sin(pi*h_3) - 0.0255*sin(2*pi*h_3) - 0.0719*cos(pi*h_1) - 0.0632*cos(2*pi*h_1) + 0.432*cos(pi*h_2) + 0.32*cos(2*pi*h_2) - 0.442*cos(pi*h_3) - 0.102*cos(2*pi*h_3) - 0.92989359664917",tahini,selected bands,1 hidden layer,external,fourier 1 hidden layer
fourier,4.0,0.0001,0.05,13,0.9027619757487775,168,8,0.9999969318980232,16.0,"h_1 = -tanh(0.0654*sin(pi*A_1140) - 0.0368*sin(2*pi*A_1140) + 0.0952*sin(pi*A_1180) - 0.0498*sin(2*pi*A_1180) + 0.155*sin(pi*A_1242) - 0.0619*sin(2*pi*A_1242) - 0.122*sin(pi*A_1286) + 0.0239*sin(2*pi*A_1286) + 0.0183*sin(pi*A_1447) - 0.00442*sin(2*pi*A_1447) + 0.138*sin(pi*A_1487) - 0.0534*sin(2*pi*A_1487) - 0.0336*sin(pi*A_1502) - 0.0193*sin(2*pi*A_1502) - 0.161*sin(pi*A_989) - 0.00303*sin(2*pi*A_989) + 0.0235*cos(pi*A_1140) + 0.0261*cos(2*pi*A_1140) - 0.0686*cos(pi*A_1180) + 0.0119*cos(2*pi*A_1180) - 0.141*cos(pi*A_1242) + 0.0279*cos(2*pi*A_1242) + 0.0117*cos(pi*A_1286) + 0.0483*cos(2*pi*A_1286) + 0.0646*cos(pi*A_1447) - 0.00786*cos(2*pi*A_1447) + 0.00154*cos(pi*A_1487) - 0.0234*cos(2*pi*A_1487) - 0.0446*cos(pi*A_1502) + 0.00946*cos(2*pi*A_1502) + 0.113*cos(pi*A_989) + 0.013*cos(2*pi*A_989) - 0.0183)
h_2 = tanh(0.000797*sin(pi*A_1140) - 0.000631*sin(2*pi*A_1140) + 0.0878*sin(pi*A_1180) - 0.0213*sin(2*pi*A_1180) + 0.0806*sin(pi*A_1242) + 0.00103*sin(2*pi*A_1242) - 0.0172*sin(pi*A_1286) - 0.00662*sin(2*pi*A_1286) + 0.00874*sin(pi*A_1447) + 0.0059*sin(2*pi*A_1447) + 0.0768*sin(pi*A_1487) + 0.000844*sin(2*pi*A_1487) + 0.104*sin(pi*A_1502) - 0.0317*sin(2*pi*A_1502) - 0.0444*sin(pi*A_989) - 0.00106*sin(2*pi*A_989) + 0.0129*cos(pi*A_1140) + 0.00719*cos(2*pi*A_1140) - 0.0418*cos(pi*A_1180) + 0.0296*cos(2*pi*A_1180) + 0.0562*cos(pi*A_1242) - 0.0149*cos(2*pi*A_1242) + 0.0586*cos(pi*A_1286) + 0.0462*cos(2*pi*A_1286) + 0.0384*cos(pi*A_1447) - 0.041*cos(2*pi*A_1447) + 0.117*cos(pi*A_1487) - 0.0341*cos(2*pi*A_1487) - 0.119*cos(pi*A_1502) - 0.0151*cos(2*pi*A_1502) + 0.0514*cos(pi*A_989) + 0.0131*cos(2*pi*A_989) + 0.313892)
h_3 = tanh(0.0394*sin(pi*A_1140) - 0.0017*sin(2*pi*A_1140) - 0.0363*sin(pi*A_1180) + 0.0291*sin(2*pi*A_1180) - 0.0127*sin(pi*A_1242) + 0.00998*sin(2*pi*A_1242) + 0.0774*sin(pi*A_1286) - 0.0121*sin(2*pi*A_1286) - 0.00656*sin(pi*A_1447) - 0.00952*sin(2*pi*A_1447) - 0.0585*sin(pi*A_1487) + 0.0117*sin(2*pi*A_1487) + 0.00604*sin(pi*A_1502) + 0.0126*sin(2*pi*A_1502) + 0.221*sin(pi*A_989) + 0.0038*sin(2*pi*A_989) + 0.0737*cos(pi*A_1140) - 0.0265*cos(2*pi*A_1140) - 0.0443*cos(pi*A_1180) + 0.02*cos(2*pi*A_1180) + 0.103*cos(pi*A_1242) - 0.0175*cos(2*pi*A_1242) + 0.0184*cos(pi*A_1286) - 0.00987*cos(2*pi*A_1286) - 0.0682*cos(pi*A_1447) + 0.0107*cos(2*pi*A_1447) + 0.0607*cos(pi*A_1487) + 0.0051*cos(2*pi*A_1487) + 0.0549*cos(pi*A_1502) - 0.0137*cos(2*pi*A_1502) + 0.0729*cos(pi*A_989) - 0.0524*cos(2*pi*A_989) - 0.16339)
y = -0.476*sin(pi*h_1) - 0.0965*sin(2*pi*h_1) + 0.364*sin(pi*h_2) + 0.401*sin(2*pi*h_2) + 0.0299*sin(pi*h_3) - 0.0419*sin(2*pi*h_3) - 0.22*cos(pi*h_1) - 0.231*cos(2*pi*h_1) - 0.328*cos(pi*h_2) - 0.413*cos(2*pi*h_2) - 0.0779*cos(pi*h_3) - 0.147*cos(2*pi*h_3) - 0.875073090434074",tahini,selected bands,1 hidden layer,external,fourier 1 hidden layer
rbf,4.0,0.0001,0.05,42,0.9821592146541811,168,7,0.9999997792279419,19.0,"h_1 = tanh(-0.423*exp(-(2.0*A_989 + 2.0)**2) - 0.328*exp(-(2.0*A_989 + 1.0)**2) + 0.261*exp(-(2.0*A_989 - 1.0)**2) + 0.497*exp(-(2.0*A_989 - 2.0)**2) - 0.0126*exp(-(2.0*A_1502 + 2.0)**2) - 0.0207*exp(-(2.0*A_1502 + 1.0)**2) + 0.291*exp(-(2.0*A_1502 - 1.0)**2) + 0.00473*exp(-(2.0*A_1502 - 2.0)**2) + 0.262*exp(-(2.0*A_1487 + 2.0)**2) + 0.171*exp(-(2.0*A_1487 + 1.0)**2) - 0.193*exp(-(2.0*A_1487 - 1.0)**2) - 0.458*exp(-(2.0*A_1487 - 2.0)**2) - 0.413*exp(-(2.0*A_1286 + 2.0)**2) - 0.202*exp(-(2.0*A_1286 + 1.0)**2) - 0.0078*exp(-(2.0*A_1286 - 1.0)**2) + 0.0714*exp(-(2.0*A_1286 - 2.0)**2) + 0.0765*exp(-(2.0*A_1242 + 2.0)**2) + 0.127*exp(-(2.0*A_1242 + 1.0)**2) + 0.141*exp(-(2.0*A_1242 - 1.0)**2) - 0.477*exp(-(2.0*A_1242 - 2.0)**2) - 0.03*exp(-(2.0*A_1180 + 2.0)**2) - 0.0601*exp(-(2.0*A_1180 + 1.0)**2) - 0.00776*exp(-(2.0*A_1180 - 1.0)**2) - 0.00274*exp(-(2.0*A_1180 - 2.0)**2) - 0.461*exp(-(2.0*A_1140 + 2.0)**2) + 0.0275*exp(-(2.0*A_1140 + 1.0)**2) + 0.202*exp(-(2.0*A_1140 - 1.0)**2) + 0.0399*exp(-(2.0*A_1140 - 2.0)**2) + 0.0639*exp(-4.0*A_989**2) - 0.0461*exp(-4.0*A_1502**2) + 0.141*exp(-4.0*A_1487**2) + 0.111*exp(-4.0*A_1286**2) + 0.0678*exp(-4.0*A_1242**2) + 0.147*exp(-4.0*A_1180**2) + 0.0572*exp(-4.0*A_1140**2))
h_2 = -tanh(-0.589*exp(-(2.0*A_989 + 2.0)**2) - 0.0343*exp(-(2.0*A_989 + 1.0)**2) + 0.132*exp(-(2.0*A_989 - 1.0)**2) + 0.279*exp(-(2.0*A_989 - 2.0)**2) + 0.252*exp(-(2.0*A_1502 + 2.0)**2) - 0.00923*exp(-(2.0*A_1502 + 1.0)**2) - 0.203*exp(-(2.0*A_1502 - 1.0)**2) - 0.108*exp(-(2.0*A_1502 - 2.0)**2) - 0.418*exp(-(2.0*A_1487 + 2.0)**2) + 0.00446*exp(-(2.0*A_1487 + 1.0)**2) + 0.173*exp(-(2.0*A_1487 - 1.0)**2) + 0.409*exp(-(2.0*A_1487 - 2.0)**2) + 0.131*exp(-(2.0*A_1286 + 2.0)**2) + 0.0133*exp(-(2.0*A_1286 + 1.0)**2) + 0.00506*exp(-(2.0*A_1286 - 1.0)**2) - 0.336*exp(-(2.0*A_1286 - 2.0)**2) - 0.722*exp(-(2.0*A_1242 + 2.0)**2) - 0.0145*exp(-(2.0*A_1242 + 1.0)**2) + 0.189*exp(-(2.0*A_1242 - 1.0)**2) + 0.852*exp(-(2.0*A_1242 - 2.0)**2) + 0.215*exp(-(2.0*A_1180 + 2.0)**2) - 0.101*exp(-(2.0*A_1180 + 1.0)**2) + 0.0893*exp(-(2.0*A_1180 - 1.0)**2) + 0.204*exp(-(2.0*A_1180 - 2.0)**2) - 0.497*exp(-(2.0*A_1140 + 2.0)**2) + 0.0335*exp(-(2.0*A_1140 + 1.0)**2) + 0.128*exp(-(2.0*A_1140 - 1.0)**2) + 0.102*exp(-(2.0*A_1140 - 2.0)**2) + 0.346*exp(-4.0*A_989**2) + 0.143*exp(-4.0*A_1502**2) - 0.00654*exp(-4.0*A_1487**2) + 0.139*exp(-4.0*A_1286**2) - 0.113*exp(-4.0*A_1242**2) - 0.138*exp(-4.0*A_1180**2) + 0.0954*exp(-4.0*A_1140**2))
h_3 = tanh(0.0705*exp(-(2.0*A_989 + 2.0)**2) + 0.292*exp(-(2.0*A_989 + 1.0)**2) + 0.00621*exp(-(2.0*A_989 - 1.0)**2) - 0.238*exp(-(2.0*A_989 - 2.0)**2) + 0.0205*exp(-(2.0*A_1502 + 2.0)**2) + 0.0177*exp(-(2.0*A_1502 + 1.0)**2) - 0.0684*exp(-(2.0*A_1502 - 1.0)**2) + 0.0304*exp(-(2.0*A_1502 - 2.0)**2) - 0.334*exp(-(2.0*A_1487 + 2.0)**2) - 0.0793*exp(-(2.0*A_1487 + 1.0)**2) + 0.1*exp(-(2.0*A_1487 - 1.0)**2) + 0.394*exp(-(2.0*A_1487 - 2.0)**2) + 0.197*exp(-(2.0*A_1286 + 2.0)**2) + 0.24*exp(-(2.0*A_1286 + 1.0)**2) - 0.0981*exp(-(2.0*A_1286 - 1.0)**2) - 0.406*exp(-(2.0*A_1286 - 2.0)**2) - 0.318*exp(-(2.0*A_1242 + 2.0)**2) - 0.106*exp(-(2.0*A_1242 + 1.0)**2) + 0.103*exp(-(2.0*A_1242 - 1.0)**2) + 0.451*exp(-(2.0*A_1242 - 2.0)**2) - 0.00108*exp(-(2.0*A_1180 + 2.0)**2) + 0.0295*exp(-(2.0*A_1180 + 1.0)**2) + 0.192*exp(-(2.0*A_1180 - 1.0)**2) + 0.00697*exp(-(2.0*A_1180 - 2.0)**2) + 0.0583*exp(-(2.0*A_1140 + 2.0)**2) - 0.0179*exp(-(2.0*A_1140 + 1.0)**2) - 0.0235*exp(-(2.0*A_1140 - 1.0)**2) + 0.00268*exp(-(2.0*A_1140 - 2.0)**2) - 0.0432*exp(-4.0*A_989**2) - 0.0155*exp(-4.0*A_1502**2) + 0.047*exp(-4.0*A_1487**2) + 0.0107*exp(-4.0*A_1286**2) + 0.0421*exp(-4.0*A_1242**2) - 0.132*exp(-4.0*A_1180**2) + 0.0245*exp(-4.0*A_1140**2))
y = -0.587876856327057 - 0.445*exp(-(2.0*h_3 + 2.0)**2) - 0.504*exp(-(2.0*h_3 + 1.0)**2) + 0.0967*exp(-(2.0*h_3 - 1.0)**2) + 0.378*exp(-(2.0*h_3 - 2.0)**2) + 0.838*exp(-(2.0*h_2 + 2.0)**2) + 0.512*exp(-(2.0*h_2 + 1.0)**2) - 0.338*exp(-(2.0*h_2 - 1.0)**2) - 0.715*exp(-(2.0*h_2 - 2.0)**2) - 0.0874*exp(-(2.0*h_1 + 2.0)*",tahini,selected bands,1 hidden layer,external,rbf 1 hidden layer
rbf,4.0,0.0001,0.05,7,0.985778527277106,168,7,0.9999994130305142,19.0,"h_1 = tanh(-0.223*exp(-(2.0*A_989 + 2.0)**2) - 0.0761*exp(-(2.0*A_989 + 1.0)**2) + 0.263*exp(-(2.0*A_989 - 1.0)**2) + 0.412*exp(-(2.0*A_989 - 2.0)**2) + 0.162*exp(-(2.0*A_1502 + 2.0)**2) + 0.0126*exp(-(2.0*A_1502 + 1.0)**2) - 0.0079*exp(-(2.0*A_1502 - 1.0)**2) + 0.0012*exp(-(2.0*A_1502 - 2.0)**2) - 0.363*exp(-(2.0*A_1487 + 2.0)**2) + 0.0172*exp(-(2.0*A_1487 + 1.0)**2) + 0.172*exp(-(2.0*A_1487 - 1.0)**2) + 0.135*exp(-(2.0*A_1487 - 2.0)**2) + 0.179*exp(-(2.0*A_1286 + 2.0)**2) - 0.00817*exp(-(2.0*A_1286 + 1.0)**2) + 0.297*exp(-(2.0*A_1286 - 1.0)**2) - 0.0173*exp(-(2.0*A_1286 - 2.0)**2) - 0.465*exp(-(2.0*A_1242 + 2.0)**2) + 0.0319*exp(-(2.0*A_1242 + 1.0)**2) + 0.281*exp(-(2.0*A_1242 - 1.0)**2) + 0.175*exp(-(2.0*A_1242 - 2.0)**2) + 0.00515*exp(-(2.0*A_1180 + 2.0)**2) - 0.123*exp(-(2.0*A_1180 + 1.0)**2) + 0.023*exp(-(2.0*A_1180 - 1.0)**2) + 0.0208*exp(-(2.0*A_1180 - 2.0)**2) - 0.232*exp(-(2.0*A_1140 + 2.0)**2) + 0.00936*exp(-(2.0*A_1140 + 1.0)**2) + 0.0831*exp(-(2.0*A_1140 - 1.0)**2) + 0.136*exp(-(2.0*A_1140 - 2.0)**2) + 0.18*exp(-4.0*A_989**2) + 0.0457*exp(-4.0*A_1502**2) + 0.0904*exp(-4.0*A_1487**2) + 0.0901*exp(-4.0*A_1286**2) + 0.0431*exp(-4.0*A_1242**2) + 0.0461*exp(-4.0*A_1140**2))
h_2 = -tanh(-0.425*exp(-(2.0*A_989 + 2.0)**2) - 0.231*exp(-(2.0*A_989 + 1.0)**2) + 0.185*exp(-(2.0*A_989 - 1.0)**2) + 0.365*exp(-(2.0*A_989 - 2.0)**2) - 0.177*exp(-(2.0*A_1502 + 2.0)**2) - 0.0136*exp(-(2.0*A_1502 + 1.0)**2) + 0.217*exp(-(2.0*A_1502 - 1.0)**2) - 0.0183*exp(-(2.0*A_1502 - 2.0)**2) + 0.33*exp(-(2.0*A_1487 + 2.0)**2) + 0.0983*exp(-(2.0*A_1487 + 1.0)**2) - 0.192*exp(-(2.0*A_1487 - 1.0)**2) - 0.468*exp(-(2.0*A_1487 - 2.0)**2) - 0.358*exp(-(2.0*A_1286 + 2.0)**2) - 0.173*exp(-(2.0*A_1286 + 1.0)**2) - 0.00139*exp(-(2.0*A_1286 - 1.0)**2) + 0.0466*exp(-(2.0*A_1286 - 2.0)**2) + 0.0105*exp(-(2.0*A_1242 + 2.0)**2) + 0.0644*exp(-(2.0*A_1242 + 1.0)**2) + 0.194*exp(-(2.0*A_1242 - 1.0)**2) - 0.446*exp(-(2.0*A_1242 - 2.0)**2) + 0.00714*exp(-(2.0*A_1180 + 2.0)**2) - 0.00648*exp(-(2.0*A_1180 + 1.0)**2) + 0.0505*exp(-(2.0*A_1180 - 1.0)**2) - 0.0919*exp(-(2.0*A_1180 - 2.0)**2) - 0.634*exp(-(2.0*A_1140 + 2.0)**2) + 0.00386*exp(-(2.0*A_1140 + 1.0)**2) + 0.166*exp(-(2.0*A_1140 - 1.0)**2) + 0.0823*exp(-(2.0*A_1140 - 2.0)**2) + 0.106*exp(-4.0*A_989**2) - 0.0131*exp(-4.0*A_1502**2) + 0.0082*exp(-4.0*A_1487**2) + 0.129*exp(-4.0*A_1286**2) - 0.00321*exp(-4.0*A_1242**2) + 0.00318*exp(-4.0*A_1180**2) + 0.00294*exp(-4.0*A_1140**2))
h_3 = tanh(-0.375*exp(-(2.0*A_989 + 2.0)**2) + 0.211*exp(-(2.0*A_989 + 1.0)**2) + 0.107*exp(-(2.0*A_989 - 1.0)**2) + 0.0102*exp(-(2.0*A_989 - 2.0)**2) + 0.165*exp(-(2.0*A_1502 + 2.0)**2) - 0.019*exp(-(2.0*A_1502 + 1.0)**2) - 0.235*exp(-(2.0*A_1502 - 1.0)**2) - 0.00142*exp(-(2.0*A_1502 - 2.0)**2) - 0.28*exp(-(2.0*A_1487 + 2.0)**2) - 0.0918*exp(-(2.0*A_1487 + 1.0)**2) + 0.117*exp(-(2.0*A_1487 - 1.0)**2) + 0.492*exp(-(2.0*A_1487 - 2.0)**2) + 0.0447*exp(-(2.0*A_1286 + 2.0)**2) + 0.114*exp(-(2.0*A_1286 + 1.0)**2) - 0.287*exp(-(2.0*A_1286 - 1.0)**2) - 0.493*exp(-(2.0*A_1286 - 2.0)**2) - 0.618*exp(-(2.0*A_1242 + 2.0)**2) - 0.188*exp(-(2.0*A_1242 + 1.0)**2) - 0.0173*exp(-(2.0*A_1242 - 1.0)**2) + 0.851*exp(-(2.0*A_1242 - 2.0)**2) + 0.00197*exp(-(2.0*A_1180 + 2.0)**2) + 0.0198*exp(-(2.0*A_1180 + 1.0)**2) + 0.0792*exp(-(2.0*A_1180 - 1.0)**2) + 0.177*exp(-(2.0*A_1180 - 2.0)**2) - 0.338*exp(-(2.0*A_1140 + 2.0)**2) - 0.0139*exp(-(2.0*A_1140 + 1.0)**2) + 0.0889*exp(-(2.0*A_1140 - 1.0)**2) - 0.00473*exp(-(2.0*A_1140 - 2.0)**2) + 0.138*exp(-4.0*A_989**2) + 0.0671*exp(-4.0*A_1502**2) - 0.00543*exp(-4.0*A_1487**2) + 0.0507*exp(-4.0*A_1286**2) - 0.101*exp(-4.0*A_1242**2) - 0.195*exp(-4.0*A_1180**2) + 0.0572*exp(-4.0*A_1140**2))
y = -0.442767441272736 - 0.937*exp(-(2.0*h_3 + 2.0)**2) - 0.362*exp(-(2.0*h_3 + 1.0)**2) + 0.435*exp(-(2.0*h_3 - 1.0)**2) + 0.437*exp(-(2.0*h_3 - 2.0)**2) - 0.772*exp(-(2.0*h_2 + 2.0)**2) - 0.337*exp(-(2.0*h_2 + 1.0)**2) + 0.00318*exp(-(2.0*h_2 - 1.0)**2) + 0.133*exp(-(2.0*h_2 - 2.0)**2) - 0.682*exp(-(2.0*h_1 + 2.0)**2) - 0.4*exp(-(2.",tahini,selected bands,1 hidden layer,external,rbf 1 hidden layer
rbf,4.0,0.0001,0.05,2024,0.9859837235288754,168,7,0.999999384892488,19.0,"h_1 = tanh(-0.191*exp(-(2.0*A_989 + 2.0)**2) - 0.218*exp(-(2.0*A_989 + 1.0)**2) + 0.0988*exp(-(2.0*A_989 - 1.0)**2) + 0.295*exp(-(2.0*A_989 - 2.0)**2) - 0.32*exp(-(2.0*A_1502 + 2.0)**2) - 0.0362*exp(-(2.0*A_1502 + 1.0)**2) + 0.159*exp(-(2.0*A_1502 - 1.0)**2) - 0.011*exp(-(2.0*A_1502 - 2.0)**2) + 0.369*exp(-(2.0*A_1487 + 2.0)**2) + 0.0751*exp(-(2.0*A_1487 + 1.0)**2) - 0.139*exp(-(2.0*A_1487 - 1.0)**2) - 0.395*exp(-(2.0*A_1487 - 2.0)**2) - 0.522*exp(-(2.0*A_1286 + 2.0)**2) - 0.0798*exp(-(2.0*A_1286 + 1.0)**2) + 0.0124*exp(-(2.0*A_1286 - 1.0)**2) + 0.236*exp(-(2.0*A_1286 - 2.0)**2) + 0.165*exp(-(2.0*A_1242 + 2.0)**2) - 0.051*exp(-(2.0*A_1242 + 1.0)**2) + 0.126*exp(-(2.0*A_1242 - 1.0)**2) - 0.401*exp(-(2.0*A_1242 - 2.0)**2) + 0.00185*exp(-(2.0*A_1180 + 2.0)**2) - 0.123*exp(-(2.0*A_1180 + 1.0)**2) - 0.0408*exp(-(2.0*A_1180 - 1.0)**2) - 0.0284*exp(-(2.0*A_1180 - 2.0)**2) - 0.664*exp(-(2.0*A_1140 + 2.0)**2) + 0.0609*exp(-(2.0*A_1140 + 1.0)**2) + 0.152*exp(-(2.0*A_1140 - 1.0)**2) + 0.0796*exp(-(2.0*A_1140 - 2.0)**2) + 0.107*exp(-4.0*A_989**2) - 0.0851*exp(-4.0*A_1502**2) + 0.00576*exp(-4.0*A_1487**2) + 0.0367*exp(-4.0*A_1286**2) - 0.0664*exp(-4.0*A_1242**2) + 0.00133*exp(-4.0*A_1180**2) + 0.0589*exp(-4.0*A_1140**2))
h_2 = -tanh(-0.301*exp(-(2.0*A_989 + 2.0)**2) + 0.105*exp(-(2.0*A_989 + 1.0)**2) + 0.0361*exp(-(2.0*A_989 - 1.0)**2) + 0.175*exp(-(2.0*A_989 - 2.0)**2) + 0.101*exp(-(2.0*A_1502 + 2.0)**2) + 0.0284*exp(-(2.0*A_1502 + 1.0)**2) - 0.0898*exp(-(2.0*A_1502 - 1.0)**2) + 0.00954*exp(-(2.0*A_1502 - 2.0)**2) - 0.312*exp(-(2.0*A_1487 + 2.0)**2) - 0.0631*exp(-(2.0*A_1487 + 1.0)**2) + 0.15*exp(-(2.0*A_1487 - 1.0)**2) + 0.344*exp(-(2.0*A_1487 - 2.0)**2) + 0.1*exp(-(2.0*A_1286 + 2.0)**2) + 0.148*exp(-(2.0*A_1286 + 1.0)**2) + 0.0036*exp(-(2.0*A_1286 - 1.0)**2) - 0.121*exp(-(2.0*A_1286 - 2.0)**2) - 0.601*exp(-(2.0*A_1242 + 2.0)**2) + 0.00859*exp(-(2.0*A_1242 + 1.0)**2) + 0.263*exp(-(2.0*A_1242 - 1.0)**2) + 0.444*exp(-(2.0*A_1242 - 2.0)**2) + 0.00506*exp(-(2.0*A_1180 + 2.0)**2) - 0.145*exp(-(2.0*A_1180 + 1.0)**2) + 0.0702*exp(-(2.0*A_1180 - 1.0)**2) + 0.116*exp(-(2.0*A_1180 - 2.0)**2) - 0.184*exp(-(2.0*A_1140 + 2.0)**2) - 0.00847*exp(-(2.0*A_1140 + 1.0)**2) + 0.0432*exp(-(2.0*A_1140 - 1.0)**2) + 0.0641*exp(-(2.0*A_1140 - 2.0)**2) + 0.042*exp(-4.0*A_989**2) + 0.0124*exp(-4.0*A_1502**2) + 0.0387*exp(-4.0*A_1487**2) + 0.138*exp(-4.0*A_1286**2) - 0.0694*exp(-4.0*A_1242**2) - 0.0801*exp(-4.0*A_1180**2) + 0.0668*exp(-4.0*A_1140**2))
h_3 = -tanh(-0.543*exp(-(2.0*A_989 + 2.0)**2) - 0.0944*exp(-(2.0*A_989 + 1.0)**2) + 0.486*exp(-(2.0*A_989 - 1.0)**2) + 0.38*exp(-(2.0*A_989 - 2.0)**2) + 0.0616*exp(-(2.0*A_1502 + 2.0)**2) - 0.0265*exp(-(2.0*A_1502 + 1.0)**2) - 0.189*exp(-(2.0*A_1502 - 1.0)**2) - 0.105*exp(-(2.0*A_1502 - 2.0)**2) - 0.215*exp(-(2.0*A_1487 + 2.0)**2) - 0.0502*exp(-(2.0*A_1487 + 1.0)**2) + 0.118*exp(-(2.0*A_1487 - 1.0)**2) + 0.355*exp(-(2.0*A_1487 - 2.0)**2) + 0.0366*exp(-(2.0*A_1286 + 2.0)**2) - 0.0814*exp(-(2.0*A_1286 + 1.0)**2) + 0.3*exp(-(2.0*A_1286 - 1.0)**2) - 0.00432*exp(-(2.0*A_1286 - 2.0)**2) - 0.723*exp(-(2.0*A_1242 + 2.0)**2) - 0.0661*exp(-(2.0*A_1242 + 1.0)**2) + 0.102*exp(-(2.0*A_1242 - 1.0)**2) + 0.62*exp(-(2.0*A_1242 - 2.0)**2) + 0.0731*exp(-(2.0*A_1180 + 2.0)**2) - 0.148*exp(-(2.0*A_1180 + 1.0)**2) + 0.00668*exp(-(2.0*A_1180 - 1.0)**2) + 0.11*exp(-(2.0*A_1180 - 2.0)**2) - 0.423*exp(-(2.0*A_1140 + 2.0)**2) - 0.014*exp(-(2.0*A_1140 + 1.0)**2) + 0.209*exp(-(2.0*A_1140 - 1.0)**2) + 0.022*exp(-(2.0*A_1140 - 2.0)**2) + 0.135*exp(-4.0*A_989**2) + 0.075*exp(-4.0*A_1502**2) - 0.00273*exp(-4.0*A_1487**2) + 0.00554*exp(-4.0*A_1286**2) - 0.024*exp(-4.0*A_1242**2) - 0.121*exp(-4.0*A_1180**2) + 0.0312*exp(-4.0*A_1140**2))
y = -0.607550263404846 + 0.134*exp(-(2.0*h_3 + 2.0)**2) + 0.0663*exp(-(2.0*h_3 + 1.0)**2) - 0.346*exp(-(2.0*h_3 - 1.0)**2) - 0.677*exp(-(2.0*h_3 - 2.0)**2) + 0.897*exp(-(2.0*h_2 + 2.0)**2) + 0.377*exp(-(2.0*h_2 + 1.0)**2) - 0.506*exp(-(2.0*h_2 - 1.0)**2) - 0.79*exp(-(2.0*h_2 - 2.0)**2) + 0.175*exp(-(2.0*h_1 + 2.0)**2) ",tahini,selected bands,1 hidden layer,external,rbf 1 hidden layer
rbf,4.0,0.0001,0.05,100,0.9843619010501664,168,7,0.9999998355446961,19.0,"h_1 = tanh(0.564*exp(-(2.0*A_989 + 2.0)**2) + 0.179*exp(-(2.0*A_989 + 1.0)**2) - 0.324*exp(-(2.0*A_989 - 1.0)**2) - 0.354*exp(-(2.0*A_989 - 2.0)**2) + 0.225*exp(-(2.0*A_1502 + 2.0)**2) - 0.00313*exp(-(2.0*A_1502 + 1.0)**2) - 0.243*exp(-(2.0*A_1502 - 1.0)**2) + 0.244*exp(-(2.0*A_1502 - 2.0)**2) - 0.351*exp(-(2.0*A_1487 + 2.0)**2) - 0.0721*exp(-(2.0*A_1487 + 1.0)**2) + 0.165*exp(-(2.0*A_1487 - 1.0)**2) + 0.683*exp(-(2.0*A_1487 - 2.0)**2) + 0.0201*exp(-(2.0*A_1447 + 2.0)**2) + 0.0287*exp(-(2.0*A_1447 + 1.0)**2) - 0.0178*exp(-(2.0*A_1447 - 1.0)**2) - 0.118*exp(-(2.0*A_1447 - 2.0)**2) + 0.406*exp(-(2.0*A_1286 + 2.0)**2) + 0.14*exp(-(2.0*A_1286 + 1.0)**2) + 0.01*exp(-(2.0*A_1286 - 1.0)**2) - 0.00382*exp(-(2.0*A_1286 - 2.0)**2) + 0.0372*exp(-(2.0*A_1242 + 2.0)**2) - 0.0244*exp(-(2.0*A_1242 + 1.0)**2) - 0.439*exp(-(2.0*A_1242 - 1.0)**2) + 0.718*exp(-(2.0*A_1242 - 2.0)**2) + 0.849*exp(-(2.0*A_1140 + 2.0)**2) - 0.00193*exp(-(2.0*A_1140 + 1.0)**2) - 0.223*exp(-(2.0*A_1140 - 1.0)**2) - 0.282*exp(-(2.0*A_1140 - 2.0)**2) - 0.11*exp(-4.0*A_989**2) + 0.00818*exp(-4.0*A_1502**2) + 0.341*exp(-4.0*A_1447**2) - 0.202*exp(-4.0*A_1286**2) + 0.00374*exp(-4.0*A_1242**2) - 0.0236*exp(-4.0*A_1140**2))
h_2 = tanh(0.267*exp(-(2.0*A_989 + 2.0)**2) - 0.277*exp(-(2.0*A_989 + 1.0)**2) - 0.245*exp(-(2.0*A_989 - 1.0)**2) - 0.29*exp(-(2.0*A_1502 + 2.0)**2) - 0.0236*exp(-(2.0*A_1502 + 1.0)**2) + 0.315*exp(-(2.0*A_1502 - 1.0)**2) + 0.186*exp(-(2.0*A_1502 - 2.0)**2) + 0.382*exp(-(2.0*A_1487 + 2.0)**2) + 0.0971*exp(-(2.0*A_1487 + 1.0)**2) - 0.156*exp(-(2.0*A_1487 - 1.0)**2) - 0.655*exp(-(2.0*A_1487 - 2.0)**2) + 0.0611*exp(-(2.0*A_1447 + 2.0)**2) - 0.0788*exp(-(2.0*A_1447 + 1.0)**2) + 0.0966*exp(-(2.0*A_1447 - 1.0)**2) - 0.0378*exp(-(2.0*A_1447 - 2.0)**2) - 0.27*exp(-(2.0*A_1286 + 2.0)**2) - 0.189*exp(-(2.0*A_1286 + 1.0)**2) + 0.14*exp(-(2.0*A_1286 - 1.0)**2) + 0.42*exp(-(2.0*A_1286 - 2.0)**2) + 0.436*exp(-(2.0*A_1242 + 2.0)**2) + 0.186*exp(-(2.0*A_1242 + 1.0)**2) + 0.037*exp(-(2.0*A_1242 - 1.0)**2) - 0.899*exp(-(2.0*A_1242 - 2.0)**2) + 0.00643*exp(-(2.0*A_1140 + 2.0)**2) + 0.0321*exp(-(2.0*A_1140 + 1.0)**2) - 0.0393*exp(-(2.0*A_1140 - 1.0)**2) + 0.0122*exp(-(2.0*A_1140 - 2.0)**2) + 0.0104*exp(-4.0*A_989**2) - 0.0953*exp(-4.0*A_1502**2) + 0.0355*exp(-4.0*A_1487**2) - 0.0152*exp(-4.0*A_1447**2) - 0.00423*exp(-4.0*A_1286**2) + 0.166*exp(-4.0*A_1242**2))
h_3 = -tanh(-0.144*exp(-(2.0*A_989 + 2.0)**2) - 0.152*exp(-(2.0*A_989 + 1.0)**2) + 0.0214*exp(-(2.0*A_989 - 1.0)**2) + 0.282*exp(-(2.0*A_989 - 2.0)**2) + 0.182*exp(-(2.0*A_1502 + 2.0)**2) + 0.013*exp(-(2.0*A_1502 + 1.0)**2) - 0.0311*exp(-(2.0*A_1502 - 1.0)**2) - 0.0485*exp(-(2.0*A_1502 - 2.0)**2) - 0.335*exp(-(2.0*A_1487 + 2.0)**2) + 0.0032*exp(-(2.0*A_1487 + 1.0)**2) + 0.2*exp(-(2.0*A_1487 - 1.0)**2) + 0.328*exp(-(2.0*A_1487 - 2.0)**2) - 0.0165*exp(-(2.0*A_1447 + 2.0)**2) + 0.0132*exp(-(2.0*A_1447 + 1.0)**2) + 0.0554*exp(-(2.0*A_1447 - 1.0)**2) - 0.0858*exp(-(2.0*A_1447 - 2.0)**2) + 0.174*exp(-(2.0*A_1286 + 2.0)**2) - 0.106*exp(-(2.0*A_1286 + 1.0)**2) + 0.125*exp(-(2.0*A_1286 - 1.0)**2) - 0.0953*exp(-(2.0*A_1286 - 2.0)**2) - 0.509*exp(-(2.0*A_1242 + 2.0)**2) + 0.0251*exp(-(2.0*A_1242 + 1.0)**2) + 0.238*exp(-(2.0*A_1242 - 1.0)**2) + 0.569*exp(-(2.0*A_1242 - 2.0)**2) - 0.21*exp(-(2.0*A_1140 + 2.0)**2) + 0.0213*exp(-(2.0*A_1140 + 1.0)**2) + 0.243*exp(-(2.0*A_1140 - 1.0)**2) + 0.0323*exp(-(2.0*A_1140 - 2.0)**2) + 0.0886*exp(-4.0*A_989**2) + 0.0441*exp(-4.0*A_1502**2) - 0.072*exp(-4.0*A_1487**2) + 0.124*exp(-4.0*A_1447**2) + 0.37*exp(-4.0*A_1286**2) - 0.121*exp(-4.0*A_1242**2) + 0.106*exp(-4.0*A_1140**2))
y = -0.521596074104309 + 0.652*exp(-(2.0*h_3 + 2.0)**2) + 0.409*exp(-(2.0*h_3 + 1.0)**2) - 0.461*exp(-(2.0*h_3 - 1.0)**2) - 0.67*exp(-(2.0*h_3 - 2.0)**2) + 0.543*exp(-(2.0*h_2 + 2.0)**2) + 0.26*exp(-(2.0*h_2 + 1.0)**2) - 0.537*exp(-(2.0*h_2 - 1.0)**2) - 0.641*exp(-(2.0*h_2 - 2.0)**2) - 0.906*exp(-(2.0*h_1 + 2.0)**2) - 0.223*exp(-(2.0*h_1 + 1.0)**2) - 0.0749*exp(-(2.0*h_1 - 1.0)**2) - 0.133*exp(-(2.0*h_1 - 2.0)**2) - 0.117",tahini,selected bands,1 hidden layer,external,rbf 1 hidden layer
rbf,4.0,0.0001,0.05,13,0.9816835769305202,168,7,0.9999997643984072,19.0,"h_1 = tanh(-0.00218*exp(-(2.0*A_989 + 2.0)**2) + 0.0852*exp(-(2.0*A_989 + 1.0)**2) + 0.035*exp(-(2.0*A_989 - 1.0)**2) + 0.0753*exp(-(2.0*A_989 - 2.0)**2) + 0.0175*exp(-(2.0*A_1502 + 1.0)**2) + 0.162*exp(-(2.0*A_1502 - 1.0)**2) - 0.289*exp(-(2.0*A_1487 + 2.0)**2) - 0.0246*exp(-(2.0*A_1487 + 1.0)**2) + 0.242*exp(-(2.0*A_1487 - 1.0)**2) + 0.221*exp(-(2.0*A_1487 - 2.0)**2) - 0.0536*exp(-(2.0*A_1286 + 2.0)**2) + 0.0792*exp(-(2.0*A_1286 - 1.0)**2) - 0.00219*exp(-(2.0*A_1286 - 2.0)**2) - 0.454*exp(-(2.0*A_1242 + 2.0)**2) - 0.0765*exp(-(2.0*A_1242 + 1.0)**2) + 0.344*exp(-(2.0*A_1242 - 1.0)**2) + 0.399*exp(-(2.0*A_1242 - 2.0)**2) - 0.00524*exp(-(2.0*A_1180 + 2.0)**2) - 0.142*exp(-(2.0*A_1180 + 1.0)**2) + 0.0973*exp(-(2.0*A_1180 - 1.0)**2) + 0.122*exp(-(2.0*A_1180 - 2.0)**2) - 0.0349*exp(-(2.0*A_1140 + 2.0)**2) + 0.0458*exp(-(2.0*A_1140 + 1.0)**2) + 0.00222*exp(-(2.0*A_1140 - 1.0)**2) + 0.029*exp(-(2.0*A_1140 - 2.0)**2) + 0.0163*exp(-4.0*A_989**2) - 0.18*exp(-4.0*A_1502**2) + 0.23*exp(-4.0*A_1286**2) - 0.0186*exp(-4.0*A_1242**2) - 0.013*exp(-4.0*A_1180**2) + 0.131*exp(-4.0*A_1140**2))
h_2 = tanh(-0.5*exp(-(2.0*A_989 + 2.0)**2) - 0.00472*exp(-(2.0*A_989 + 1.0)**2) + 0.774*exp(-(2.0*A_989 - 1.0)**2) + 0.597*exp(-(2.0*A_989 - 2.0)**2) + 0.0898*exp(-(2.0*A_1502 + 2.0)**2) + 0.0277*exp(-(2.0*A_1502 + 1.0)**2) - 0.15*exp(-(2.0*A_1502 - 1.0)**2) - 0.0201*exp(-(2.0*A_1502 - 2.0)**2) - 0.28*exp(-(2.0*A_1487 + 2.0)**2) - 0.0546*exp(-(2.0*A_1487 + 1.0)**2) + 0.0695*exp(-(2.0*A_1487 - 1.0)**2) + 0.491*exp(-(2.0*A_1487 - 2.0)**2) - 0.0123*exp(-(2.0*A_1286 + 2.0)**2) - 0.104*exp(-(2.0*A_1286 + 1.0)**2) + 0.37*exp(-(2.0*A_1286 - 1.0)**2) + 0.0214*exp(-(2.0*A_1286 - 2.0)**2) - 0.683*exp(-(2.0*A_1242 + 2.0)**2) - 0.000915*exp(-(2.0*A_1242 + 1.0)**2) + 0.122*exp(-(2.0*A_1242 - 1.0)**2) + 0.744*exp(-(2.0*A_1242 - 2.0)**2) - 0.00572*exp(-(2.0*A_1180 + 2.0)**2) - 0.0829*exp(-(2.0*A_1180 + 1.0)**2) + 0.1*exp(-(2.0*A_1180 - 1.0)**2) + 0.3*exp(-(2.0*A_1180 - 2.0)**2) - 0.309*exp(-(2.0*A_1140 + 2.0)**2) + 0.0216*exp(-(2.0*A_1140 + 1.0)**2) + 0.295*exp(-(2.0*A_1140 - 1.0)**2) + 0.00193*exp(-(2.0*A_1140 - 2.0)**2) + 0.219*exp(-4.0*A_989**2) + 0.159*exp(-4.0*A_1502**2) - 0.0262*exp(-4.0*A_1487**2) - 0.0328*exp(-4.0*A_1286**2) - 0.0436*exp(-4.0*A_1242**2) - 0.00998*exp(-4.0*A_1180**2) + 0.0827*exp(-4.0*A_1140**2))
h_3 = -tanh(0.064*exp(-(2.0*A_989 + 2.0)**2) - 0.242*exp(-(2.0*A_989 + 1.0)**2) + 0.039*exp(-(2.0*A_989 - 1.0)**2) + 0.309*exp(-(2.0*A_989 - 2.0)**2) - 0.132*exp(-(2.0*A_1502 + 2.0)**2) + 0.00217*exp(-(2.0*A_1502 + 1.0)**2) + 0.244*exp(-(2.0*A_1502 - 1.0)**2) + 0.0486*exp(-(2.0*A_1502 - 2.0)**2) + 0.33*exp(-(2.0*A_1487 + 2.0)**2) + 0.0567*exp(-(2.0*A_1487 + 1.0)**2) - 0.051*exp(-(2.0*A_1487 - 1.0)**2) - 0.419*exp(-(2.0*A_1487 - 2.0)**2) - 0.29*exp(-(2.0*A_1286 + 2.0)**2) - 0.146*exp(-(2.0*A_1286 + 1.0)**2) + 0.0631*exp(-(2.0*A_1286 - 1.0)**2) + 0.473*exp(-(2.0*A_1286 - 2.0)**2) + 0.0416*exp(-(2.0*A_1242 + 2.0)**2) + 0.00343*exp(-(2.0*A_1242 + 1.0)**2) + 0.232*exp(-(2.0*A_1242 - 1.0)**2) - 0.577*exp(-(2.0*A_1242 - 2.0)**2) + 0.00559*exp(-(2.0*A_1180 + 2.0)**2) - 0.0842*exp(-(2.0*A_1180 + 1.0)**2) + 0.0177*exp(-(2.0*A_1180 - 1.0)**2) - 0.162*exp(-(2.0*A_1180 - 2.0)**2) - 0.0956*exp(-(2.0*A_1140 + 2.0)**2) + 0.0425*exp(-(2.0*A_1140 + 1.0)**2) + 0.0274*exp(-(2.0*A_1140 - 1.0)**2) + 0.0576*exp(-(2.0*A_1140 - 2.0)**2) - 0.0247*exp(-4.0*A_989**2) - 0.0908*exp(-4.0*A_1502**2) + 0.0898*exp(-4.0*A_1487**2) + 0.0786*exp(-4.0*A_1286**2) + 0.156*exp(-4.0*A_1242**2) + 0.124*exp(-4.0*A_1180**2) + 0.0105*exp(-4.0*A_1140**2))
y = -0.55612725019455 - 0.575*exp(-(2.0*h_3 + 2.0)**2) - 0.501*exp(-(2.0*h_3 + 1.0)**2) + 0.538*exp(-(2.0*h_3 - 1.0)**2) + 0.026*exp(-(2.0*h_3 - 2.0)**2) - 0.889*exp(-(2.0*h_2 + 2.0)**2) - 0.337*exp(-(2.0*h_2 + 1.0)**2) + 0.101*exp(-(2.0*h_2 - 1.0)**2) - 0.0565*exp(-(2.0*h_2 - 2.0)**2) - 0.802*exp(-(2.0*h_1 + 2.0)**2) - 0.614*exp(-(2.0*h_1 + 1.0)**2) + 0.41*exp(-(2.0*h_1 - 1.0)**2) + 0.569*exp(-(2.0*h_1 - 2.0)**2) + 0.037*exp(-4.0*h_3**2) - 0.314*exp",tahini,selected bands,1 hidden layer,external,rbf 1 hidden layer
poly,4.0,0.0001,0.05,42,0.9768979958732896,168,8,0.9999995609836992,16.0,"h_1 = -tanh(-0.0764*A_1140**4 + 0.0494*A_1140**3 - 0.00374*A_1140**2 + 0.583*A_1140 + 0.00384*A_1180**4 + 0.357*A_1180**2 + 0.376*A_1180 - 0.504*A_1242**4 + 1.0*A_1242**3 + 0.182*A_1242**2 + 0.527*A_1242 + 0.286*A_1286**4 - 0.0279*A_1286**3 + 0.177*A_1286**2 + 0.432*A_1286 + 0.00389*A_1447**4 + 0.00751*A_1447**3 + 0.0116*A_1447**2 + 0.133*A_1447 + 0.18*A_1487**4 + 0.185*A_1487**3 + 0.375*A_1487**2 + 0.166*A_1487 + 0.0975*A_1502**4 - 0.479*A_1502**2 - 0.189*A_1502 + 0.267*A_989**4 + 0.167*A_989**3 - 0.284*A_989**2 + 1.03*A_989 + 0.0209)
h_2 = -tanh(-0.00299*A_1140**4 + 0.013*A_1140**3 + 0.131*A_1140**2 + 0.159*A_1140 - 0.348*A_1180**2 - 0.165*A_1180 - 0.26*A_1242**4 - 0.383*A_1242**3 + 0.0164*A_1242**2 - 0.595*A_1242 + 0.366*A_1286**4 + 0.0837*A_1286**3 + 0.294*A_1286**2 + 0.507*A_1286 + 0.0098*A_1447**4 - 0.00235*A_1447**3 + 0.0827*A_1447**2 - 0.0415*A_1447 + 0.00682*A_1487**4 - 0.21*A_1487**3 + 0.0766*A_1487**2 - 0.496*A_1487 + 0.126*A_1502**3 + 0.0019*A_1502**2 + 0.217*A_989**4 - 0.067*A_989**3 + 0.0836*A_989**2 + 0.159*A_989 - 1.213)
h_3 = -tanh(-0.00689*A_1140**4 + 0.00111*A_1140**3 - 0.258*A_1140**2 + 0.358*A_1140 + 0.0016*A_1180**3 + 0.456*A_1180**2 + 0.302*A_1180 + 0.61*A_1242**4 + 0.458*A_1242**3 + 0.525*A_1242**2 + 0.471*A_1242 + 0.00374*A_1286**4 - 0.0393*A_1286**3 + 0.0271*A_1286**2 - 0.585*A_1286 + 0.0393*A_1447**4 - 0.00378*A_1447**3 - 0.253*A_1447**2 + 0.0842*A_1447 + 0.182*A_1487**4 + 0.226*A_1487**3 + 0.194*A_1487**2 + 0.565*A_1487 + 0.317*A_1502**4 - 0.00673*A_1502**3 - 0.00115*A_1502**2 - 0.241*A_1502 - 0.514*A_989**4 + 0.233*A_989**3 - 0.109*A_989**2 - 0.159*A_989 - 1.455)
y = -0.168*h_1**4 - 0.433*h_1**3 - 0.273*h_1**2 + 0.105*h_1 + 0.122*h_2**4 + 0.417*h_2**3 + 0.271*h_2**2 + 0.487*h_2 - 0.329*h_3**4 - 0.329*h_3**3 - 0.474*h_3**2 - 0.267*h_3 - 0.466587245750427",tahini,selected bands,1 hidden layer,external,poly 1 hidden layer
poly,4.0,0.0001,0.05,7,0.9823670963771245,168,8,0.9999993600057528,16.0,"h_1 = -tanh(-0.00364*A_1140**4 + 0.0757*A_1140**3 - 0.258*A_1140**2 + 0.657*A_1140 + 0.624*A_1180**2 + 0.32*A_1180 - 0.181*A_1242**4 + 0.777*A_1242**3 + 0.32*A_1242**2 + 0.526*A_1242 + 0.154*A_1286**4 - 0.0293*A_1286**3 + 0.00726*A_1286**2 + 0.401*A_1286 + 0.0185*A_1447**3 + 0.0124*A_1447**2 + 0.106*A_1447 + 0.0235*A_1487**4 + 0.204*A_1487**3 + 0.292*A_1487**2 + 0.243*A_1487 + 0.00255*A_1502**4 + 0.00361*A_1502**3 - 0.355*A_1502**2 - 0.189*A_1502 + 0.069*A_989**4 + 0.24*A_989**3 - 0.366*A_989**2 + 0.707*A_989 - 0.04311)
h_2 = tanh(-0.0559*A_1140**4 + 0.435*A_1140**3 - 0.114*A_1140**2 + 0.396*A_1140 + 0.014*A_1180**4 - 0.00193*A_1180**3 + 0.00341*A_1180**2 + 0.00654*A_1180 - 0.607*A_1242**4 - 0.456*A_1242**3 - 0.295*A_1242**2 + 0.0542*A_1242 + 0.0628*A_1286**4 + 0.527*A_1286**3 - 0.142*A_1286**2 + 0.329*A_1286 - 0.00935*A_1447**4 + 0.0322*A_1447**3 + 0.324*A_1447**2 + 0.189*A_1447 - 0.0317*A_1487**4 - 0.506*A_1487**3 - 0.0554*A_1487**2 - 0.354*A_1487 - 0.242*A_1502**4 + 0.0217*A_1502**3 - 0.113*A_1502**2 + 0.12*A_1502 + 0.24*A_989**4 + 0.405*A_989**3 - 0.507*A_989**2 + 0.647*A_989 + 0.9444)
h_3 = tanh(0.00944*A_1140**4 - 0.00817*A_1140**3 + 0.00118*A_1140**2 + 0.0823*A_1140 - 0.000839*A_1180**3 + 0.209*A_1180**2 + 0.145*A_1180 + 0.00205*A_1242**4 + 0.529*A_1242**3 + 0.0568*A_1242**2 + 0.481*A_1242 - 0.0756*A_1286**4 - 0.184*A_1286**3 - 0.0743*A_1286**2 - 0.405*A_1286 + 0.105*A_1447**4 + 0.00132*A_1447**3 - 0.121*A_1447**2 + 0.0755*A_1447 + 0.00922*A_1487**4 + 0.243*A_1487**3 + 0.0134*A_1487**2 + 0.379*A_1487 + 0.277*A_1502**4 - 0.0858*A_1502**3 - 0.166*A_1502**2 - 0.202*A_1502 + 0.014*A_989**4 + 0.0626*A_989**3 - 0.177*A_989**2 + 0.21*A_989 - 0.7761)
y = -0.269*h_1**4 - 0.422*h_1**3 - 0.485*h_1**2 - 0.186*h_1 - 0.207*h_2**4 - 0.31*h_2**3 - 0.514*h_2**2 - 0.232*h_2 - 0.451*h_3**4 + 0.47*h_3**3 - 0.53*h_3**2 + 0.474*h_3 + 0.692047606706619",tahini,selected bands,1 hidden layer,external,poly 1 hidden layer
poly,4.0,0.0001,0.05,2024,0.9856687335806682,168,8,0.9999993258068679,16.0,"h_1 = -tanh(-0.118*A_1140**4 + 0.205*A_1140**3 - 0.303*A_1140**2 + 0.73*A_1140 + 0.00131*A_1180**4 + 0.00551*A_1180**3 + 0.669*A_1180**2 + 0.286*A_1180 - 0.242*A_1242**4 + 0.797*A_1242**3 + 0.244*A_1242**2 + 0.724*A_1242 + 0.239*A_1286**4 - 0.0498*A_1286**3 - 0.00144*A_1286**2 + 0.353*A_1286 + 0.0357*A_1447**4 + 0.000915*A_1447**3 + 0.058*A_1447**2 + 0.152*A_1447 + 0.216*A_1487**4 + 0.138*A_1487**3 + 0.225*A_1487**2 + 0.207*A_1487 + 0.00571*A_1502**4 - 0.00469*A_1502**3 - 0.474*A_1502**2 - 0.193*A_1502 + 0.238*A_989**4 + 0.176*A_989**3 - 0.546*A_989**2 + 0.889*A_989 - 0.055839)
h_2 = -tanh(0.0198*A_1140**4 - 0.00398*A_1140**3 - 0.0219*A_1140**2 + 0.184*A_1140 + 0.0152*A_1180**4 - 0.0121*A_1180**3 + 0.154*A_1180**2 + 0.157*A_1180 - 0.308*A_1242**4 + 0.641*A_1242**3 - 0.171*A_1242**2 + 0.464*A_1242 - 0.0655*A_1286**4 - 0.027*A_1286**3 - 0.00239*A_1286**2 - 0.15*A_1286 + 0.127*A_1447**4 + 0.00391*A_1447**3 - 0.182*A_1447**2 + 0.00382*A_1447 + 0.00197*A_1487**4 + 0.14*A_1487**3 - 0.0372*A_1487**2 + 0.497*A_1487 + 0.209*A_1502**4 - 0.164*A_1502**3 - 0.0116*A_1502**2 - 0.177*A_1502 + 0.0318*A_989**4 + 0.202*A_989**3 - 0.115*A_989**2 + 0.296*A_989 + 1.1271)
h_3 = -tanh(0.351*A_1140**3 - 0.16*A_1140**2 + 0.453*A_1140 + 0.00748*A_1180**4 - 0.107*A_1180**3 - 0.0583*A_1180**2 + 0.00968*A_1180 - 0.746*A_1242**4 - 0.352*A_1242**3 - 0.507*A_1242**2 + 0.0242*A_1242 + 0.0613*A_1286**4 + 0.567*A_1286**3 - 0.041*A_1286**2 + 0.536*A_1286 + 0.00466*A_1447**4 - 0.0108*A_1447**3 + 0.219*A_1447**2 + 0.0543*A_1447 - 0.0371*A_1487**4 - 0.408*A_1487**3 - 0.117*A_1487**2 - 0.284*A_1487 - 0.0329*A_1502**4 - 0.000931*A_1502**3 + 0.181*A_1502 + 0.222*A_989**4 + 0.243*A_989**3 - 0.329*A_989**2 + 0.639*A_989 + 0.9728)
y = -0.299*h_1**4 - 0.432*h_1**3 - 0.476*h_1**2 - 0.159*h_1 + 0.352*h_2**4 - 0.434*h_2**3 + 0.35*h_2**2 - 0.561*h_2 - 0.445*h_3**4 + 0.468*h_3**3 - 0.516*h_3**2 + 0.436*h_3 - 0.768305285573006",tahini,selected bands,1 hidden layer,external,poly 1 hidden layer
poly,4.0,0.0001,0.05,100,0.984125048844381,168,7,0.9999978031114667,16.0,"h_1 = -tanh(-0.00585*A_1140**4 - 0.0788*A_1140**3 - 0.109*A_1140**2 - 0.0447*A_1140 + 0.0124*A_1180**4 + 0.0534*A_1180**3 + 0.263*A_1180**2 + 0.3*A_1180 + 0.227*A_1242**4 + 0.455*A_1242**3 + 0.215*A_1242**2 + 0.482*A_1242 - 0.068*A_1286**4 + 0.0123*A_1286**3 - 0.227*A_1286**2 - 0.366*A_1286 + 0.112*A_1487**4 + 0.132*A_1487**3 + 0.0337*A_1487**2 + 0.394*A_1487 + 0.156*A_1502**4 - 0.0783*A_1502**3 + 0.00345*A_1502**2 + 0.00712*A_1502 + 0.0157*A_989**4 - 0.00747*A_989**3 + 0.00602*A_989**2 - 0.0153*A_989 - 0.3156)
h_2 = tanh(-0.0352*A_1140**4 + 0.00768*A_1140**3 - 0.2*A_1140**2 + 0.576*A_1140 - 0.0015*A_1180**4 - 0.00214*A_1180**3 + 0.481*A_1180**2 + 0.177*A_1180 - 0.599*A_1242**4 + 0.773*A_1242**3 + 0.36*A_1242**2 + 0.663*A_1242 + 0.111*A_1286**4 - 0.0116*A_1286**3 + 0.0136*A_1286**2 + 0.157*A_1286 + 0.0892*A_1487**4 + 0.224*A_1487**3 + 0.355*A_1487**2 + 0.332*A_1487 + 0.0642*A_1502**4 + 0.0195*A_1502**3 - 0.443*A_1502**2 - 0.297*A_1502 + 0.101*A_989**4 + 0.24*A_989**3 - 0.301*A_989**2 + 0.811*A_989 - 0.1952)
h_3 = tanh(0.0703*A_1140**4 - 0.369*A_1140**3 + 0.217*A_1140**2 - 0.385*A_1140 + 0.0109*A_1180**4 + 0.0403*A_1180**3 + 0.159*A_1180**2 + 0.00289*A_1180 + 0.58*A_1242**4 + 0.343*A_1242**3 + 0.224*A_1242**2 - 0.0673*A_1242 - 0.00664*A_1286**4 - 0.586*A_1286**3 + 0.269*A_1286**2 - 0.45*A_1286 + 0.00329*A_1487**4 + 0.45*A_1487**3 - 0.0326*A_1487**2 + 0.47*A_1487 + 0.117*A_1502**4 - 0.00778*A_1502**3 - 0.0395*A_1502**2 - 0.28*A_1502 - 0.431*A_989**4 - 0.122*A_989**3 + 0.307*A_989**2 - 0.623*A_989 - 0.9902)
y = -0.491*h_1**4 - 0.26*h_1**3 - 0.431*h_1**2 - 0.543*h_1 - 0.433*h_2**4 + 0.61*h_2**3 - 0.534*h_2**2 + 0.412*h_2 - 0.326*h_3**4 + 0.347*h_3**3 - 0.428*h_3**2 + 0.387*h_3 + 0.432405790603161",tahini,selected bands,1 hidden layer,external,poly 1 hidden layer
poly,4.0,0.0001,0.05,13,0.9827870727140668,168,7,0.9999994941508686,16.0,"h_1 = -tanh(0.00524*A_1140**4 + 0.00507*A_1140**3 - 0.00146*A_1140**2 + 0.229*A_1140 + 0.0174*A_1180**4 - 0.131*A_1180**3 + 0.238*A_1180**2 + 0.138*A_1180 - 0.316*A_1242**4 + 0.43*A_1242**3 + 0.00496*A_1242**2 + 0.444*A_1242 - 0.164*A_1286**4 + 0.0116*A_1286**2 - 0.253*A_1286 - 0.0183*A_1487**4 + 0.3*A_1487**3 - 0.104*A_1487**2 + 0.455*A_1487 + 0.3*A_1502**4 - 0.064*A_1502**3 - 0.158*A_1502**2 - 0.205*A_1502 - 0.349*A_989**4 + 0.111*A_989**3 - 0.162*A_989**2 + 0.00498*A_989 - 0.7877)
h_2 = tanh(-0.0606*A_1140**4 + 0.00665*A_1140**3 - 0.0283*A_1140**2 + 0.566*A_1140 - 0.00392*A_1180**4 - 0.00193*A_1180**3 + 0.294*A_1180**2 + 0.331*A_1180 - 0.69*A_1242**4 + 0.785*A_1242**3 + 0.352*A_1242**2 + 0.625*A_1242 + 0.312*A_1286**4 - 0.109*A_1286**3 + 0.00951*A_1286**2 + 0.397*A_1286 + 0.152*A_1487**4 + 0.289*A_1487**3 + 0.331*A_1487**2 + 0.228*A_1487 + 0.125*A_1502**4 + 0.00644*A_1502**3 - 0.478*A_1502**2 - 0.183*A_1502 + 0.307*A_989**4 + 0.153*A_989**3 - 0.309*A_989**2 + 0.923*A_989 - 0.03327)
h_3 = -tanh(-0.264*A_1140**3 + 0.0995*A_1140**2 - 0.597*A_1140 - 0.0576*A_1180**4 + 0.0272*A_1180**3 + 0.34*A_1180**2 + 0.0562*A_1180 + 0.871*A_1242**4 + 0.399*A_1242**3 + 0.638*A_1242**2 + 0.194*A_1242 - 0.074*A_1286**4 - 0.464*A_1286**3 + 0.077*A_1286**2 - 0.679*A_1286 + 0.0795*A_1487**4 + 0.387*A_1487**3 + 0.0836*A_1487**2 + 0.292*A_1487 + 0.00195*A_1502**4 - 0.00179*A_1502**3 - 0.00122*A_1502**2 - 0.119*A_1502 - 0.103*A_989**4 - 0.417*A_989**3 + 0.416*A_989**2 - 0.608*A_989 + 0.45743)
y = -0.515*h_1**4 - 0.446*h_1**3 - 0.516*h_1**2 - 0.396*h_1 - 0.333*h_2**4 + 0.411*h_2**3 - 0.473*h_2**2 + 0.14*h_2 + 0.17*h_3**4 - 0.261*h_3**3 + 0.197*h_3**2 - 0.476*h_3 - 0.266592425404787",tahini,selected bands,1 hidden layer,external,poly 1 hidden layer
bspline,4.0,0.0001,0.05,42,0.9827290232114577,234,7,,,,tahini,selected bands,1 hidden layer,external,bspline 1 hidden layer
bspline,4.0,0.0001,0.05,7,0.9848668725020526,234,7,,,,tahini,selected bands,1 hidden layer,external,bspline 1 hidden layer
bspline,4.0,0.0001,0.05,2024,0.9861415628739815,234,7,,,,tahini,selected bands,1 hidden layer,external,bspline 1 hidden layer
bspline,4.0,0.0001,0.05,100,0.9836356963791122,234,7,,,,tahini,selected bands,1 hidden layer,external,bspline 1 hidden layer
bspline,4.0,0.0001,0.05,13,0.9819382913357769,234,8,,,,tahini,selected bands,1 hidden layer,external,bspline 1 hidden layer
bspline+symbolic,,,,42,0.9819976602293162,684,8,0.8975237607955933,23.0,0.335*x_1 - 0.415*x_4 + 0.615*x_5 - 0.436*x_8 - 0.126*exp(1.205*x_2) - 0.74*sin(1.066*x_2 - 2.23) + 0.372*sin(1.142*x_5 - 7.429) + 0.051*sin(3.803*x_6 + 4.802) + 0.279*sin(2.34*x_8 - 9.639) - 3.794*sin(-0.104*x_1 + 0.129*x_2 - 0.052*x_3 + 0.449*x_5 - 0.022*x_6 + 0.367*x_7 + 0.638*x_8 + 0.072*exp(1.573*x_4) - 1.632) - 4.546,tahini,selected bands,"(3,)",external,pykan B-spline + auto_symbolic
bspline+symbolic,,,,7,0.9793236995966231,684,7,0.4743732213973999,17.0,0.188*x_2 - 0.395*x_4 + 0.565*x_5 - 0.e-3*x_6 + 0.416*x_7 + 0.05*x_8 + 0.219*exp(1.082*x_2) + 0.602*sin(0.235*x_2 + 0.525*x_3 - 0.39*x_4 + 0.88*x_6 + 0.377*x_7 + 0.781*x_8 - 0.734*sin(2.354*x_5 + 3.002) + 6.34) - 0.884,tahini,selected bands,"(3,)",external,pykan B-spline + auto_symbolic
bspline+symbolic,,,,2024,0.9785403084286107,684,8,0.857064425945282,11.0,0.187*x_1 + 0.638*x_2 - 0.136*x_3 - 0.483*x_4 + 1.174*x_5 + 0.379*x_6 + 0.042*x_8 - 0.001*sin(5.974*x_3 + 7.145) - 0.523 - 0.12*exp(-1.833*x_7),tahini,selected bands,"(3,)",external,pykan B-spline + auto_symbolic
bspline+symbolic,,,,100,0.9884556334374061,684,7,0.8266774415969849,8.0,0.817*x_2 - 0.222*x_3 - 0.522*x_4 + 1.464*x_5 + 0.289*x_6 + 0.076*x_7 + 0.331*x_8 - 0.71,tahini,selected bands,"(3,)",external,pykan B-spline + auto_symbolic
bspline+symbolic,,,,13,0.9767414449905502,684,7,0.8399583101272583,17.0,0.305*x_2 - 0.109*x_3 - 0.561*x_4 + 0.492*x_5 - 0.176*x_6 - 1.101*x_8 + 0.82*sin(1.299*x_7 - 2.081) + 1.505*sin(0.299*x_2 + 0.013*x_4 + 0.859*x_5 + 0.405*x_7 + 1.292*x_8 + 0.321*sin(2.113*x_6 - 6.784) + 7.363) - 1.157,tahini,selected bands,"(3,)",external,pykan B-spline + auto_symbolic
