basis,degree,lamb,prune,seed,R2,n_params,n_vars,fidelity,n_terms,equation,dataset,representation,arch,stage,model
cheby,4.0,1e-05,0.0,42,0.8547143852214809,196,12,0.9999836962635409,15.0,"h_1 = -tanh(0.468*x_1**4 - 1.048*x_1**3 - 0.657*x_1**2 + 1.536*x_1 + 0.248*x_10**4 + 0.792*x_10**3 + 0.078*x_10**2 - 0.6492*x_10 - 0.3968*x_11**4 - 0.02576*x_11**3 + 0.7408*x_11**2 + 0.12132*x_11 + 0.1264*x_12**4 - 0.2036*x_12**3 + 0.2156*x_12**2 + 0.3127*x_12 + 0.0976*x_2**4 + 0.2656*x_2**3 + 0.4224*x_2**2 - 0.4052*x_2 - 0.1336*x_3**4 + 0.616*x_3**3 + 0.0646*x_3**2 + 0.287*x_3 + 0.304*x_4**4 + 0.01908*x_4**3 - 0.078*x_4**2 - 1.53431*x_4 - 1.384*x_5**4 + 0.4*x_5**3 + 1.3024*x_5**2 - 0.169*x_5 - 0.2712*x_6**4 + 0.102*x_6**3 + 0.2134*x_6**2 + 0.3175*x_6 - 1.2*x_7**4 - 1.564*x_7**3 + 1.0928*x_7**2 + 1.343*x_7 + 0.4504*x_8**4 - 1.136*x_8**3 - 0.2642*x_8**2 + 0.478*x_8 - 1.688*x_9**4 + 0.416*x_9**3 + 1.4986*x_9**2 + 0.142*x_9 - 1.39545)
h_2 = -tanh(0.1536*x_1**4 + 0.512*x_1**3 + 0.5124*x_1**2 - 1.724*x_1 - 0.0904*x_10**4 - 0.996*x_10**3 + 0.07116*x_10**2 + 0.212*x_10 - 0.2616*x_11**4 - 0.3576*x_11**3 + 0.297*x_11**2 - 0.1448*x_11 + 0.1168*x_12**4 + 0.022*x_12**3 - 0.0428*x_12**2 - 0.1006*x_12 - 0.2192*x_2**4 + 0.592*x_2**3 + 0.1506*x_2**2 + 0.676*x_2 - 0.1344*x_3**4 + 0.448*x_3**3 + 0.1678*x_3**2 - 0.775*x_3 + 0.896*x_4**4 - 0.896*x_4**3 - 0.338*x_4**2 + 0.803*x_4 - 0.5528*x_5**4 - 0.1356*x_5**3 + 0.3488*x_5**2 + 0.0671*x_5 + 1.176*x_6**4 - 0.0964*x_6**3 - 0.942*x_6**2 + 0.2083*x_6 - 0.2816*x_7**4 + 0.212*x_7**3 + 0.0296*x_7**2 - 0.054*x_7 - 1.136*x_8**4 - 0.1764*x_8**3 + 1.1844*x_8**2 + 0.3283*x_8 + 0.2024*x_9**4 + 0.03836*x_9**3 - 0.325*x_9**2 + 0.09223*x_9 - 0.80601)
h_3 = tanh(-1.768*x_1**4 + 1.008*x_1**3 + 1.7998*x_1**2 + 0.035*x_1 + 1.384*x_10**4 - 1.788*x_10**3 - 1.2542*x_10**2 + 1.301*x_10 + 0.992*x_11**4 + 0.428*x_11**3 - 1.0778*x_11**2 - 0.112*x_11 + 0.5256*x_12**4 - 0.0528*x_12**3 - 0.3374*x_12**2 + 0.0592*x_12 + 0.0824*x_2**4 + 0.1356*x_2**3 + 0.1416*x_2**2 - 1.2617*x_2 + 0.0672*x_3**3 - 0.1572*x_3**2 + 0.4276*x_3 + 0.1232*x_4**4 - 0.788*x_4**3 - 0.2556*x_4**2 + 0.0629999999999999*x_4 + 0.7424*x_5**4 - 0.382*x_5**3 - 0.7424*x_5**2 + 0.6485*x_5 - 0.5976*x_6**4 - 0.2092*x_6**3 + 0.6912*x_6**2 + 0.2649*x_6 + 1.704*x_7**4 + 1.62*x_7**3 - 1.8706*x_7**2 - 1.939*x_7 - 0.4216*x_8**4 + 1.748*x_8**3 + 0.9076*x_8**2 - 1.576*x_8 + 1.352*x_9**4 + 0.3564*x_9**3 - 1.1818*x_9**2 - 0.5243*x_9 - 0.7224)
y = -0.7608*h_1**4 + 0.3772*h_1**3 - 0.3652*h_1**2 - 0.7949*h_1 - 0.904*h_2**4 + 0.304*h_2**2 + 1.19*h_2 - 1.04*h_3**4 - 0.48*h_3**3 - 0.132*h_3**2 + 0.7*h_3 + 1.7635",mango,PLS scores,1 hidden layer,external,cheby 1 hidden layer
cheby,4.0,1e-05,0.0,7,0.8480789389630818,196,12,0.9999924281283833,16.0,"h_1 = tanh(0.1064*x_1**4 + 0.648*x_1**3 + 0.5036*x_1**2 - 1.816*x_1 + 0.1072*x_10**4 - 1.032*x_10**3 - 0.0364*x_10**2 + 0.293*x_10 - 0.5672*x_11**4 - 0.428*x_11**3 + 0.403*x_11**2 - 0.12*x_11 - 0.0904*x_12**4 + 0.0416*x_12**3 + 0.10832*x_12**2 - 0.0866*x_12 - 0.0816*x_2**4 + 0.532*x_2**3 + 0.0272*x_2**2 + 0.711*x_2 - 0.2184*x_3**4 + 0.3924*x_3**3 + 0.258*x_3**2 - 0.7773*x_3 + 1.0*x_4**4 - 0.972*x_4**3 - 0.428*x_4**2 + 1.025*x_4 - 0.444*x_5**4 - 0.01996*x_5**3 + 0.3366*x_5**2 + 0.03347*x_5 + 1.152*x_6**4 - 0.116*x_6**3 - 0.912*x_6**2 + 0.1475*x_6 - 0.236*x_7**4 + 0.3152*x_7**3 - 0.04*x_7**2 - 0.2364*x_7 - 0.976*x_8**4 - 0.0424*x_8**3 + 1.0056*x_8**2 + 0.2578*x_8 + 0.3808*x_9**4 + 0.1692*x_9**3 - 0.38982*x_9**2 + 0.0701*x_9 - 0.75978)
h_2 = -tanh(0.1712*x_1**4 - 0.696*x_1**3 - 0.5652*x_1**2 + 1.413*x_1 + 0.604*x_10**4 + 0.58*x_10**3 - 0.222*x_10**2 - 0.44114*x_10 - 0.2184*x_11**4 + 0.02336*x_11**3 + 0.4158*x_11**2 + 0.05448*x_11 + 0.2744*x_12**4 - 0.2896*x_12**3 - 0.00439999999999996*x_12**2 + 0.2891*x_12 + 0.236*x_2**4 + 0.3588*x_2**3 + 0.302*x_2**2 - 0.5051*x_2 - 0.06328*x_3**4 + 0.66*x_3**3 - 0.04552*x_3**2 + 0.223*x_3 + 0.5024*x_4**4 - 0.1688*x_4**3 - 0.4634*x_4**2 - 1.1634*x_4 - 0.904*x_5**4 + 0.452*x_5**3 + 0.8414*x_5**2 - 0.22*x_5 - 0.44*x_6**4 - 0.01948*x_6**3 + 0.3988*x_6**2 + 0.20961*x_6 - 1.352*x_7**4 - 1.252*x_7**3 + 1.036*x_7**2 + 0.939*x_7 + 0.5736*x_8**4 - 0.836*x_8**3 - 0.3934*x_8**2 + 0.245*x_8 - 1.384*x_9**4 + 0.544*x_9**3 + 1.2512*x_9**2 + 0.116*x_9 - 1.75681)
h_3 = tanh(-1.888*x_1**4 + 1.328*x_1**3 + 1.8024*x_1**2 - 0.339*x_1 + 1.096*x_10**4 - 1.74*x_10**3 - 1.09996*x_10**2 + 1.305*x_10 + 0.6584*x_11**4 + 0.2948*x_11**3 - 0.7658*x_11**2 - 0.0321*x_11 + 0.4056*x_12**4 + 0.0428*x_12**3 - 0.2432*x_12**2 + 0.0448*x_12 + 0.2664*x_2**4 + 0.0592*x_2**3 + 0.0256*x_2**2 - 1.2444*x_2 - 0.1376*x_3**4 + 0.01312*x_3**3 - 0.028*x_3**2 + 0.41616*x_3 - 0.1976*x_4**4 - 0.796*x_4**3 - 0.0344*x_4**2 + 0.15*x_4 + 0.54*x_5**4 - 0.664*x_5**3 - 0.5852*x_5**2 + 0.925*x_5 - 0.6608*x_6**4 - 0.102*x_6**3 + 0.7864*x_6**2 + 0.2075*x_6 + 2.192*x_7**4 + 1.868*x_7**3 - 2.2972*x_7**2 - 2.274*x_7 - 0.7688*x_8**4 + 1.704*x_8**3 + 1.1428*x_8**2 - 1.535*x_8 + 1.624*x_9**4 + 0.3952*x_9**3 - 1.4638*x_9**2 - 0.5984*x_9 - 0.92752)
y = -0.888*h_1**4 + 0.0592*h_1**3 + 0.202*h_1**2 - 1.2344*h_1 - 0.816*h_2**4 - 1.808*h_2**3 - 0.128*h_2**2 + 1.243*h_2 - 1.016*h_3**4 - 0.316*h_3**3 - 0.004*h_3**2 + 0.568*h_3 + 1.803",mango,PLS scores,1 hidden layer,external,cheby 1 hidden layer
cheby,4.0,1e-05,0.0,2024,0.8633773304379194,196,12,0.9999979867577652,16.0,"h_1 = -tanh(0.6512*x_1**4 + 0.912*x_1**3 + 0.3288*x_1**2 - 1.694*x_1 + 0.2528*x_10**4 - 1.228*x_10**3 - 0.26396*x_10**2 + 0.767*x_10 - 0.1528*x_11**4 + 0.0628*x_11**3 + 0.1892*x_11**2 - 0.4851*x_11 - 0.2792*x_12**4 - 0.0312*x_12**3 + 0.26512*x_12**2 + 0.0968*x_12 - 0.7448*x_2**4 + 0.0544*x_2**3 + 0.5596*x_2**2 + 0.7912*x_2 + 0.2632*x_3**4 - 0.114*x_3**3 - 0.3342*x_3**2 - 0.5735*x_3 + 0.796*x_4**4 - 0.2304*x_4**3 - 0.376*x_4**2 + 0.4378*x_4 - 0.1632*x_5**4 - 0.29*x_5**3 + 0.4312*x_5**2 - 0.0905*x_5 + 1.352*x_6**4 + 0.0732*x_6**3 - 1.144*x_6**2 + 0.2571*x_6 + 0.8*x_7**4 - 0.516*x_7**3 - 0.7292*x_7**2 + 0.716*x_7 - 1.208*x_8**4 - 0.02576*x_8**3 + 1.3608*x_8**2 + 0.56632*x_8 + 0.7648*x_9**4 - 0.2408*x_9**3 - 0.8054*x_9**2 + 0.3876*x_9 - 1.77338)
h_2 = -tanh(0.7816*x_1**4 + 0.2352*x_1**3 - 1.0476*x_1**2 - 0.7464*x_1 + 0.2656*x_10**4 + 0.576*x_10**3 - 0.0982*x_10**2 - 1.135*x_10 - 0.1116*x_11**3 - 0.079*x_11**2 + 0.2537*x_11 + 0.4224*x_12**4 - 0.01348*x_12**3 - 0.1664*x_12**2 - 0.37389*x_12 + 0.7264*x_2**4 + 0.1424*x_2**3 - 0.8644*x_2**2 + 0.7982*x_2 - 0.1224*x_3**4 + 0.56*x_3**3 + 0.5784*x_3**2 - 0.3703*x_3 + 0.1224*x_4**4 - 0.2096*x_4**3 + 0.0646*x_4**2 + 0.7092*x_4 - 0.992*x_5**4 + 0.02592*x_5**3 + 0.352*x_5**2 + 0.37556*x_5 - 0.4216*x_6**4 + 0.1864*x_6**3 + 0.2752*x_6**2 - 0.2339*x_6 - 1.176*x_7**4 + 0.48*x_7**3 + 1.075*x_7**2 - 0.4217*x_7 + 1.672*x_8**4 - 0.2432*x_8**3 - 1.601*x_8**2 - 0.0916*x_8 - 0.7272*x_9**4 + 0.04*x_9**3 + 0.8278*x_9**2 - 0.1052*x_9 - 0.71286)
h_3 = tanh(0.04056*x_1**4 + 0.3236*x_1**3 - 0.10296*x_1**2 + 1.0273*x_1 + 0.5008*x_10**4 - 0.3528*x_10**3 - 0.2588*x_10**2 + 0.27446*x_10 + 0.3064*x_11**4 + 0.0944*x_11**3 - 0.1236*x_11**2 - 0.0054*x_11 + 0.2928*x_12**4 - 0.092*x_12**3 - 0.0148*x_12**2 + 0.252*x_12 - 0.212*x_2**4 + 0.128*x_2**3 + 0.438*x_2**2 - 0.868*x_2 + 0.44*x_3**4 + 0.516*x_3**3 - 0.142*x_3**2 + 0.426*x_3 + 0.524*x_4**4 + 0.01304*x_4**3 - 0.162*x_4**2 - 1.08978*x_4 - 0.388*x_5**4 - 0.074*x_5**3 + 0.4744*x_5**2 + 0.3375*x_5 - 0.4336*x_6**4 - 0.2188*x_6**3 + 0.44498*x_6**2 + 0.3211*x_6 - 0.808*x_7**4 - 0.2908*x_7**3 + 0.6332*x_7**2 + 0.21297*x_7 - 0.7144*x_8**4 + 0.1248*x_8**3 + 1.0004*x_8**2 - 0.3686*x_8 - 0.4656*x_9**4 + 0.1744*x_9**3 + 0.6462*x_9**2 - 0.000799999999999995*x_9 - 1.27503)
y = 0.5664*h_1**4 - 0.3756*h_1**3 + 0.6536*h_1**2 + 0.9967*h_1 - 0.244*h_2**4 - 0.832*h_2**3 + 0.63*h_2**2 + 1.078*h_2 - 1.944*h_3**4 - 1.004*h_3**3 + 0.218*h_3**2 + 1.298*h_3 - 0.2802",mango,PLS scores,1 hidden layer,external,cheby 1 hidden layer
cheby,4.0,1e-05,0.0,100,0.8786401235842798,196,12,0.9999862045237206,15.0,"h_1 = tanh(0.6976*x_1**4 + 0.524*x_1**3 - 0.1016*x_1**2 - 1.653*x_1 + 0.152*x_10**4 - 0.9*x_10**3 - 0.1154*x_10**2 + 0.237*x_10 - 0.296*x_11**4 - 0.0848*x_11**3 + 0.3278*x_11**2 - 0.3344*x_11 - 0.3696*x_12**4 + 0.0206*x_12**3 + 0.4444*x_12**2 + 0.05805*x_12 - 0.2728*x_2**4 + 0.2012*x_2**3 + 0.29062*x_2**2 + 0.9291*x_2 + 0.2696*x_3**4 + 0.2992*x_3**3 - 0.1766*x_3**2 - 0.7814*x_3 + 0.604*x_4**4 - 0.338*x_4**3 - 0.162*x_4**2 + 0.4865*x_4 - 0.2456*x_5**4 - 0.02068*x_5**3 + 0.1634*x_5**2 - 0.04049*x_5 + 1.264*x_6**4 - 0.2512*x_6**3 - 1.002*x_6**2 + 0.3774*x_6 - 0.1496*x_7**4 + 0.3336*x_7**3 + 0.235*x_7**2 + 0.0288*x_7 - 0.7304*x_8**4 + 0.1176*x_8**3 + 0.7888*x_8**2 + 0.1548*x_8 - 0.1672*x_9**4 - 0.2368*x_9**3 + 0.1284*x_9**2 + 0.4366*x_9 - 1.80851)
h_2 = tanh(1.136*x_1**4 - 1.428*x_1**3 - 1.316*x_1**2 + 1.0975*x_1 - 0.636*x_10**4 + 0.808*x_10**3 + 0.6734*x_10**2 - 1.354*x_10 - 1.84*x_11**4 - 0.68*x_11**3 + 1.634*x_11**2 + 0.51374*x_11 - 0.888*x_12**4 + 0.144*x_12**3 + 0.7526*x_12**2 + 0.281*x_12 - 0.4464*x_2**4 - 0.098*x_2**3 + 0.7944*x_2**2 + 0.2915*x_2 + 0.1784*x_3**4 + 0.2452*x_3**3 + 0.1296*x_3**2 - 0.2491*x_3 + 1.592*x_4**4 + 1.272*x_4**3 - 1.7386*x_4**2 - 0.626*x_4 - 1.944*x_5**4 + 1.232*x_5**3 + 1.93132*x_5**2 - 0.796*x_5 + 2.248*x_6**4 + 0.2116*x_6**3 - 1.64*x_6**2 + 0.9913*x_6 - 1.808*x_7**4 - 0.692*x_7**3 + 2.288*x_7**2 + 1.729*x_7 - 0.2608*x_8**4 - 0.392*x_8**3 - 0.5552*x_8**2 + 1.001*x_8 - 2.256*x_9**4 - 1.148*x_9**3 + 1.872*x_9**2 + 0.983*x_9 - 0.47088)
h_3 = -tanh(0.0912*x_1**4 - 0.1028*x_1**3 - 0.1894*x_1**2 + 1.1071*x_1 + 1.096*x_10**4 - 0.3664*x_10**3 - 0.9334*x_10**2 + 0.3072*x_10 + 0.328*x_11**4 + 0.2728*x_11**3 - 0.044*x_11**2 - 0.1134*x_11 - 0.1512*x_12**4 - 0.01132*x_12**3 + 0.3952*x_12**2 + 0.25249*x_12 - 0.2696*x_2**4 + 0.044*x_2**3 + 0.6536*x_2**2 - 0.714*x_2 + 0.2976*x_3**4 + 0.2884*x_3**3 - 0.2702*x_3**2 + 0.3217*x_3 + 0.4536*x_4**4 - 0.0332*x_4**3 - 0.2952*x_4**2 - 1.1551*x_4 - 0.672*x_5**4 + 0.2308*x_5**3 + 0.672*x_5**2 + 0.1409*x_5 - 0.05056*x_6**4 - 0.3708*x_6**3 - 0.06944*x_6**2 + 0.6201*x_6 - 0.6112*x_7**4 + 0.1736*x_7**3 + 0.3112*x_7**2 - 0.0934*x_7 + 0.1848*x_8**4 + 0.2588*x_8**3 - 0.00799999999999998*x_8**2 - 0.5271*x_8 - 0.6176*x_9**4 + 0.0856*x_9**3 + 0.8616*x_9**2 + 0.2178*x_9 - 0.25085)
y = 1.208*h_1**4 + 0.3576*h_1**3 + 0.164*h_1**2 - 1.0072*h_1 + 0.3388*h_2**3 + 0.47*h_2**2 - 0.3172*h_2 + 0.2464*h_3**4 - 0.656*h_3**3 + 0.0076*h_3**2 - 1.008*h_3 - 0.82246",mango,PLS scores,1 hidden layer,external,cheby 1 hidden layer
cheby,4.0,1e-05,0.0,13,0.8565329676680358,196,12,0.9999986487728924,16.0,"h_1 = -tanh(0.4464*x_1**4 + 1.028*x_1**3 - 0.3968*x_1**2 + 0.489*x_1 + 0.4912*x_10**4 - 0.2332*x_10**3 - 0.3756*x_10**2 - 0.0851*x_10 + 0.2576*x_11**4 - 0.1092*x_11**3 + 0.0144*x_11**2 + 0.0552*x_11 + 0.3312*x_12**4 - 0.03604*x_12**3 - 0.0872*x_12**2 + 0.23403*x_12 - 0.2968*x_2**4 - 0.1184*x_2**3 + 0.479*x_2**2 - 0.3812*x_2 + 0.3496*x_3**4 + 0.592*x_3**3 - 0.0976*x_3**2 + 0.243*x_3 + 0.896*x_4**4 + 0.1092*x_4**3 - 0.61*x_4**2 - 0.9309*x_4 - 0.6432*x_5**4 + 0.0692*x_5**3 + 0.598*x_5**2 + 0.2661*x_5 - 0.7384*x_6**4 - 0.03364*x_6**3 + 0.6532*x_6**2 + 0.17423*x_6 - 1.24*x_7**4 - 0.2676*x_7**3 + 0.972*x_7**2 + 0.1607*x_7 - 0.2888*x_8**4 + 0.1184*x_8**3 + 0.5808*x_8**2 - 0.2918*x_8 - 0.66*x_9**4 + 0.564*x_9**3 + 0.7712*x_9**2 - 0.076*x_9 - 0.67473)
h_2 = tanh(1.448*x_1**4 + 0.416*x_1**3 - 1.648*x_1**2 - 0.688*x_1 + 0.644*x_10**4 + 1.064*x_10**3 - 0.404*x_10**2 - 1.514*x_10 + 0.2728*x_11**4 - 0.52*x_11**3 - 0.2962*x_11**2 + 0.4374*x_11 + 0.2968*x_12**4 + 0.1352*x_12**3 - 0.1664*x_12**2 - 0.3694*x_12 + 0.3952*x_2**4 + 0.146*x_2**3 - 0.5014*x_2**2 + 0.7585*x_2 - 0.3408*x_3**4 + 0.64*x_3**3 + 0.6828*x_3**2 - 0.4317*x_3 + 0.2176*x_4**4 - 0.22422*x_4**2 + 0.711*x_4 - 0.3688*x_5**4 + 0.246*x_5**3 - 0.2192*x_5**2 + 0.2545*x_5 - 1.064*x_6**4 + 0.484*x_6**3 + 0.9382*x_6**2 - 0.485*x_6 - 1.584*x_7**4 + 0.612*x_7**3 + 1.7234*x_7**2 - 0.3732*x_7 + 2.096*x_8**4 + 0.1548*x_8**3 - 2.242*x_8**2 - 0.3611*x_8 - 0.744*x_9**4 + 0.0884*x_9**3 + 0.8622*x_9**2 + 0.0093*x_9 - 0.88799)
h_3 = -tanh(-0.3168*x_1**4 - 0.712*x_1**3 - 0.4852*x_1**2 + 1.714*x_1 + 1.388*x_10**3 - 0.01368*x_10**2 - 0.822*x_10 + 0.2448*x_11**4 - 0.1108*x_11**3 - 0.2958*x_11**2 + 0.4871*x_11 + 0.2424*x_12**4 + 0.02132*x_12**3 - 0.1592*x_12**2 - 0.06279*x_12 + 0.48*x_2**4 + 0.03184*x_2**3 - 0.2998*x_2**2 - 0.87888*x_2 - 0.4096*x_3**4 + 0.1688*x_3**3 + 0.39714*x_3**2 + 0.5274*x_3 - 0.7256*x_4**4 + 0.2084*x_4**3 + 0.3676*x_4**2 - 0.5353*x_4 + 0.392*x_5**4 + 0.4*x_5**3 - 0.598*x_5**2 + 0.014*x_5 - 1.512*x_6**4 + 0.0676*x_6**3 + 1.25*x_6**2 - 0.2507*x_6 - 0.952*x_7**4 + 0.452*x_7**3 + 1.068*x_7**2 - 0.54*x_7 + 1.272*x_8**4 + 0.2056*x_8**3 - 1.375*x_8**2 - 0.7172*x_8 - 0.4424*x_9**4 + 0.1308*x_9**3 + 0.4748*x_9**2 - 0.3141*x_9 + 1.70228)
y = 0.1192*h_1**4 + 0.628*h_1**3 - 0.7152*h_1**2 - 1.194*h_1 + 0.1344*h_2**4 + 0.3956*h_2**3 + 0.8356*h_2**2 - 0.6987*h_2 + 0.936*h_3**4 + 0.684*h_3**3 + 0.594*h_3**2 - 1.307*h_3 - 1.3332",mango,PLS scores,1 hidden layer,external,cheby 1 hidden layer
fourier,4.0,1e-05,0.0,42,0.8132945284469438,196,12,0.9999966375525405,16.0,"h_1 = -tanh(-0.232*sin(pi*x_1) + 0.109*sin(2*pi*x_1) - 0.136*sin(pi*x_10) - 0.17*sin(2*pi*x_10) + 0.0275*sin(pi*x_11) + 0.0197*sin(2*pi*x_11) - 0.209*sin(pi*x_12) + 0.149*sin(2*pi*x_12) + 0.687*sin(pi*x_2) - 0.209*sin(2*pi*x_2) - 0.308*sin(pi*x_3) + 0.157*sin(2*pi*x_3) + 0.136*sin(pi*x_4) - 0.207*sin(2*pi*x_4) - 0.18*sin(pi*x_5) + 0.0709*sin(2*pi*x_5) + 0.0802*sin(pi*x_6) + 0.00495*sin(2*pi*x_6) + 0.221*sin(pi*x_7) + 0.0611*sin(2*pi*x_7) + 0.359*sin(pi*x_8) - 0.00442*sin(2*pi*x_8) - 0.124*sin(pi*x_9) + 0.0249*sin(2*pi*x_9) + 0.0965*cos(pi*x_1) + 0.18*cos(2*pi*x_1) - 0.103*cos(pi*x_10) + 0.0654*cos(2*pi*x_10) + 0.0224*cos(pi*x_11) - 0.0296*cos(2*pi*x_11) - 0.0857*cos(2*pi*x_12) + 0.243*cos(pi*x_2) + 0.125*cos(2*pi*x_2) + 0.176*cos(pi*x_3) - 0.0156*cos(2*pi*x_3) + 0.0587*cos(pi*x_4) - 0.0267*cos(2*pi*x_4) - 0.0881*cos(pi*x_5) - 0.0626*cos(2*pi*x_5) + 0.234*cos(pi*x_6) + 0.0181*cos(2*pi*x_6) + 0.135*cos(pi*x_7) - 0.0701*cos(2*pi*x_7) - 0.0394*cos(pi*x_8) + 0.0964*cos(2*pi*x_8) - 0.13*cos(pi*x_9) + 0.0374*cos(2*pi*x_9) - 0.16337)
h_2 = -tanh(-0.353*sin(pi*x_1) + 0.103*sin(2*pi*x_1) + 0.0245*sin(pi*x_10) + 0.0178*sin(2*pi*x_10) - 0.0615*sin(pi*x_11) + 0.0405*sin(2*pi*x_11) + 0.0148*sin(pi*x_12) - 0.0299*sin(2*pi*x_12) + 0.18*sin(pi*x_2) - 0.0709*sin(2*pi*x_2) - 0.0923*sin(pi*x_3) + 0.0271*sin(2*pi*x_3) + 0.295*sin(pi*x_4) - 0.0561*sin(2*pi*x_4) + 0.00483*sin(pi*x_5) + 0.0165*sin(2*pi*x_5) - 0.123*sin(pi*x_6) + 0.0381*sin(2*pi*x_6) + 0.00704*sin(pi*x_7) - 0.043*sin(2*pi*x_7) + 0.0711*sin(pi*x_8) - 0.034*sin(2*pi*x_8) + 0.00525*sin(pi*x_9) + 0.0285*sin(2*pi*x_9) - 0.157*cos(pi*x_1) - 0.0316*cos(2*pi*x_1) + 0.0346*cos(pi*x_10) - 0.0136*cos(2*pi*x_10) + 0.0466*cos(pi*x_11) - 0.000977*cos(2*pi*x_11) + 0.0376*cos(pi*x_12) + 0.013*cos(pi*x_2) - 0.02*cos(2*pi*x_2) - 0.0699*cos(pi*x_3) - 0.00773*cos(2*pi*x_3) + 0.0152*cos(pi*x_4) + 0.0147*cos(2*pi*x_4) + 0.0241*cos(pi*x_5) + 0.00479*cos(2*pi*x_5) - 0.0211*cos(pi*x_6) - 0.0153*cos(2*pi*x_6) - 0.0915*cos(pi*x_7) + 0.0136*cos(2*pi*x_7) + 0.0632*cos(pi*x_8) - 0.0122*cos(2*pi*x_8) + 0.137*cos(pi*x_9) - 0.0161*cos(2*pi*x_9) - 0.36146)
h_3 = tanh(-0.384*sin(pi*x_1) - 0.113*sin(2*pi*x_1) - 0.195*sin(pi*x_10) + 0.0806*sin(2*pi*x_10) - 0.102*sin(pi*x_11) + 0.00172*sin(2*pi*x_11) + 0.0452*sin(pi*x_12) - 0.039*sin(2*pi*x_12) - 0.196*sin(pi*x_2) + 0.226*sin(2*pi*x_2) - 0.286*sin(pi*x_3) + 0.0341*sin(2*pi*x_3) - 0.0926*sin(pi*x_4) + 0.0666*sin(2*pi*x_4) + 0.00896*sin(pi*x_5) - 0.089*sin(2*pi*x_5) + 0.397*sin(pi*x_6) - 0.17*sin(2*pi*x_6) - 0.0797*sin(pi*x_7) + 0.178*sin(2*pi*x_7) - 0.136*sin(pi*x_8) + 0.128*sin(2*pi*x_8) - 0.00632*sin(pi*x_9) + 0.0293*sin(2*pi*x_9) - 0.386*cos(pi*x_1) + 0.399*cos(2*pi*x_1) - 0.105*cos(pi*x_10) - 0.0227*cos(2*pi*x_10) - 0.181*cos(pi*x_11) + 0.023*cos(2*pi*x_11) - 0.0197*cos(pi*x_12) + 0.013*cos(2*pi*x_12) - 0.713*cos(pi*x_2) + 0.0889*cos(2*pi*x_2) + 0.0345*cos(pi*x_3) + 0.0683*cos(2*pi*x_3) - 0.107*cos(pi*x_4) + 0.00299*cos(2*pi*x_4) - 0.206*cos(pi*x_5) - 0.00685*cos(2*pi*x_5) + 0.0942*cos(pi*x_6) + 0.127*cos(2*pi*x_6) + 0.203*cos(pi*x_7) + 0.00235*cos(2*pi*x_7) - 0.568*cos(pi*x_8) + 0.0508*cos(2*pi*x_8) + 0.0731*cos(pi*x_9) + 0.0294*cos(2*pi*x_9) + 0.32989)
y = 0.405*sin(pi*h_1) - 0.0926*sin(2*pi*h_1) + 1.19*sin(pi*h_2) - 0.241*sin(2*pi*h_2) - 0.313*sin(pi*h_3) + 0.013*sin(2*pi*h_3) + 0.305*cos(pi*h_1) - 0.142*cos(2*pi*h_1) - 0.442*cos(pi*h_2) + 0.086*cos(2*pi*h_2) - 0.237*cos(pi*h_3) + 0.00989*cos(2*pi*h_3) + 0.16599",mango,PLS scores,1 hidden layer,external,fourier 1 hidden layer
fourier,4.0,1e-05,0.0,7,0.7780741833943665,196,12,0.9999888613104991,16.0,"h_1 = -tanh(-0.221*sin(pi*x_1) + 0.111*sin(2*pi*x_1) - 0.189*sin(pi*x_10) - 0.109*sin(2*pi*x_10) - 0.128*sin(pi*x_11) + 0.0711*sin(2*pi*x_11) + 0.0104*sin(pi*x_12) + 0.0113*sin(2*pi*x_12) + 0.762*sin(pi*x_2) - 0.221*sin(2*pi*x_2) - 0.3*sin(pi*x_3) + 0.163*sin(2*pi*x_3) + 0.0444*sin(pi*x_4) - 0.068*sin(2*pi*x_4) - 0.182*sin(pi*x_5) + 0.108*sin(2*pi*x_5) - 0.373*sin(pi*x_6) + 0.116*sin(2*pi*x_6) + 0.406*sin(pi*x_7) + 0.0295*sin(2*pi*x_7) + 0.393*sin(pi*x_8) - 0.0315*sin(2*pi*x_8) - 0.536*sin(pi*x_9) + 0.192*sin(2*pi*x_9) + 0.086*cos(pi*x_1) + 0.113*cos(2*pi*x_1) - 0.0292*cos(pi*x_10) + 0.0039*cos(2*pi*x_10) + 0.162*cos(pi*x_11) - 0.0436*cos(2*pi*x_11) - 0.0285*cos(pi*x_12) + 0.0476*cos(2*pi*x_12) + 0.219*cos(pi*x_2) + 0.0357*cos(2*pi*x_2) + 0.3*cos(pi*x_3) - 0.0924*cos(2*pi*x_3) - 0.00429*cos(pi*x_4) - 0.0798*cos(2*pi*x_4) - 0.119*cos(pi*x_5) + 0.0191*cos(2*pi*x_5) + 0.169*cos(pi*x_6) - 0.13*cos(2*pi*x_6) - 0.142*cos(pi*x_7) + 0.00352*cos(2*pi*x_7) + 0.141*cos(pi*x_8) + 0.0433*cos(2*pi*x_8) + 0.111*cos(pi*x_9) + 0.127*cos(2*pi*x_9) + 0.01593)
h_2 = -tanh(0.476*sin(pi*x_1) - 0.0771*sin(2*pi*x_1) - 0.154*sin(pi*x_10) + 0.0304*sin(2*pi*x_10) - 0.105*sin(pi*x_11) + 0.0748*sin(2*pi*x_11) + 0.0861*sin(pi*x_12) + 0.025*sin(2*pi*x_12) + 0.12*sin(pi*x_2) - 0.201*sin(2*pi*x_2) + 0.22*sin(pi*x_3) - 0.0827*sin(2*pi*x_3) - 0.861*sin(pi*x_4) + 0.306*sin(2*pi*x_4) - 0.0376*sin(pi*x_5) + 0.0142*sin(2*pi*x_5) + 0.0145*sin(pi*x_6) + 0.055*sin(2*pi*x_6) + 0.28*sin(pi*x_7) + 0.012*sin(2*pi*x_7) + 0.084*sin(pi*x_8) - 0.0281*sin(2*pi*x_8) - 0.107*sin(pi*x_9) + 0.0439*sin(2*pi*x_9) - 0.0972*cos(pi*x_1) + 0.151*cos(2*pi*x_1) - 0.0123*cos(pi*x_10) + 0.0744*cos(2*pi*x_10) + 0.193*cos(pi*x_11) - 0.0753*cos(2*pi*x_11) - 0.271*cos(pi*x_12) + 0.099*cos(2*pi*x_12) + 0.34*cos(pi*x_2) - 0.0759*cos(2*pi*x_2) - 0.0096*cos(pi*x_3) + 0.0322*cos(2*pi*x_3) - 0.283*cos(pi*x_4) + 0.161*cos(2*pi*x_4) - 0.0672*cos(pi*x_5) - 0.0552*cos(2*pi*x_5) - 0.152*cos(pi*x_6) + 0.0124*cos(2*pi*x_6) + 0.314*cos(pi*x_7) - 0.184*cos(2*pi*x_7) + 0.376*cos(pi*x_8) - 0.0958*cos(2*pi*x_8) + 0.158*cos(pi*x_9) - 0.0883*cos(2*pi*x_9) - 0.84151)
h_3 = -tanh(0.603*sin(pi*x_1) - 0.0853*sin(2*pi*x_1) + 0.0384*sin(pi*x_10) - 0.0446*sin(2*pi*x_10) + 0.101*sin(pi*x_11) - 0.0445*sin(2*pi*x_11) + 0.0409*sin(pi*x_12) - 0.0204*sin(2*pi*x_12) - 0.275*sin(pi*x_2) + 0.0881*sin(2*pi*x_2) + 0.256*sin(pi*x_3) - 0.036*sin(2*pi*x_3) - 0.329*sin(pi*x_4) + 0.0283*sin(2*pi*x_4) + 0.00784*sin(pi*x_5) - 0.008*sin(2*pi*x_5) - 0.04*sin(pi*x_6) + 0.00325*sin(2*pi*x_6) + 0.00642*sin(2*pi*x_7) - 0.108*sin(pi*x_8) - 0.00452*sin(2*pi*x_8) - 0.133*sin(pi*x_9) + 0.0119*sin(2*pi*x_9) + 0.355*cos(pi*x_1) - 0.129*cos(2*pi*x_1) - 0.000905*cos(pi*x_10) + 0.00636*cos(2*pi*x_10) + 0.0185*cos(pi*x_11) + 0.00201*cos(2*pi*x_11) + 0.0189*cos(pi*x_12) - 0.00531*cos(2*pi*x_12) + 0.102*cos(pi*x_2) - 0.00933*cos(2*pi*x_2) + 0.122*cos(pi*x_3) - 0.0393*cos(2*pi*x_3) + 0.174*cos(pi*x_4) - 0.0836*cos(2*pi*x_4) + 0.0141*cos(pi*x_5) + 0.0188*cos(2*pi*x_5) + 0.0714*cos(pi*x_6) - 0.0797*cos(2*pi*x_6) - 0.0372*cos(pi*x_7) + 0.0025*cos(2*pi*x_7) + 0.0612*cos(pi*x_8) + 0.0283*cos(2*pi*x_8) - 0.0933*cos(pi*x_9) + 0.0565*cos(2*pi*x_9) + 0.71128)
y = 0.298*sin(pi*h_1) + 0.0431*sin(2*pi*h_1) - 0.461*sin(pi*h_2) + 0.0866*sin(2*pi*h_2) - 0.302*sin(pi*h_3) - 0.172*sin(2*pi*h_3) + 0.43*cos(pi*h_1) - 0.292*cos(2*pi*h_1) + 0.0104*cos(pi*h_2) - 0.0595*cos(2*pi*h_2) - 1.19*cos(pi*h_3) + 0.3*cos(2*pi*h_3) + 0.20568",mango,PLS scores,1 hidden layer,external,fourier 1 hidden layer
fourier,4.0,1e-05,0.0,2024,0.7873666179703075,196,12,0.9999640654410642,16.0,"h_1 = tanh(-0.583*sin(pi*x_1) + 0.17*sin(2*pi*x_1) + 0.0229*sin(pi*x_10) + 0.0238*sin(2*pi*x_10) - 0.0935*sin(pi*x_11) + 0.0519*sin(2*pi*x_11) - 0.0471*sin(pi*x_12) + 0.00843*sin(2*pi*x_12) + 0.389*sin(pi*x_2) - 0.0827*sin(2*pi*x_2) - 0.354*sin(pi*x_3) + 0.159*sin(2*pi*x_3) + 0.425*sin(pi*x_4) - 0.151*sin(2*pi*x_4) - 0.184*sin(pi*x_5) + 0.0614*sin(2*pi*x_5) - 0.129*sin(pi*x_6) + 0.0418*sin(2*pi*x_6) + 0.0256*sin(pi*x_7) - 0.00505*sin(2*pi*x_7) + 0.172*sin(pi*x_8) - 0.0445*sin(2*pi*x_8) - 0.0614*sin(pi*x_9) + 0.0281*sin(2*pi*x_9) - 0.0351*cos(pi*x_1) - 0.0214*cos(2*pi*x_1) + 0.0156*cos(pi*x_10) - 0.0182*cos(2*pi*x_10) + 0.0523*cos(pi*x_11) - 0.0105*cos(2*pi*x_11) + 0.0497*cos(pi*x_12) - 0.0063*cos(2*pi*x_12) + 0.138*cos(pi*x_2) - 0.0475*cos(2*pi*x_2) + 0.155*cos(pi*x_3) - 0.0404*cos(2*pi*x_3) + 0.127*cos(pi*x_4) - 0.0754*cos(2*pi*x_4) - 0.0264*cos(pi*x_5) + 0.0598*cos(2*pi*x_5) + 0.035*cos(pi*x_6) + 0.0272*cos(2*pi*x_6) - 0.203*cos(pi*x_7) + 0.124*cos(2*pi*x_7) + 0.0935*cos(pi*x_8) - 0.0168*cos(2*pi*x_8) + 0.0918*cos(pi*x_9) + 0.0613*cos(2*pi*x_9) - 0.1687)
h_2 = -tanh(0.606*sin(pi*x_1) + 0.0318*sin(2*pi*x_1) - 0.188*sin(pi*x_10) + 0.00181*sin(2*pi*x_10) + 0.204*sin(pi*x_11) - 0.0757*sin(2*pi*x_11) - 0.0246*sin(pi*x_12) + 0.0144*sin(2*pi*x_12) - 0.31*sin(pi*x_2) + 0.0739*sin(2*pi*x_2) + 0.358*sin(pi*x_3) - 0.111*sin(2*pi*x_3) - 0.259*sin(pi*x_4) + 0.0393*sin(2*pi*x_4) + 0.127*sin(pi*x_5) - 0.0627*sin(2*pi*x_5) - 0.00408*sin(pi*x_6) + 0.00577*sin(2*pi*x_6) - 0.188*sin(pi*x_7) - 0.0099*sin(2*pi*x_7) - 0.261*sin(pi*x_8) + 0.0764*sin(2*pi*x_8) - 0.127*sin(pi*x_9) - 0.0161*sin(2*pi*x_9) + 0.672*cos(pi*x_1) - 0.233*cos(2*pi*x_1) - 0.105*cos(pi*x_10) + 0.0305*cos(2*pi*x_10) + 0.0193*cos(pi*x_11) - 0.0314*cos(2*pi*x_11) + 0.00503*cos(pi*x_12) + 0.0125*cos(2*pi*x_12) + 0.0701*cos(pi*x_2) + 0.0298*cos(2*pi*x_2) - 0.0337*cos(pi*x_3) - 0.0141*cos(2*pi*x_3) + 0.234*cos(pi*x_4) - 0.106*cos(2*pi*x_4) + 0.205*cos(pi*x_5) - 0.0818*cos(2*pi*x_5) + 0.0568*cos(pi*x_6) - 0.107*cos(2*pi*x_6) + 0.0368*cos(pi*x_7) - 0.064*cos(2*pi*x_7) - 0.0134*cos(pi*x_8) + 0.0865*cos(2*pi*x_8) - 0.183*cos(pi*x_9) + 0.0326*cos(2*pi*x_9) + 1.2908)
h_3 = tanh(-0.421*sin(pi*x_1) + 0.121*sin(2*pi*x_1) - 0.584*sin(pi*x_10) + 0.0764*sin(2*pi*x_10) + 0.209*sin(pi*x_11) - 0.103*sin(2*pi*x_11) - 0.196*sin(pi*x_12) + 0.0538*sin(2*pi*x_12) + 0.626*sin(pi*x_2) - 0.0792*sin(2*pi*x_2) - 0.0236*sin(pi*x_3) - 0.075*sin(2*pi*x_3) + 0.374*sin(pi*x_4) - 0.0772*sin(2*pi*x_4) + 0.381*sin(pi*x_5) - 0.0837*sin(2*pi*x_5) + 0.0171*sin(pi*x_6) + 0.0179*sin(2*pi*x_6) - 0.173*sin(pi*x_7) + 0.00734*sin(pi*x_8) + 0.00457*sin(2*pi*x_8) + 0.00156*sin(pi*x_9) - 0.0581*sin(2*pi*x_9) + 0.167*cos(pi*x_1) + 0.0114*cos(2*pi*x_1) - 0.146*cos(pi*x_10) + 0.0626*cos(2*pi*x_10) + 0.00427*cos(pi*x_11) - 0.0431*cos(2*pi*x_11) + 0.0856*cos(pi*x_12) - 0.0074*cos(2*pi*x_12) - 0.244*cos(pi*x_2) + 0.312*cos(2*pi*x_2) - 0.331*cos(pi*x_3) + 0.0419*cos(2*pi*x_3) - 0.139*cos(pi*x_4) + 0.0701*cos(2*pi*x_4) + 0.197*cos(pi*x_5) - 0.194*cos(2*pi*x_5) + 0.113*cos(pi*x_6) - 0.0273*cos(2*pi*x_6) + 0.0651*cos(pi*x_7) - 0.11*cos(2*pi*x_7) - 0.0852*cos(pi*x_8) + 0.214*cos(2*pi*x_8) - 0.218*cos(pi*x_9) + 0.0261*cos(2*pi*x_9) - 1.3927)
y = -0.733*sin(pi*h_1) + 0.172*sin(2*pi*h_1) - 0.228*sin(pi*h_2) - 0.181*sin(2*pi*h_2) + 0.505*sin(pi*h_3) - 0.225*sin(2*pi*h_3) + 0.231*cos(pi*h_1) - 0.132*cos(2*pi*h_1) - 1.05*cos(pi*h_2) + 0.237*cos(2*pi*h_2) - 0.217*cos(pi*h_3) + 0.208*cos(2*pi*h_3) - 0.4273",mango,PLS scores,1 hidden layer,external,fourier 1 hidden layer
fourier,4.0,1e-05,0.0,100,0.7941756323176543,196,12,0.9999833176820794,16.0,"h_1 = tanh(-0.594*sin(pi*x_1) + 0.0332*sin(2*pi*x_1) - 0.106*sin(pi*x_10) + 0.0499*sin(2*pi*x_10) - 0.123*sin(pi*x_11) + 0.0307*sin(2*pi*x_11) - 0.0145*sin(pi*x_12) + 0.0182*sin(2*pi*x_12) + 0.451*sin(pi*x_2) - 0.149*sin(2*pi*x_2) - 0.278*sin(pi*x_3) + 0.0566*sin(2*pi*x_3) + 0.215*sin(pi*x_4) - 0.0264*sin(2*pi*x_4) - 0.00728*sin(pi*x_5) - 0.0124*sin(2*pi*x_5) - 0.00163*sin(pi*x_6) + 0.0193*sin(2*pi*x_6) + 0.0677*sin(pi*x_7) + 0.0282*sin(2*pi*x_7) + 0.128*sin(pi*x_8) - 0.0193*sin(2*pi*x_8) + 0.0897*sin(pi*x_9) + 0.0103*sin(2*pi*x_9) - 0.519*cos(pi*x_1) + 0.232*cos(2*pi*x_1) - 0.0676*cos(pi*x_10) + 0.0183*cos(2*pi*x_10) + 0.00124*cos(pi*x_11) + 0.00665*cos(2*pi*x_11) - 0.0419*cos(pi*x_12) + 0.0113*cos(2*pi*x_12) - 0.125*cos(pi*x_2) + 0.0864*cos(2*pi*x_2) - 0.044*cos(pi*x_3) - 0.00565*cos(2*pi*x_3) - 0.273*cos(pi*x_4) + 0.169*cos(2*pi*x_4) - 0.0757*cos(pi*x_5) + 0.0154*cos(2*pi*x_5) - 0.0619*cos(pi*x_6) + 0.0575*cos(2*pi*x_6) + 0.0289*cos(pi*x_7) - 0.01*cos(2*pi*x_7) - 0.138*cos(pi*x_8) + 0.0109*cos(2*pi*x_8) + 0.108*cos(pi*x_9) - 0.0582*cos(2*pi*x_9) - 0.63246)
h_2 = -tanh(-0.473*sin(pi*x_1) + 0.263*sin(2*pi*x_1) + 0.339*sin(pi*x_10) + 0.0777*sin(2*pi*x_10) - 0.101*sin(pi*x_11) + 0.0317*sin(2*pi*x_11) - 0.143*sin(pi*x_12) + 0.054*sin(2*pi*x_12) + 0.118*sin(pi*x_2) + 0.0608*sin(2*pi*x_2) - 0.155*sin(pi*x_3) + 0.11*sin(2*pi*x_3) + 0.883*sin(pi*x_4) - 0.116*sin(2*pi*x_4) - 0.269*sin(pi*x_5) + 0.0211*sin(2*pi*x_5) + 0.185*sin(pi*x_6) - 0.0936*sin(2*pi*x_6) + 0.154*sin(pi*x_7) - 0.385*sin(2*pi*x_7) - 0.0947*sin(pi*x_8) - 0.0868*sin(2*pi*x_8) + 0.201*sin(pi*x_9) - 0.0524*sin(2*pi*x_9) + 0.708*cos(pi*x_1) - 0.454*cos(2*pi*x_1) + 0.338*cos(pi*x_10) + 0.00646*cos(2*pi*x_10) - 0.0167*cos(pi*x_11) - 0.00364*cos(2*pi*x_11) + 0.0256*cos(pi*x_12) - 0.00701*cos(2*pi*x_12) - 0.101*cos(pi*x_2) + 0.148*cos(2*pi*x_2) + 0.23*cos(pi*x_3) + 0.0158*cos(2*pi*x_3) - 0.219*cos(pi*x_4) - 0.21*cos(2*pi*x_4) + 0.194*cos(pi*x_5) + 0.0809*cos(2*pi*x_5) - 0.0117*cos(pi*x_6) + 0.113*cos(2*pi*x_6) + 0.269*cos(pi*x_7) - 0.134*cos(2*pi*x_7) - 0.121*cos(pi*x_8) + 0.107*cos(2*pi*x_8) + 0.109*cos(pi*x_9) + 0.149*cos(2*pi*x_9) + 0.4286)
h_3 = -tanh(0.527*sin(pi*x_1) - 0.0814*sin(2*pi*x_1) + 0.192*sin(pi*x_10) + 0.0107*sin(2*pi*x_10) + 0.0648*sin(pi*x_11) - 0.0536*sin(2*pi*x_11) - 0.0115*sin(pi*x_12) + 0.0197*sin(2*pi*x_12) - 0.476*sin(pi*x_2) + 0.128*sin(2*pi*x_2) + 0.314*sin(pi*x_3) - 0.107*sin(2*pi*x_3) - 0.417*sin(pi*x_4) + 0.167*sin(2*pi*x_4) + 0.0253*sin(pi*x_5) - 0.0273*sin(2*pi*x_5) + 0.216*sin(pi*x_6) - 0.0637*sin(2*pi*x_6) - 0.0176*sin(pi*x_7) - 0.0922*sin(2*pi*x_7) - 0.242*sin(pi*x_8) + 0.043*sin(2*pi*x_8) + 0.189*sin(pi*x_9) - 0.0939*sin(2*pi*x_9) + 0.0285*cos(pi*x_1) - 0.0362*cos(2*pi*x_1) + 0.0272*cos(pi*x_10) + 0.0837*cos(2*pi*x_10) - 0.0186*cos(pi*x_11) - 0.00217*cos(2*pi*x_11) - 0.0536*cos(pi*x_12) + 0.0241*cos(2*pi*x_12) - 0.1*cos(pi*x_2) + 0.0661*cos(2*pi*x_2) + 0.0329*cos(pi*x_3) + 0.0115*cos(2*pi*x_3) - 0.193*cos(pi*x_4) + 0.0794*cos(2*pi*x_4) + 0.0434*cos(pi*x_5) + 0.016*cos(2*pi*x_5) - 0.0629*cos(pi*x_6) + 0.0333*cos(2*pi*x_6) + 0.206*cos(pi*x_7) - 0.104*cos(2*pi*x_7) - 0.196*cos(pi*x_8) + 0.0619*cos(2*pi*x_8) - 0.134*cos(pi*x_9) - 0.00648*cos(2*pi*x_9) - 0.5639)
y = -0.689*sin(pi*h_1) + 0.021*sin(2*pi*h_1) - 0.351*sin(pi*h_2) + 0.0239*sin(2*pi*h_2) - 0.158*sin(pi*h_3) - 0.377*sin(2*pi*h_3) - 0.68*cos(pi*h_1) + 0.31*cos(2*pi*h_1) + 0.241*cos(pi*h_2) - 0.0162*cos(2*pi*h_2) + 1.13*cos(pi*h_3) - 0.174*cos(2*pi*h_3) + 0.1475",mango,PLS scores,1 hidden layer,external,fourier 1 hidden layer
fourier,4.0,1e-05,0.0,13,0.7829152250072848,196,12,0.9999879300102563,16.0,"h_1 = tanh(-0.343*sin(pi*x_1) + 0.0898*sin(2*pi*x_1) - 0.0626*sin(pi*x_10) - 0.00609*sin(2*pi*x_10) - 0.0225*sin(pi*x_11) + 0.0261*sin(2*pi*x_11) - 0.0175*sin(pi*x_12) - 0.00489*sin(2*pi*x_12) + 0.301*sin(pi*x_2) - 0.0782*sin(2*pi*x_2) - 0.188*sin(pi*x_3) + 0.0646*sin(2*pi*x_3) + 0.335*sin(pi*x_4) - 0.107*sin(2*pi*x_4) - 0.128*sin(pi*x_5) + 0.0509*sin(2*pi*x_5) - 0.103*sin(pi*x_6) + 0.036*sin(2*pi*x_6) + 0.0268*sin(pi*x_7) - 0.00305*sin(2*pi*x_7) + 0.161*sin(pi*x_8) - 0.0376*sin(2*pi*x_8) - 0.0633*sin(pi*x_9) + 0.0275*sin(2*pi*x_9) - 0.132*cos(pi*x_1) - 0.0116*cos(2*pi*x_1) + 0.049*cos(pi*x_10) - 0.0362*cos(2*pi*x_10) + 0.00714*cos(pi*x_11) - 0.00851*cos(2*pi*x_11) + 0.0515*cos(pi*x_12) + 0.000885*cos(2*pi*x_12) + 0.0419*cos(pi*x_2) - 0.00782*cos(2*pi*x_2) - 0.0475*cos(pi*x_3) + 0.0282*cos(2*pi*x_3) + 0.0845*cos(pi*x_4) - 0.053*cos(2*pi*x_4) - 0.12*cos(pi*x_5) + 0.0299*cos(2*pi*x_5) + 0.0154*cos(pi*x_6) + 0.00889*cos(2*pi*x_6) - 0.05*cos(pi*x_7) + 0.032*cos(2*pi*x_7) + 0.0416*cos(pi*x_8) + 0.0154*cos(2*pi*x_8) + 0.0626*cos(2*pi*x_9) + 0.3808)
h_2 = tanh(-0.752*sin(pi*x_1) + 0.054*sin(2*pi*x_1) - 0.0361*sin(pi*x_10) + 0.0633*sin(2*pi*x_10) - 0.147*sin(pi*x_11) + 0.0258*sin(2*pi*x_11) - 0.0305*sin(pi*x_12) + 0.0364*sin(2*pi*x_12) + 0.175*sin(pi*x_2) - 0.0317*sin(2*pi*x_2) - 0.264*sin(pi*x_3) + 0.015*sin(2*pi*x_3) + 0.142*sin(pi*x_4) + 0.0836*sin(2*pi*x_4) + 0.173*sin(pi*x_5) + 0.0715*sin(2*pi*x_5) + 0.118*sin(pi*x_6) - 0.0983*sin(2*pi*x_6) + 0.144*sin(pi*x_7) + 0.0273*sin(2*pi*x_7) - 0.105*sin(pi*x_8) + 0.079*sin(2*pi*x_8) + 0.264*sin(pi*x_9) - 0.0313*sin(2*pi*x_9) - 0.564*cos(pi*x_1) + 0.339*cos(2*pi*x_1) - 0.13*cos(pi*x_10) + 0.0611*cos(2*pi*x_10) - 0.119*cos(pi*x_11) + 0.0382*cos(2*pi*x_11) - 0.0898*cos(pi*x_12) + 0.0126*cos(2*pi*x_12) - 0.43*cos(pi*x_2) + 0.0807*cos(2*pi*x_2) - 0.0485*cos(pi*x_3) - 0.00198*cos(2*pi*x_3) - 0.341*cos(pi*x_4) + 0.177*cos(2*pi*x_4) - 0.0624*cos(pi*x_5) + 0.13*cos(2*pi*x_5) + 0.0545*cos(pi*x_6) + 0.114*cos(2*pi*x_6) + 0.0825*cos(pi*x_7) - 0.0283*cos(2*pi*x_7) - 0.292*cos(pi*x_8) - 0.0561*cos(2*pi*x_8) + 0.203*cos(pi*x_9) - 0.114*cos(2*pi*x_9) + 0.12116)
h_3 = tanh(-0.785*sin(pi*x_1) + 0.292*sin(2*pi*x_1) + 0.0601*sin(pi*x_10) + 0.0423*sin(2*pi*x_10) + 0.0721*sin(pi*x_11) - 0.0972*sin(2*pi*x_11) + 0.0473*sin(pi*x_12) - 0.0509*sin(2*pi*x_12) - 0.0853*sin(pi*x_2) + 0.101*sin(2*pi*x_2) + 0.0115*sin(pi*x_3) - 0.0623*sin(2*pi*x_3) - 0.00324*sin(pi*x_4) + 0.0998*sin(2*pi*x_4) + 0.372*sin(pi*x_5) - 0.047*sin(2*pi*x_5) + 0.0335*sin(pi*x_6) - 0.0839*sin(2*pi*x_6) - 0.166*sin(pi*x_7) + 0.105*sin(2*pi*x_7) - 0.106*sin(pi*x_8) + 0.0535*sin(2*pi*x_8) + 0.223*sin(pi*x_9) - 0.0741*sin(2*pi*x_9) + 0.318*cos(pi*x_1) - 0.0186*cos(2*pi*x_1) - 0.111*cos(pi*x_10) - 0.0399*cos(2*pi*x_10) - 0.254*cos(pi*x_11) + 0.0804*cos(2*pi*x_11) + 0.0927*cos(pi*x_12) - 0.0338*cos(2*pi*x_12) - 0.189*cos(pi*x_2) + 0.0392*cos(2*pi*x_2) - 0.183*cos(pi*x_3) + 0.0288*cos(2*pi*x_3) - 0.175*cos(pi*x_4) + 0.0968*cos(2*pi*x_4) + 0.522*cos(pi*x_5) - 0.0309*cos(2*pi*x_5) + 0.112*cos(pi*x_6) + 0.0048*cos(2*pi*x_6) + 0.154*cos(pi*x_7) + 0.0208*cos(2*pi*x_7) - 0.333*cos(pi*x_8) + 0.108*cos(2*pi*x_8) - 0.0867*cos(pi*x_9) - 0.0422*cos(2*pi*x_9) - 0.14408)
y = -0.62*sin(pi*h_1) - 0.0964*sin(2*pi*h_1) - 0.516*sin(pi*h_2) + 0.0799*sin(2*pi*h_2) + 0.357*sin(pi*h_3) - 0.138*sin(2*pi*h_3) + 1.2*cos(pi*h_1) - 0.3*cos(2*pi*h_1) - 0.346*cos(pi*h_2) + 0.177*cos(2*pi*h_2) - 0.414*cos(pi*h_3) + 0.0529*cos(2*pi*h_3) + 0.467",mango,PLS scores,1 hidden layer,external,fourier 1 hidden layer
rbf,4.0,1e-05,0.0,42,0.8613225083083011,196,12,0.9999969252957046,19.0,"h_1 = -tanh(0.138*exp(-(2.0*x_9 + 2.0)**2) + 0.165*exp(-(2.0*x_9 + 1.0)**2) - 0.221*exp(-(2.0*x_9 - 1.0)**2) + 0.772*exp(-(2.0*x_9 - 2.0)**2) + 0.0978*exp(-(2.0*x_8 + 2.0)**2) + 0.047*exp(-(2.0*x_8 + 1.0)**2) - 0.187*exp(-(2.0*x_8 - 1.0)**2) - 0.355*exp(-(2.0*x_8 - 2.0)**2) + 0.0318*exp(-(2.0*x_7 + 2.0)**2) + 0.372*exp(-(2.0*x_7 + 1.0)**2) - 0.132*exp(-(2.0*x_7 - 1.0)**2) - 0.0934*exp(-(2.0*x_7 - 2.0)**2) + 0.00667*exp(-(2.0*x_6 + 2.0)**2) - 0.109*exp(-(2.0*x_6 + 1.0)**2) + 0.303*exp(-(2.0*x_6 - 1.0)**2) - 0.561*exp(-(2.0*x_6 - 2.0)**2) - 0.577*exp(-(2.0*x_5 + 2.0)**2) + 0.0688*exp(-(2.0*x_5 + 1.0)**2) + 0.494*exp(-(2.0*x_5 - 1.0)**2) + 0.606*exp(-(2.0*x_5 - 2.0)**2) - 0.198*exp(-(2.0*x_4 + 2.0)**2) + 0.378*exp(-(2.0*x_4 + 1.0)**2) + 0.136*exp(-(2.0*x_4 - 1.0)**2) - 0.101*exp(-(2.0*x_4 - 2.0)**2) - 0.254*exp(-(2.0*x_3 + 2.0)**2) + 0.0487*exp(-(2.0*x_3 + 1.0)**2) + 0.202*exp(-(2.0*x_3 - 1.0)**2) - 0.0486*exp(-(2.0*x_3 - 2.0)**2) + 0.527*exp(-(2.0*x_2 + 2.0)**2) - 0.144*exp(-(2.0*x_2 + 1.0)**2) - 0.0807*exp(-(2.0*x_2 - 1.0)**2) - 0.325*exp(-(2.0*x_2 - 2.0)**2) + 0.0669*exp(-(2.0*x_12 + 2.0)**2) - 0.0572*exp(-(2.0*x_12 + 1.0)**2) - 0.0362*exp(-(2.0*x_12 - 1.0)**2) - 0.278*exp(-(2.0*x_12 - 2.0)**2) - 0.393*exp(-(2.0*x_11 + 2.0)**2) - 0.0278*exp(-(2.0*x_11 + 1.0)**2) - 0.0294*exp(-(2.0*x_11 - 1.0)**2) + 0.416*exp(-(2.0*x_11 - 2.0)**2) + 0.288*exp(-(2.0*x_10 + 2.0)**2) + 0.102*exp(-(2.0*x_10 + 1.0)**2) - 0.262*exp(-(2.0*x_10 - 1.0)**2) + 0.214*exp(-(2.0*x_10 - 2.0)**2) - 0.989*exp(-(2.0*x_1 + 2.0)**2) - 0.175*exp(-(2.0*x_1 + 1.0)**2) + 0.771*exp(-(2.0*x_1 - 1.0)**2) + 1.18*exp(-(2.0*x_1 - 2.0)**2) - 0.0208*exp(-4.0*x_9**2) + 0.111*exp(-4.0*x_8**2) - 0.106*exp(-4.0*x_7**2) - 0.146*exp(-4.0*x_6**2) + 0.282*exp(-4.0*x_5**2) - 0.112*exp(-4.0*x_4**2) - 0.0325*exp(-4.0*x_3**2) + 0.135*exp(-4.0*x_2**2) + 0.0389*exp(-4.0*x_12**2) + 0.0627*exp(-4.0*x_11**2) - 0.00463*exp(-4.0*x_10**2) + 0.124*exp(-4.0*x_1**2))
h_2 = tanh(-0.0226*exp(-(2.0*x_9 + 2.0)**2) - 0.0918*exp(-(2.0*x_9 + 1.0)**2) + 0.0783*exp(-(2.0*x_9 - 1.0)**2) - 0.648*exp(-(2.0*x_9 - 2.0)**2) - 0.342*exp(-(2.0*x_8 + 2.0)**2) - 0.189*exp(-(2.0*x_8 + 1.0)**2) + 0.0807*exp(-(2.0*x_8 - 1.0)**2) + 0.193*exp(-(2.0*x_8 - 2.0)**2) + 0.156*exp(-(2.0*x_7 + 2.0)**2) - 0.212*exp(-(2.0*x_7 + 1.0)**2) - 0.274*exp(-(2.0*x_7 - 1.0)**2) + 0.664*exp(-(2.0*x_7 - 2.0)**2) + 0.24*exp(-(2.0*x_6 + 2.0)**2) + 0.0179*exp(-(2.0*x_6 + 1.0)**2) - 0.194*exp(-(2.0*x_6 - 1.0)**2) - 0.0107*exp(-(2.0*x_6 - 2.0)**2) + 0.0473*exp(-(2.0*x_5 + 2.0)**2) + 0.00625*exp(-(2.0*x_5 + 1.0)**2) - 0.135*exp(-(2.0*x_5 - 1.0)**2) - 0.493*exp(-(2.0*x_5 - 2.0)**2) - 0.996*exp(-(2.0*x_4 + 2.0)**2) - 0.136*exp(-(2.0*x_4 + 1.0)**2) + 0.371*exp(-(2.0*x_4 - 1.0)**2) + 0.591*exp(-(2.0*x_4 - 2.0)**2) + 0.491*exp(-(2.0*x_3 + 2.0)**2) + 0.132*exp(-(2.0*x_3 + 1.0)**2) - 0.0685*exp(-(2.0*x_3 - 1.0)**2) - 0.662*exp(-(2.0*x_3 - 2.0)**2) - 0.849*exp(-(2.0*x_2 + 2.0)**2) - 0.224*exp(-(2.0*x_2 + 1.0)**2) + 0.291*exp(-(2.0*x_2 - 1.0)**2) + 0.404*exp(-(2.0*x_2 - 2.0)**2) + 0.0695*exp(-(2.0*x_12 + 2.0)**2) + 0.169*exp(-(2.0*x_12 + 1.0)**2) + 0.0585*exp(-(2.0*x_12 - 1.0)**2) - 0.189*exp(-(2.0*x_12 - 2.0)**2) + 0.0082*exp(-(2.0*x_11 + 2.0)**2) + 0.11*exp(-(2.0*x_11 + 1.0)**2) + 0.117*exp(-(2.0*x_11 - 1.0)**2) - 0.406*exp(-(2.0*x_11 - 2.0)**2) - 0.046*exp(-(2.0*x_10 + 2.0)**2) + 0.204*exp(-(2.0*x_10 + 1.0)**2) + 0.163*exp(-(2.0*x_10 - 1.0)**2) - 0.14*exp(-(2.0*x_10 - 2.0)**2) + 1.17*exp(-(2.0*x_1 + 2.0)**2) + 0.282*exp(-(2.0*x_1 + 1.0)**2) - 0.376*exp(-(2.0*x_1 - 1.0)**2) - 0.936*exp(-(2.0*x_1 - 2.0)**2) + 0.142*exp(-4.0*x_9**2) + 0.0921*exp(-4.0*x_8**2) + 0.189*exp(-4.0*x_7**2) + 0.16*exp(-4.0*x_6**2) - 0.0236*exp(-4.0*x_5**2) - 0.0186*exp(-4.0*x_4**2) - 0.0837*exp(-4.0*x_3**2) + 0.00339*exp(-4.0*x_2**2) + 0.0114*exp(-4.0*x_12**2) - 0.128*exp(-4.0*x_11**2) - 0.0497*exp(-4.0*x_10**2) - 0.131*exp(-4.0*x_1**2))
h_3 = -tanh(-0.115*exp(-(2.0*x_9 + 2.0)**2) - 0.048*exp(-(2.0*x_9 + 1.0)**2) + 0.24*exp(-(2.0*x_9 - 1.0)**2) - 1.24*exp(-(2.0*x_9 - 2.0)**2) + 0.",mango,PLS scores,1 hidden layer,external,rbf 1 hidden layer
rbf,4.0,1e-05,0.0,7,0.8655377014029074,196,12,0.9999975610954461,19.0,"h_1 = tanh(0.186*exp(-(2.0*x_9 + 2.0)**2) + 0.0402*exp(-(2.0*x_9 + 1.0)**2) - 0.0849*exp(-(2.0*x_9 - 1.0)**2) - 0.192*exp(-(2.0*x_9 - 2.0)**2) - 0.0147*exp(-(2.0*x_8 + 2.0)**2) + 0.228*exp(-(2.0*x_8 + 1.0)**2) + 0.028*exp(-(2.0*x_8 - 1.0)**2) - 0.265*exp(-(2.0*x_8 - 2.0)**2) + 0.0701*exp(-(2.0*x_7 + 2.0)**2) - 0.0314*exp(-(2.0*x_7 + 1.0)**2) - 0.144*exp(-(2.0*x_7 - 1.0)**2) - 0.245*exp(-(2.0*x_7 - 2.0)**2) + 0.126*exp(-(2.0*x_6 + 2.0)**2) + 0.0707*exp(-(2.0*x_6 + 1.0)**2) + 0.129*exp(-(2.0*x_6 - 1.0)**2) - 0.0742*exp(-(2.0*x_6 - 2.0)**2) + 0.252*exp(-(2.0*x_5 + 2.0)**2) - 0.0863*exp(-(2.0*x_5 + 1.0)**2) - 0.191*exp(-(2.0*x_5 - 1.0)**2) + 0.262*exp(-(2.0*x_5 - 2.0)**2) + 0.034*exp(-(2.0*x_4 + 2.0)**2) + 0.47*exp(-(2.0*x_4 + 1.0)**2) - 0.107*exp(-(2.0*x_4 - 1.0)**2) - 0.599*exp(-(2.0*x_4 - 2.0)**2) - 0.421*exp(-(2.0*x_3 + 2.0)**2) - 0.0904*exp(-(2.0*x_3 + 1.0)**2) + 0.3*exp(-(2.0*x_3 - 1.0)**2) + 0.424*exp(-(2.0*x_3 - 2.0)**2) + 1.43*exp(-(2.0*x_2 + 2.0)**2) + 0.413*exp(-(2.0*x_2 + 1.0)**2) - 0.128*exp(-(2.0*x_2 - 1.0)**2) - 0.64*exp(-(2.0*x_2 - 2.0)**2) - 0.177*exp(-(2.0*x_12 + 2.0)**2) - 0.076*exp(-(2.0*x_12 + 1.0)**2) + 0.0025*exp(-(2.0*x_12 - 1.0)**2) + 0.212*exp(-(2.0*x_12 - 2.0)**2) - 0.0384*exp(-(2.0*x_11 + 2.0)**2) - 0.133*exp(-(2.0*x_11 + 1.0)**2) - 0.0847*exp(-(2.0*x_11 - 1.0)**2) + 0.364*exp(-(2.0*x_11 - 2.0)**2) - 0.55*exp(-(2.0*x_10 + 2.0)**2) + 0.0758*exp(-(2.0*x_10 + 1.0)**2) + 0.109*exp(-(2.0*x_10 - 1.0)**2) + 0.248*exp(-(2.0*x_10 - 2.0)**2) - 0.922*exp(-(2.0*x_1 + 2.0)**2) - 0.116*exp(-(2.0*x_1 + 1.0)**2) + 0.765*exp(-(2.0*x_1 - 1.0)**2) + 1.65*exp(-(2.0*x_1 - 2.0)**2) + 0.0434*exp(-4.0*x_9**2) - 0.0634*exp(-4.0*x_8**2) - 0.0512*exp(-4.0*x_7**2) - 0.119*exp(-4.0*x_6**2) + 0.313*exp(-4.0*x_5**2) - 0.0299*exp(-4.0*x_4**2) + 0.0967*exp(-4.0*x_3**2) + 0.165*exp(-4.0*x_2**2) + 0.0151*exp(-4.0*x_12**2) + 0.031*exp(-4.0*x_11**2) - 0.0782*exp(-4.0*x_10**2) + 0.211*exp(-4.0*x_1**2))
h_2 = -tanh(-0.773*exp(-(2.0*x_9 + 2.0)**2) + 0.212*exp(-(2.0*x_9 + 1.0)**2) - 0.181*exp(-(2.0*x_9 - 1.0)**2) + 1.27*exp(-(2.0*x_9 - 2.0)**2) + 0.249*exp(-(2.0*x_8 + 2.0)**2) + 0.326*exp(-(2.0*x_8 + 1.0)**2) - 0.193*exp(-(2.0*x_8 - 1.0)**2) - 0.707*exp(-(2.0*x_8 - 2.0)**2) + 0.211*exp(-(2.0*x_7 + 2.0)**2) + 0.402*exp(-(2.0*x_7 + 1.0)**2) - 0.0852*exp(-(2.0*x_7 - 1.0)**2) + 1.11*exp(-(2.0*x_7 - 2.0)**2) + 1.7*exp(-(2.0*x_6 + 2.0)**2) + 0.276*exp(-(2.0*x_6 + 1.0)**2) + 0.345*exp(-(2.0*x_6 - 1.0)**2) - 0.558*exp(-(2.0*x_6 - 2.0)**2) - 0.607*exp(-(2.0*x_5 + 2.0)**2) + 0.147*exp(-(2.0*x_5 + 1.0)**2) + 0.846*exp(-(2.0*x_5 - 1.0)**2) - 0.238*exp(-(2.0*x_5 - 2.0)**2) - 1.0*exp(-(2.0*x_4 + 2.0)**2) + 0.349*exp(-(2.0*x_4 + 1.0)**2) + 0.426*exp(-(2.0*x_4 - 1.0)**2) + 0.0842*exp(-(2.0*x_4 - 2.0)**2) + 0.123*exp(-(2.0*x_3 + 2.0)**2) + 0.208*exp(-(2.0*x_3 + 1.0)**2) + 0.323*exp(-(2.0*x_3 - 1.0)**2) - 0.594*exp(-(2.0*x_3 - 2.0)**2) + 0.392*exp(-(2.0*x_2 + 2.0)**2) - 0.113*exp(-(2.0*x_2 + 1.0)**2) - 0.00926*exp(-(2.0*x_2 - 1.0)**2) + 0.264*exp(-(2.0*x_2 - 2.0)**2) + 0.816*exp(-(2.0*x_12 + 2.0)**2) - 0.0933*exp(-(2.0*x_12 + 1.0)**2) - 0.0762*exp(-(2.0*x_12 - 1.0)**2) - 0.344*exp(-(2.0*x_12 - 2.0)**2) - 0.312*exp(-(2.0*x_11 + 2.0)**2) + 0.103*exp(-(2.0*x_11 - 1.0)**2) + 0.513*exp(-(2.0*x_11 - 2.0)**2) + 0.974*exp(-(2.0*x_10 + 2.0)**2) + 0.744*exp(-(2.0*x_10 + 1.0)**2) - 0.377*exp(-(2.0*x_10 - 1.0)**2) + 0.185*exp(-(2.0*x_10 - 2.0)**2) - 0.272*exp(-(2.0*x_1 + 2.0)**2) + 0.0276*exp(-(2.0*x_1 + 1.0)**2) + 0.613*exp(-(2.0*x_1 - 1.0)**2) + 0.14*exp(-(2.0*x_1 - 2.0)**2) + 0.0326*exp(-4.0*x_9**2) + 0.228*exp(-4.0*x_8**2) - 0.231*exp(-4.0*x_7**2) - 0.135*exp(-4.0*x_6**2) + 0.372*exp(-4.0*x_5**2) - 0.183*exp(-4.0*x_4**2) - 0.0987*exp(-4.0*x_3**2) - 0.0905*exp(-4.0*x_2**2) + 0.132*exp(-4.0*x_12**2) + 0.156*exp(-4.0*x_11**2) - 0.0286*exp(-4.0*x_10**2) + 0.0693*exp(-4.0*x_1**2))
h_3 = tanh(0.00853*exp(-(2.0*x_9 + 2.0)**2) + 0.127*exp(-(2.0*x_9 + 1.0)**2) + 0.497*exp(-(2.0*x_9 - 2.0)**2) + 0.339*exp(-(2.0*x_8 + 2.0)**2) + 0.108*exp(-(2.0*x_8 + 1.0)**2) - 0.0716*exp(-(2.0*x",mango,PLS scores,1 hidden layer,external,rbf 1 hidden layer
rbf,4.0,1e-05,0.0,2024,0.8548243555142363,196,12,0.9999952721351745,19.0,"h_1 = -tanh(0.363*exp(-(2.0*x_9 + 2.0)**2) - 0.169*exp(-(2.0*x_9 + 1.0)**2) - 0.0201*exp(-(2.0*x_9 - 1.0)**2) - 0.833*exp(-(2.0*x_9 - 2.0)**2) - 0.64*exp(-(2.0*x_8 + 2.0)**2) - 0.267*exp(-(2.0*x_8 + 1.0)**2) + 0.448*exp(-(2.0*x_8 - 1.0)**2) - 0.0391*exp(-(2.0*x_8 - 2.0)**2) + 0.571*exp(-(2.0*x_7 + 2.0)**2) - 0.365*exp(-(2.0*x_7 + 1.0)**2) + 0.421*exp(-(2.0*x_7 - 1.0)**2) + 1.2*exp(-(2.0*x_7 - 2.0)**2) - 0.416*exp(-(2.0*x_6 + 2.0)**2) - 0.143*exp(-(2.0*x_6 + 1.0)**2) - 0.196*exp(-(2.0*x_6 - 1.0)**2) + 0.415*exp(-(2.0*x_6 - 2.0)**2) + 0.0179*exp(-(2.0*x_5 + 2.0)**2) + 0.213*exp(-(2.0*x_5 + 1.0)**2) - 0.0869*exp(-(2.0*x_5 - 1.0)**2) + 0.312*exp(-(2.0*x_5 - 2.0)**2) - 1.23*exp(-(2.0*x_4 + 2.0)**2) + 0.441*exp(-(2.0*x_4 + 1.0)**2) + 0.118*exp(-(2.0*x_4 - 1.0)**2) + 0.347*exp(-(2.0*x_4 - 2.0)**2) + 0.54*exp(-(2.0*x_3 + 2.0)**2) + 0.0426*exp(-(2.0*x_3 + 1.0)**2) - 0.026*exp(-(2.0*x_3 - 1.0)**2) - 0.6*exp(-(2.0*x_3 - 2.0)**2) - 0.843*exp(-(2.0*x_2 + 2.0)**2) - 0.407*exp(-(2.0*x_2 + 1.0)**2) + 0.199*exp(-(2.0*x_2 - 1.0)**2) + 0.509*exp(-(2.0*x_2 - 2.0)**2) + 0.0825*exp(-(2.0*x_12 + 2.0)**2) + 0.163*exp(-(2.0*x_12 + 1.0)**2) + 0.0383*exp(-(2.0*x_12 - 1.0)**2) + 0.175*exp(-(2.0*x_12 - 2.0)**2) + 0.325*exp(-(2.0*x_11 + 2.0)**2) + 0.0459*exp(-(2.0*x_11 + 1.0)**2) + 0.24*exp(-(2.0*x_11 - 1.0)**2) - 0.28*exp(-(2.0*x_11 - 2.0)**2) - 0.121*exp(-(2.0*x_10 + 2.0)**2) + 0.671*exp(-(2.0*x_10 + 1.0)**2) - 0.257*exp(-(2.0*x_10 - 1.0)**2) + 0.437*exp(-(2.0*x_10 - 2.0)**2) + 0.111*exp(-(2.0*x_1 + 2.0)**2) - 0.225*exp(-(2.0*x_1 + 1.0)**2) - 0.171*exp(-(2.0*x_1 - 1.0)**2) - 0.301*exp(-(2.0*x_1 - 2.0)**2) + 0.153*exp(-4.0*x_9**2) + 0.0741*exp(-4.0*x_8**2) - 0.0173*exp(-4.0*x_7**2) + 0.253*exp(-4.0*x_6**2) - 0.366*exp(-4.0*x_5**2) - 0.00311*exp(-4.0*x_4**2) - 0.0488*exp(-4.0*x_3**2) + 0.0807*exp(-4.0*x_2**2) + 0.0152*exp(-4.0*x_12**2) - 0.127*exp(-4.0*x_11**2) - 0.0659*exp(-4.0*x_10**2) + 0.105*exp(-4.0*x_1**2))
h_2 = tanh(0.266*exp(-(2.0*x_9 + 2.0)**2) + 0.0205*exp(-(2.0*x_9 + 1.0)**2) - 0.0285*exp(-(2.0*x_9 - 1.0)**2) + 0.255*exp(-(2.0*x_9 - 2.0)**2) + 0.0375*exp(-(2.0*x_8 + 2.0)**2) - 0.121*exp(-(2.0*x_8 + 1.0)**2) + 0.0781*exp(-(2.0*x_8 - 1.0)**2) - 0.344*exp(-(2.0*x_8 - 2.0)**2) + 0.123*exp(-(2.0*x_7 + 2.0)**2) - 0.12*exp(-(2.0*x_7 + 1.0)**2) + 0.446*exp(-(2.0*x_7 - 1.0)**2) + 0.104*exp(-(2.0*x_7 - 2.0)**2) - 1.15*exp(-(2.0*x_6 + 2.0)**2) + 0.0108*exp(-(2.0*x_6 + 1.0)**2) + 0.119*exp(-(2.0*x_6 - 1.0)**2) + 0.316*exp(-(2.0*x_6 - 2.0)**2) - 0.0204*exp(-(2.0*x_5 + 2.0)**2) + 0.201*exp(-(2.0*x_5 + 1.0)**2) + 0.0545*exp(-(2.0*x_5 - 1.0)**2) + 0.867*exp(-(2.0*x_5 - 2.0)**2) + 0.47*exp(-(2.0*x_4 + 2.0)**2) + 0.332*exp(-(2.0*x_4 + 1.0)**2) - 0.568*exp(-(2.0*x_4 - 1.0)**2) - 0.738*exp(-(2.0*x_4 - 2.0)**2) - 0.367*exp(-(2.0*x_3 + 2.0)**2) - 0.101*exp(-(2.0*x_3 + 1.0)**2) + 0.0165*exp(-(2.0*x_3 - 1.0)**2) + 0.728*exp(-(2.0*x_3 - 2.0)**2) + 0.662*exp(-(2.0*x_2 + 2.0)**2) - 0.00429*exp(-(2.0*x_2 + 1.0)**2) - 0.261*exp(-(2.0*x_2 - 1.0)**2) + 0.0629*exp(-(2.0*x_2 - 2.0)**2) + 0.361*exp(-(2.0*x_12 + 2.0)**2) - 0.205*exp(-(2.0*x_12 + 1.0)**2) - 0.0513*exp(-(2.0*x_12 - 1.0)**2) + 0.24*exp(-(2.0*x_12 - 2.0)**2) + 0.112*exp(-(2.0*x_11 + 2.0)**2) - 0.0695*exp(-(2.0*x_11 + 1.0)**2) - 0.00422*exp(-(2.0*x_11 - 1.0)**2) + 0.321*exp(-(2.0*x_11 - 2.0)**2) + 0.25*exp(-(2.0*x_10 + 2.0)**2) - 0.0356*exp(-(2.0*x_10 + 1.0)**2) - 0.438*exp(-(2.0*x_10 - 1.0)**2) + 0.464*exp(-(2.0*x_10 - 2.0)**2) - 0.768*exp(-(2.0*x_1 + 2.0)**2) - 0.56*exp(-(2.0*x_1 + 1.0)**2) + 0.342*exp(-(2.0*x_1 - 1.0)**2) + 1.14*exp(-(2.0*x_1 - 2.0)**2) - 0.0669*exp(-4.0*x_9**2) - 0.0788*exp(-4.0*x_8**2) - 0.185*exp(-4.0*x_7**2) - 0.0888*exp(-4.0*x_6**2) - 0.202*exp(-4.0*x_5**2) + 0.0427*exp(-4.0*x_4**2) + 0.0443*exp(-4.0*x_3**2) + 0.0772*exp(-4.0*x_2**2) - 0.0737*exp(-4.0*x_12**2) - 0.0439*exp(-4.0*x_11**2) + 0.139*exp(-4.0*x_10**2) + 0.307*exp(-4.0*x_1**2))
h_3 = tanh(0.336*exp(-(2.0*x_9 + 2.0)**2) - 0.0166*exp(-(2.0*x_9 + 1.0)**2) - 0.135*exp(-(2.0*x_9 - 1.0)**2) + 0.0411*exp(-(2.0*x_9 - 2.0)**2) + 0.0106*exp(-",mango,PLS scores,1 hidden layer,external,rbf 1 hidden layer
rbf,4.0,1e-05,0.0,100,0.8700568555857898,196,12,0.9999981150361807,19.0,"h_1 = tanh(0.403*exp(-(2.0*x_9 + 2.0)**2) - 0.108*exp(-(2.0*x_9 + 1.0)**2) + 0.0667*exp(-(2.0*x_9 - 1.0)**2) - 0.792*exp(-(2.0*x_9 - 2.0)**2) - 0.544*exp(-(2.0*x_8 + 2.0)**2) - 0.274*exp(-(2.0*x_8 + 1.0)**2) + 0.434*exp(-(2.0*x_8 - 1.0)**2) - 0.118*exp(-(2.0*x_8 - 2.0)**2) + 0.535*exp(-(2.0*x_7 + 2.0)**2) - 0.323*exp(-(2.0*x_7 + 1.0)**2) + 0.399*exp(-(2.0*x_7 - 1.0)**2) + 1.1*exp(-(2.0*x_7 - 2.0)**2) - 0.188*exp(-(2.0*x_6 + 2.0)**2) - 0.157*exp(-(2.0*x_6 + 1.0)**2) - 0.257*exp(-(2.0*x_6 - 1.0)**2) + 0.543*exp(-(2.0*x_6 - 2.0)**2) + 0.0658*exp(-(2.0*x_5 + 2.0)**2) + 0.195*exp(-(2.0*x_5 + 1.0)**2) - 0.00599*exp(-(2.0*x_5 - 1.0)**2) + 0.258*exp(-(2.0*x_5 - 2.0)**2) - 1.17*exp(-(2.0*x_4 + 2.0)**2) + 0.369*exp(-(2.0*x_4 + 1.0)**2) + 0.101*exp(-(2.0*x_4 - 1.0)**2) + 0.305*exp(-(2.0*x_4 - 2.0)**2) + 0.522*exp(-(2.0*x_3 + 2.0)**2) + 0.054*exp(-(2.0*x_3 + 1.0)**2) - 0.0345*exp(-(2.0*x_3 - 1.0)**2) - 0.473*exp(-(2.0*x_3 - 2.0)**2) - 0.69*exp(-(2.0*x_2 + 2.0)**2) - 0.349*exp(-(2.0*x_2 + 1.0)**2) + 0.255*exp(-(2.0*x_2 - 1.0)**2) + 0.501*exp(-(2.0*x_2 - 2.0)**2) - 0.0175*exp(-(2.0*x_12 + 2.0)**2) + 0.132*exp(-(2.0*x_12 + 1.0)**2) + 0.021*exp(-(2.0*x_12 - 1.0)**2) + 0.142*exp(-(2.0*x_12 - 2.0)**2) + 0.348*exp(-(2.0*x_11 + 2.0)**2) + 0.0703*exp(-(2.0*x_11 + 1.0)**2) + 0.189*exp(-(2.0*x_11 - 1.0)**2) - 0.0916*exp(-(2.0*x_11 - 2.0)**2) - 0.111*exp(-(2.0*x_10 + 2.0)**2) + 0.623*exp(-(2.0*x_10 + 1.0)**2) - 0.199*exp(-(2.0*x_10 - 1.0)**2) + 0.314*exp(-(2.0*x_10 - 2.0)**2) + 0.0447*exp(-(2.0*x_1 + 2.0)**2) - 0.225*exp(-(2.0*x_1 + 1.0)**2) - 0.3*exp(-(2.0*x_1 - 1.0)**2) - 0.279*exp(-(2.0*x_1 - 2.0)**2) + 0.203*exp(-4.0*x_9**2) + 0.0647*exp(-4.0*x_8**2) + 0.00491*exp(-4.0*x_7**2) + 0.223*exp(-4.0*x_6**2) - 0.339*exp(-4.0*x_5**2) - 0.0128*exp(-4.0*x_4**2) - 0.0479*exp(-4.0*x_3**2) + 0.0805*exp(-4.0*x_2**2) - 0.0165*exp(-4.0*x_12**2) - 0.0423*exp(-4.0*x_11**2) - 0.111*exp(-4.0*x_10**2) + 0.00802*exp(-4.0*x_1**2))
h_2 = -tanh(0.382*exp(-(2.0*x_9 + 2.0)**2) - 0.0044*exp(-(2.0*x_9 + 1.0)**2) - 0.103*exp(-(2.0*x_9 - 1.0)**2) - 0.153*exp(-(2.0*x_9 - 2.0)**2) - 0.0787*exp(-(2.0*x_8 + 2.0)**2) - 0.00868*exp(-(2.0*x_8 + 1.0)**2) - 0.27*exp(-(2.0*x_8 - 1.0)**2) - 0.288*exp(-(2.0*x_8 - 2.0)**2) + 0.397*exp(-(2.0*x_7 + 2.0)**2) - 0.185*exp(-(2.0*x_7 + 1.0)**2) - 0.23*exp(-(2.0*x_7 - 1.0)**2) + 0.179*exp(-(2.0*x_7 - 2.0)**2) + 0.521*exp(-(2.0*x_6 + 2.0)**2) + 0.147*exp(-(2.0*x_6 + 1.0)**2) + 0.124*exp(-(2.0*x_6 - 1.0)**2) - 0.276*exp(-(2.0*x_6 - 2.0)**2) - 0.0348*exp(-(2.0*x_5 + 2.0)**2) - 0.0678*exp(-(2.0*x_5 + 1.0)**2) - 0.159*exp(-(2.0*x_5 - 1.0)**2) + 0.288*exp(-(2.0*x_5 - 2.0)**2) - 0.133*exp(-(2.0*x_4 + 2.0)**2) + 0.522*exp(-(2.0*x_4 + 1.0)**2) - 0.056*exp(-(2.0*x_4 - 1.0)**2) - 0.551*exp(-(2.0*x_4 - 2.0)**2) - 0.247*exp(-(2.0*x_3 + 2.0)**2) - 0.122*exp(-(2.0*x_3 + 1.0)**2) + 0.444*exp(-(2.0*x_3 - 1.0)**2) + 0.307*exp(-(2.0*x_3 - 2.0)**2) + 1.44*exp(-(2.0*x_2 + 2.0)**2) + 0.19*exp(-(2.0*x_2 + 1.0)**2) - 0.119*exp(-(2.0*x_2 - 1.0)**2) - 0.77*exp(-(2.0*x_2 - 2.0)**2) - 0.21*exp(-(2.0*x_12 + 2.0)**2) + 0.0393*exp(-(2.0*x_12 + 1.0)**2) + 0.0583*exp(-(2.0*x_12 - 1.0)**2) + 0.166*exp(-(2.0*x_12 - 2.0)**2) - 0.296*exp(-(2.0*x_11 + 2.0)**2) - 0.045*exp(-(2.0*x_11 + 1.0)**2) + 0.0496*exp(-(2.0*x_11 - 1.0)**2) + 0.485*exp(-(2.0*x_11 - 2.0)**2) - 0.624*exp(-(2.0*x_10 + 2.0)**2) + 0.134*exp(-(2.0*x_10 + 1.0)**2) - 0.124*exp(-(2.0*x_10 - 1.0)**2) + 0.422*exp(-(2.0*x_10 - 2.0)**2) - 1.3*exp(-(2.0*x_1 + 2.0)**2) + 0.0803*exp(-(2.0*x_1 + 1.0)**2) + 1.12*exp(-(2.0*x_1 - 1.0)**2) + 1.32*exp(-(2.0*x_1 - 2.0)**2) + 0.0538*exp(-4.0*x_9**2) + 0.208*exp(-4.0*x_8**2) + 0.013*exp(-4.0*x_7**2) - 0.21*exp(-4.0*x_6**2) + 0.0888*exp(-4.0*x_5**2) - 0.108*exp(-4.0*x_4**2) + 0.122*exp(-4.0*x_3**2) + 0.169*exp(-4.0*x_2**2) + 0.0726*exp(-4.0*x_12**2) + 0.0855*exp(-4.0*x_11**2) - 0.0304*exp(-4.0*x_10**2) + 0.175*exp(-4.0*x_1**2))
h_3 = tanh(0.128*exp(-(2.0*x_9 + 2.0)**2) - 0.0172*exp(-(2.0*x_9 + 1.0)**2) - 0.0785*exp(-(2.0*x_9 - 1.0)**2) + 0.253*exp(-(2.0*x_9 - 2.0)**2) + 0.0164*exp(-(2.0*x_",mango,PLS scores,1 hidden layer,external,rbf 1 hidden layer
rbf,4.0,1e-05,0.0,13,0.8601808716325794,196,12,0.9999984120456065,19.0,"h_1 = tanh(0.0154*exp(-(2.0*x_9 + 2.0)**2) - 0.0907*exp(-(2.0*x_9 + 1.0)**2) + 0.139*exp(-(2.0*x_9 - 1.0)**2) - 1.55*exp(-(2.0*x_9 - 2.0)**2) + 0.157*exp(-(2.0*x_8 + 2.0)**2) + 0.202*exp(-(2.0*x_8 + 1.0)**2) + 0.339*exp(-(2.0*x_8 - 1.0)**2) + 0.345*exp(-(2.0*x_8 - 2.0)**2) - 0.0337*exp(-(2.0*x_7 + 2.0)**2) - 0.428*exp(-(2.0*x_7 + 1.0)**2) + 0.0151*exp(-(2.0*x_7 - 1.0)**2) + 0.00694*exp(-(2.0*x_7 - 2.0)**2) - 0.0284*exp(-(2.0*x_6 + 2.0)**2) - 0.0229*exp(-(2.0*x_6 + 1.0)**2) + 0.0815*exp(-(2.0*x_6 - 1.0)**2) + 0.318*exp(-(2.0*x_6 - 2.0)**2) + 0.953*exp(-(2.0*x_5 + 2.0)**2) - 0.18*exp(-(2.0*x_5 + 1.0)**2) - 0.499*exp(-(2.0*x_5 - 1.0)**2) - 0.355*exp(-(2.0*x_5 - 2.0)**2) + 0.585*exp(-(2.0*x_4 + 2.0)**2) + 0.223*exp(-(2.0*x_4 + 1.0)**2) - 0.125*exp(-(2.0*x_4 - 1.0)**2) - 0.621*exp(-(2.0*x_4 - 2.0)**2) - 0.0952*exp(-(2.0*x_3 + 2.0)**2) - 0.2*exp(-(2.0*x_3 + 1.0)**2) + 0.203*exp(-(2.0*x_3 - 1.0)**2) + 0.191*exp(-(2.0*x_3 - 2.0)**2) + 1.44*exp(-(2.0*x_2 + 2.0)**2) + 0.46*exp(-(2.0*x_2 + 1.0)**2) - 0.0193*exp(-(2.0*x_2 - 1.0)**2) - 0.546*exp(-(2.0*x_2 - 2.0)**2) - 0.517*exp(-(2.0*x_12 + 2.0)**2) - 0.0504*exp(-(2.0*x_12 + 1.0)**2) - 0.00415*exp(-(2.0*x_12 - 1.0)**2) + 0.53*exp(-(2.0*x_12 - 2.0)**2) + 0.586*exp(-(2.0*x_11 + 2.0)**2) - 0.0487*exp(-(2.0*x_11 + 1.0)**2) - 0.157*exp(-(2.0*x_11 - 1.0)**2) + 0.00737*exp(-(2.0*x_11 - 2.0)**2) - 0.913*exp(-(2.0*x_10 + 2.0)**2) - 0.306*exp(-(2.0*x_10 + 1.0)**2) + 0.644*exp(-(2.0*x_10 - 1.0)**2) + 0.644*exp(-(2.0*x_10 - 2.0)**2) - 0.224*exp(-(2.0*x_1 + 2.0)**2) + 0.156*exp(-(2.0*x_1 + 1.0)**2) + 0.298*exp(-(2.0*x_1 - 1.0)**2) + 2.59*exp(-(2.0*x_1 - 2.0)**2) + 0.0931*exp(-4.0*x_9**2) - 0.263*exp(-4.0*x_8**2) + 0.265*exp(-4.0*x_7**2) + 0.0748*exp(-4.0*x_6**2) + 0.00974*exp(-4.0*x_5**2) + 0.0745*exp(-4.0*x_4**2) + 0.185*exp(-4.0*x_3**2) + 0.0124*exp(-4.0*x_2**2) - 0.00857*exp(-4.0*x_12**2) + 0.0297*exp(-4.0*x_11**2) + 0.00449*exp(-4.0*x_10**2) - 0.178*exp(-4.0*x_1**2))
h_2 = -tanh(0.0957*exp(-(2.0*x_9 + 2.0)**2) + 0.116*exp(-(2.0*x_9 + 1.0)**2) - 0.219*exp(-(2.0*x_9 - 1.0)**2) + 0.511*exp(-(2.0*x_9 - 2.0)**2) + 0.13*exp(-(2.0*x_8 + 2.0)**2) + 0.105*exp(-(2.0*x_8 + 1.0)**2) - 0.221*exp(-(2.0*x_8 - 1.0)**2) - 0.46*exp(-(2.0*x_8 - 2.0)**2) + 0.0724*exp(-(2.0*x_7 + 2.0)**2) + 0.286*exp(-(2.0*x_7 + 1.0)**2) - 0.142*exp(-(2.0*x_7 - 1.0)**2) - 0.137*exp(-(2.0*x_7 - 2.0)**2) + 0.269*exp(-(2.0*x_6 + 2.0)**2) + 0.15*exp(-(2.0*x_6 + 1.0)**2) + 0.26*exp(-(2.0*x_6 - 1.0)**2) - 0.558*exp(-(2.0*x_6 - 2.0)**2) - 0.421*exp(-(2.0*x_5 + 2.0)**2) + 0.0497*exp(-(2.0*x_5 + 1.0)**2) + 0.0477*exp(-(2.0*x_5 - 1.0)**2) + 0.799*exp(-(2.0*x_5 - 2.0)**2) - 0.327*exp(-(2.0*x_4 + 2.0)**2) + 0.476*exp(-(2.0*x_4 + 1.0)**2) + 0.0717*exp(-(2.0*x_4 - 1.0)**2) - 0.362*exp(-(2.0*x_4 - 2.0)**2) - 0.364*exp(-(2.0*x_3 + 2.0)**2) + 0.0679*exp(-(2.0*x_3 + 1.0)**2) + 0.274*exp(-(2.0*x_3 - 1.0)**2) + 0.252*exp(-(2.0*x_3 - 2.0)**2) + 0.822*exp(-(2.0*x_2 + 2.0)**2) + 0.191*exp(-(2.0*x_2 + 1.0)**2) - 0.107*exp(-(2.0*x_2 - 1.0)**2) - 0.395*exp(-(2.0*x_2 - 2.0)**2) + 0.282*exp(-(2.0*x_12 + 2.0)**2) - 0.0831*exp(-(2.0*x_12 + 1.0)**2) - 0.174*exp(-(2.0*x_12 - 2.0)**2) - 0.408*exp(-(2.0*x_11 + 2.0)**2) - 0.0827*exp(-(2.0*x_11 + 1.0)**2) - 0.00986*exp(-(2.0*x_11 - 1.0)**2) + 0.673*exp(-(2.0*x_11 - 2.0)**2) + 0.266*exp(-(2.0*x_10 + 2.0)**2) + 0.231*exp(-(2.0*x_10 + 1.0)**2) - 0.288*exp(-(2.0*x_10 - 1.0)**2) + 0.255*exp(-(2.0*x_10 - 2.0)**2) - 0.93*exp(-(2.0*x_1 + 2.0)**2) - 0.225*exp(-(2.0*x_1 + 1.0)**2) + 0.785*exp(-(2.0*x_1 - 1.0)**2) + 1.03*exp(-(2.0*x_1 - 2.0)**2) - 0.0444*exp(-4.0*x_9**2) + 0.229*exp(-4.0*x_8**2) - 0.205*exp(-4.0*x_7**2) - 0.158*exp(-4.0*x_6**2) + 0.252*exp(-4.0*x_5**2) - 0.14*exp(-4.0*x_4**2) + 0.00591*exp(-4.0*x_3**2) + 0.158*exp(-4.0*x_2**2) + 0.0245*exp(-4.0*x_12**2) + 0.0432*exp(-4.0*x_11**2) + 0.00464*exp(-4.0*x_10**2) + 0.205*exp(-4.0*x_1**2))
h_3 = tanh(-0.0192*exp(-(2.0*x_9 + 2.0)**2) + 0.154*exp(-(2.0*x_9 + 1.0)**2) - 0.00372*exp(-(2.0*x_9 - 1.0)**2) + 0.695*exp(-(2.0*x_9 - 2.0)**2) + 0.493*exp(-(2.0*x_8 + 2.0)**2) + 0.205",mango,PLS scores,1 hidden layer,external,rbf 1 hidden layer
poly,4.0,1e-05,0.0,42,0.8518009704348675,196,12,0.9999892618971462,16.0,"h_1 = tanh(-0.283*x_1**4 + 0.912*x_1**3 + 0.376*x_1**2 + 0.331*x_1 + 0.987*x_10**4 - 0.987*x_10**3 - 0.898*x_10**2 + 0.916*x_10 + 0.642*x_11**4 + 0.173*x_11**3 - 0.383*x_11**2 - 0.0642*x_11 + 0.126*x_12**4 - 0.287*x_12**3 - 0.0557*x_12**2 + 0.0966*x_12 + 0.172*x_2**4 + 0.186*x_2**3 - 0.0613*x_2**2 - 0.697*x_2 - 0.0117*x_3**4 + 0.199*x_3**3 - 0.172*x_3**2 + 0.365*x_3 + 0.173*x_4**4 - 0.0663*x_4**3 - 0.59*x_4**2 - 0.392*x_4 + 0.163*x_5**4 + 0.063*x_5**3 - 0.112*x_5**2 + 0.243*x_5 - 0.169*x_6**4 - 0.0612*x_6**3 - 0.00306*x_6**2 + 0.222*x_6 - 0.525*x_7**4 + 0.187*x_7**3 - 0.584*x_7**2 - 0.73*x_7 + 1.2*x_8**4 + 0.754*x_8**3 - 0.18*x_8**2 - 1.03*x_8 + 0.19*x_9**4 + 0.0493*x_9**3 + 0.18*x_9**2 + 0.0302*x_9 + 0.8096)
h_2 = tanh(-0.737*x_1**4 - 0.271*x_1**3 - 0.797*x_1**2 + 0.676*x_1 + 0.292*x_10**4 + 0.697*x_10**3 + 0.271*x_10**2 - 0.863*x_10 - 0.32*x_11**4 - 0.127*x_11**3 + 0.502*x_11**2 + 0.0455*x_11 + 0.816*x_12**4 - 0.19*x_12**3 + 0.118*x_12**2 + 0.25*x_12 + 0.0435*x_2**4 + 0.0492*x_2**3 + 0.472*x_2**2 - 0.0492*x_2 - 0.0817*x_3**4 + 0.39*x_3**3 + 0.183*x_3**2 - 0.0083*x_3 + 1.28*x_4**4 - 0.607*x_4**3 - 0.172*x_4**2 - 0.865*x_4 - 0.476*x_5**4 + 0.278*x_5**3 + 0.485*x_5**2 - 0.327*x_5 - 1.56*x_6**4 + 1.15*x_6**3 + 0.697*x_6**2 + 0.182*x_6 - 1.23*x_7**4 - 0.795*x_7**3 + 1.13*x_7**2 + 1.0*x_7 - 0.473*x_8**4 - 1.41*x_8**3 + 0.565*x_8**2 + 0.768*x_8 - 0.931*x_9**4 + 0.544*x_9**3 + 0.611*x_9**2 + 0.0238*x_9 + 0.05433)
h_3 = tanh(0.182*x_1**4 + 0.192*x_1**3 + 0.77*x_1**2 + 1.85*x_1 + 0.11*x_10**4 + 1.4*x_10**3 - 0.243*x_10**2 - 0.355*x_10 + 0.247*x_11**4 + 0.661*x_11**3 - 0.176*x_11**2 + 0.279*x_11 - 0.526*x_12**4 + 0.397*x_12**3 - 0.0625*x_12**2 - 0.0829*x_12 + 0.575*x_2**4 - 1.04*x_2**3 - 0.0289*x_2**2 - 0.843*x_2 + 0.0825*x_3**4 - 0.436*x_3**3 - 0.168*x_3**2 + 0.72*x_3 - 1.46*x_4**4 + 0.835*x_4**3 + 0.786*x_4**2 - 0.668*x_4 + 0.4*x_5**4 - 0.211*x_5**2 + 0.154*x_5 + 0.179*x_6**4 - 1.39*x_6**3 + 0.868*x_6**2 - 0.242*x_6 + 0.965*x_7**4 - 0.0635*x_7**3 - 0.124*x_7**2 - 0.0834*x_7 + 0.195*x_8**4 + 0.384*x_8**3 - 1.01*x_8**2 - 0.292*x_8 + 0.263*x_9**4 + 0.434*x_9**3 + 0.244*x_9**2 - 0.456*x_9 + 1.7592)
y = 0.341*h_1**4 + 0.602*h_1**3 + 0.311*h_1**2 + 0.808*h_1 + 0.0597*h_2**4 + 1.0*h_2**3 + 0.521*h_2**2 + 0.0882*h_2 + 0.374*h_3**4 + 0.457*h_3**3 + 0.475*h_3**2 + 0.493*h_3 - 1.69",mango,PLS scores,1 hidden layer,external,poly 1 hidden layer
poly,4.0,1e-05,0.0,7,0.864830782226605,196,12,0.9999954593940655,16.0,"h_1 = -tanh(0.379*x_1**4 - 0.0902*x_1**3 - 1.14*x_1**2 - 0.623*x_1 + 0.0127*x_10**4 + 0.139*x_10**3 + 0.198*x_10**2 - 0.849*x_10 - 0.228*x_11**4 + 0.36*x_11**3 + 0.191*x_11**2 + 0.244*x_11 - 0.498*x_12**4 - 0.429*x_12**3 + 0.0151*x_12**2 - 0.173*x_12 - 0.502*x_2**4 + 0.803*x_2**3 - 0.472*x_2**2 + 0.619*x_2 + 0.15*x_3**4 + 0.666*x_3**3 + 0.273*x_3**2 - 0.38*x_3 - 0.485*x_4**4 + 0.716*x_4**3 + 0.06*x_4**2 + 0.354*x_4 - 0.324*x_5**4 + 0.264*x_5**3 + 0.035*x_5**2 + 0.391*x_5 - 0.182*x_6**4 + 0.279*x_6**3 + 0.262*x_6**2 + 0.0446*x_6 - 0.793*x_7**4 + 0.311*x_7**3 + 0.887*x_7**2 - 0.272*x_7 - 0.166*x_8**4 - 0.00892*x_8**3 - 0.752*x_8**2 - 0.0786*x_8 - 0.0134*x_9**4 + 0.187*x_9**3 + 0.543*x_9**2 - 0.00452*x_9 + 0.426)
h_2 = -tanh(-0.239*x_1**4 + 0.446*x_1**3 + 0.448*x_1**2 + 1.66*x_1 + 0.245*x_10**4 + 0.777*x_10**3 + 0.38*x_10**2 - 0.707*x_10 + 0.422*x_11**4 + 0.766*x_11**3 + 0.124*x_11**2 + 0.34*x_11 + 0.00326*x_12**4 - 0.249*x_12**3 - 0.207*x_12**2 - 0.0887*x_12 + 0.562*x_2**4 - 0.426*x_2**3 - 0.434*x_2**2 - 0.398*x_2 - 0.41*x_3**4 + 0.184*x_3**3 + 0.331*x_3**2 + 0.38*x_3 - 1.24*x_4**4 + 0.754*x_4**3 + 0.433*x_4**2 - 0.357*x_4 + 0.25*x_5**4 + 0.375*x_5**3 - 0.392*x_5**2 + 0.363*x_5 - 0.646*x_6**4 - 1.65*x_6**3 + 0.99*x_6**2 + 0.031*x_6 - 0.377*x_7**4 + 0.686*x_7**3 + 0.692*x_7**2 - 0.699*x_7 + 0.213*x_8**4 - 0.255*x_8**3 - 0.838*x_8**2 - 0.43*x_8 - 0.338*x_9**4 + 0.6*x_9**3 + 0.621*x_9**2 - 0.424*x_9 + 0.31491)
h_3 = -tanh(0.778*x_1**4 + 0.57*x_1**3 - 0.522*x_1**2 + 1.09*x_1 + 0.199*x_10**4 - 0.0161*x_10**3 - 0.0954*x_10**2 - 0.171*x_10 + 0.51*x_11**4 + 0.228*x_11**3 - 0.243*x_11**2 + 0.157*x_11 + 0.0662*x_12**4 - 0.156*x_12**3 - 0.0963*x_12**2 + 0.173*x_12 - 0.184*x_2**4 + 0.354*x_2**3 + 0.138*x_2**2 - 0.82*x_2 + 0.68*x_3**4 + 0.67*x_3**3 - 0.233*x_3**2 + 0.375*x_3 + 0.46*x_4**4 + 0.0644*x_4**3 - 0.0637*x_4**2 - 0.94*x_4 + 0.034*x_5**4 + 0.224*x_5**3 + 0.183*x_5**2 + 0.32*x_5 - 0.286*x_6**4 - 0.0345*x_6**3 + 0.662*x_6**2 + 0.296*x_6 - 0.873*x_7**4 - 0.278*x_7**3 + 0.747*x_7**2 - 0.0247*x_7 - 0.236*x_8**4 + 0.0947*x_8**3 + 0.206*x_8**2 - 0.446*x_8 + 0.0893*x_9**4 + 0.453*x_9**3 + 0.68*x_9**2 - 0.0855*x_9 - 0.65158)
y = 0.243*h_1**4 + 1.41*h_1**3 - 0.567*h_1**2 + 0.051*h_1 - 0.748*h_2**4 - 0.699*h_2**3 - 0.307*h_2**2 - 0.0925*h_2 - 0.466*h_3**4 - 0.405*h_3**3 - 0.409*h_3**2 - 0.86*h_3 + 1.697",mango,PLS scores,1 hidden layer,external,poly 1 hidden layer
poly,4.0,1e-05,0.0,2024,0.8468656024399174,196,12,0.9999993706914116,16.0,"h_1 = -tanh(0.00561*x_1**4 + 0.12*x_1**3 + 0.195*x_1**2 + 1.55*x_1 + 0.0955*x_10**4 + 1.51*x_10**3 - 0.196*x_10**2 - 0.447*x_10 + 0.233*x_11**4 + 0.592*x_11**3 - 0.0244*x_11**2 + 0.24*x_11 - 0.451*x_12**4 + 0.232*x_12**3 + 0.0349*x_12**2 - 0.0942*x_12 + 0.315*x_2**4 - 0.861*x_2**3 + 0.0488*x_2**2 - 0.662*x_2 + 0.0156*x_3**4 - 0.285*x_3**3 - 0.0756*x_3**2 + 0.562*x_3 - 1.32*x_4**4 + 0.775*x_4**3 + 0.669*x_4**2 - 0.63*x_4 + 0.438*x_5**4 + 0.0593*x_5**3 - 0.26*x_5**2 + 0.132*x_5 + 0.476*x_6**4 - 1.64*x_6**3 + 0.853*x_6**2 - 0.0926*x_6 + 0.554*x_7**4 - 0.0299*x_7**3 - 0.16*x_7**2 - 0.103*x_7 + 0.054*x_8**4 + 0.0619*x_8**3 - 0.804*x_8**2 - 0.162*x_8 + 0.398*x_9**4 + 0.665*x_9**3 + 0.198*x_9**2 - 0.35*x_9 - 0.0233)
h_2 = -tanh(-0.0446*x_1**4 + 0.877*x_1**3 + 0.508*x_1**2 + 0.648*x_1 + 1.06*x_10**4 - 0.633*x_10**3 - 0.912*x_10**2 + 0.698*x_10 + 0.625*x_11**4 + 0.273*x_11**3 - 0.314*x_11**2 - 0.0143*x_11 + 0.127*x_12**4 - 0.193*x_12**3 - 0.0764*x_12**2 + 0.123*x_12 + 0.305*x_2**4 + 0.103*x_2**3 - 0.019*x_2**2 - 0.761*x_2 + 0.106*x_3**4 + 0.205*x_3**3 - 0.205*x_3**2 + 0.427*x_3 + 0.0912*x_4**4 + 0.0388*x_4**3 - 0.477*x_4**2 - 0.54*x_4 + 0.147*x_5**4 + 0.139*x_5**3 - 0.0985*x_5**2 + 0.149*x_5 - 0.822*x_6**4 - 0.159*x_6**3 + 0.329*x_6**2 + 0.16*x_6 - 0.282*x_7**4 + 0.0994*x_7**3 - 0.302*x_7**2 - 0.423*x_7 + 0.99*x_8**4 + 0.623*x_8**3 - 0.201*x_8**2 - 0.807*x_8 + 0.15*x_9**4 + 0.199*x_9**3 + 0.33*x_9**2 - 0.0458*x_9 + 0.83255)
h_3 = -tanh(0.249*x_1**4 - 1.09*x_1**3 - 0.902*x_1**2 + 0.821*x_1 + 0.438*x_10**4 + 0.851*x_10**3 + 0.422*x_10**2 - 1.04*x_10 - 0.43*x_11**4 - 0.3*x_11**3 + 0.453*x_11**2 + 0.0936*x_11 + 0.686*x_12**4 + 0.04*x_12**2 + 0.203*x_12 - 0.0278*x_2**3 + 0.555*x_2**2 - 0.169*x_2 - 0.295*x_3**4 + 0.291*x_3**3 + 0.369*x_3**2 + 0.0376*x_3 + 1.09*x_4**4 - 0.656*x_4**3 + 0.0503*x_4**2 - 0.882*x_4 - 0.506*x_5**4 + 0.201*x_5**3 + 0.621*x_5**2 - 0.23*x_5 - 0.33*x_6**4 + 0.817*x_6**3 + 0.551*x_6**2 + 0.114*x_6 - 1.28*x_7**4 - 0.539*x_7**3 + 1.15*x_7**2 + 0.876*x_7 - 0.67*x_8**4 - 1.27*x_8**3 + 0.593*x_8**2 + 0.766*x_8 - 1.15*x_9**4 + 0.626*x_9**3 + 0.706*x_9**2 - 0.0333*x_9 + 0.05494)
y = -0.513*h_1**4 - 0.58*h_1**3 - 0.578*h_1**2 - 0.0316*h_1 + 0.579*h_2**4 - 0.673*h_2**3 + 0.292*h_2**2 - 0.928*h_2 + 0.166*h_3**4 - 0.851*h_3**3 + 0.505*h_3**2 + 0.144*h_3 - 0.3014",mango,PLS scores,1 hidden layer,external,poly 1 hidden layer
poly,4.0,1e-05,0.0,100,0.856213179024987,196,12,0.9999983556460481,16.0,"h_1 = -tanh(-0.167*x_1**4 + 0.971*x_1**3 + 0.547*x_1**2 + 0.596*x_1 + 0.95*x_10**4 - 0.678*x_10**3 - 0.886*x_10**2 + 0.703*x_10 + 0.948*x_11**4 + 0.0995*x_11**3 - 0.367*x_11**2 + 0.0138*x_11 + 0.116*x_12**4 - 0.262*x_12**3 - 0.0567*x_12**2 + 0.119*x_12 + 0.287*x_2**4 + 0.11*x_2**3 - 0.00246*x_2**2 - 0.779*x_2 + 0.0997*x_3**4 + 0.143*x_3**3 - 0.199*x_3**2 + 0.434*x_3 + 0.103*x_4**4 + 0.0335*x_4**3 - 0.422*x_4**2 - 0.527*x_4 + 0.198*x_5**4 + 0.0855*x_5**3 - 0.11*x_5**2 + 0.188*x_5 - 1.07*x_6**4 - 0.27*x_6**3 + 0.365*x_6**2 + 0.186*x_6 - 0.329*x_7**4 + 0.0779*x_7**3 - 0.43*x_7**2 - 0.484*x_7 + 0.973*x_8**4 + 0.638*x_8**3 - 0.221*x_8**2 - 0.828*x_8 + 0.104*x_9**4 + 0.252*x_9**3 + 0.314*x_9**2 - 0.0794*x_9 + 0.76213)
h_2 = tanh(0.212*x_1**4 - 1.16*x_1**3 - 0.932*x_1**2 + 0.898*x_1 + 0.368*x_10**4 + 0.797*x_10**3 + 0.332*x_10**2 - 0.972*x_10 - 0.409*x_11**4 - 0.223*x_11**3 + 0.514*x_11**2 + 0.0816*x_11 + 0.755*x_12**4 - 0.0171*x_12**3 + 0.099*x_12**2 + 0.209*x_12 - 0.0206*x_2**4 + 0.0863*x_2**3 + 0.497*x_2**2 - 0.096*x_2 - 0.238*x_3**4 + 0.294*x_3**3 + 0.272*x_3**2 - 0.00255*x_3 + 1.0*x_4**4 - 0.625*x_4**3 - 0.0138*x_4**2 - 0.813*x_4 - 0.602*x_5**4 + 0.269*x_5**3 + 0.683*x_5**2 - 0.288*x_5 - 0.144*x_6**4 + 0.843*x_6**3 + 0.537*x_6**2 + 0.141*x_6 - 1.07*x_7**4 - 0.543*x_7**3 + 1.23*x_7**2 + 0.951*x_7 - 0.537*x_8**4 - 1.4*x_8**3 + 0.497*x_8**2 + 0.756*x_8 - 1.23*x_9**4 + 0.717*x_9**3 + 0.67*x_9**2 + 0.024*x_9 + 0.02105)
h_3 = -tanh(0.0824*x_1**4 + 0.134*x_1**3 + 0.191*x_1**2 + 1.55*x_1 + 0.132*x_10**4 + 1.5*x_10**3 - 0.133*x_10**2 - 0.404*x_10 - 0.0351*x_11**4 + 0.753*x_11**3 - 0.07*x_11**2 + 0.226*x_11 - 0.463*x_12**4 + 0.347*x_12**3 + 0.047*x_12**2 - 0.091*x_12 + 0.178*x_2**4 - 0.782*x_2**3 - 0.0155*x_2**2 - 0.668*x_2 + 0.106*x_3**4 - 0.299*x_3**3 - 0.0625*x_3**2 + 0.602*x_3 - 1.33*x_4**4 + 0.765*x_4**3 + 0.729*x_4**2 - 0.618*x_4 + 0.42*x_5**4 - 0.0351*x_5**3 - 0.262*x_5**2 + 0.132*x_5 + 0.442*x_6**4 - 1.52*x_6**3 + 0.765*x_6**2 - 0.145*x_6 + 0.662*x_7**4 - 0.0536*x_7**3 - 0.144*x_7**2 - 0.0462*x_7 + 0.162*x_8**4 + 0.168*x_8**3 - 0.916*x_8**2 - 0.148*x_8 + 0.292*x_9**4 + 0.474*x_9**3 + 0.223*x_9**2 - 0.314*x_9 - 0.0061)
y = 0.511*h_1**4 - 0.706*h_1**3 + 0.298*h_1**2 - 0.996*h_1 - 0.0397*h_2**4 + 0.797*h_2**3 + 0.742*h_2**2 + 0.00769*h_2 - 0.412*h_3**4 - 0.546*h_3**3 - 0.647*h_3**2 - 0.0905*h_3 - 0.2339",mango,PLS scores,1 hidden layer,external,poly 1 hidden layer
poly,4.0,1e-05,0.0,13,0.8482471548001855,196,12,0.999998569518278,16.0,"h_1 = -tanh(-0.109*x_1**4 - 0.43*x_1**3 - 0.698*x_1**2 + 0.791*x_1 + 0.455*x_10**4 + 0.234*x_10**3 - 0.234*x_10**2 - 0.845*x_10 - 0.0766*x_11**4 - 0.315*x_11**3 + 0.367*x_11**2 + 0.154*x_11 + 0.451*x_12**4 + 0.00318*x_12**3 + 0.0591*x_12**2 + 0.209*x_12 + 0.176*x_2**4 - 0.0358*x_2**3 + 0.47*x_2**2 - 0.239*x_2 - 0.105*x_3**4 + 0.22*x_3**3 + 0.183*x_3**2 + 0.113*x_3 + 0.914*x_4**4 - 0.498*x_4**3 - 0.136*x_4**2 - 0.895*x_4 - 0.291*x_5**4 + 0.182*x_5**3 + 0.555*x_5**2 - 0.112*x_5 - 1.44*x_6**4 + 0.311*x_6**3 + 0.468*x_6**2 + 0.33*x_6 - 1.47*x_7**4 - 0.32*x_7**3 + 1.12*x_7**2 + 0.654*x_7 - 0.485*x_8**4 - 1.04*x_8**3 + 0.538*x_8**2 + 0.649*x_8 - 0.602*x_9**4 + 0.561*x_9**3 + 0.516*x_9**2 - 0.117*x_9 + 0.17523)
h_2 = tanh(0.439*x_1**4 + 1.07*x_1**3 + 0.484*x_1**2 + 0.474*x_1 + 1.6*x_10**4 - 0.204*x_10**3 - 0.711*x_10**2 + 0.878*x_10 + 0.196*x_11**4 + 0.523*x_11**3 - 0.286*x_11**2 - 0.105*x_11 + 0.256*x_12**4 - 0.201*x_12**3 - 0.185*x_12**2 + 0.1*x_12 + 0.189*x_2**4 + 0.2*x_2**3 - 0.0125*x_2**2 - 0.705*x_2 - 0.0334*x_3**4 + 0.254*x_3**3 - 0.19*x_3**2 + 0.401*x_3 - 0.0345*x_4**4 + 0.00196*x_4**3 - 0.407*x_4**2 - 0.357*x_4 + 0.124*x_5**4 + 0.0902*x_5**3 - 0.17*x_5**2 + 0.156*x_5 + 0.0129*x_6**4 + 0.241*x_6**3 + 0.232*x_6**2 + 0.026*x_6 - 0.424*x_7**4 - 0.0259*x_7**3 - 0.389*x_7**2 - 0.563*x_7 + 1.1*x_8**4 + 0.746*x_8**3 - 0.183*x_8**2 - 1.04*x_8 - 0.0189*x_9**4 + 0.104*x_9**3 + 0.204*x_9**2 + 0.0312*x_9 - 0.67253)
h_3 = -tanh(-0.364*x_1**4 + 0.0261*x_1**3 + 0.294*x_1**2 + 1.4*x_1 - 0.806*x_10**4 + 0.519*x_10**3 - 0.265*x_10**2 - 0.303*x_10 + 0.16*x_11**4 + 0.122*x_11**3 - 0.101*x_11**2 + 0.277*x_11 - 0.448*x_12**4 + 0.245*x_12**3 + 0.115*x_12**2 - 0.0859*x_12 + 0.429*x_2**4 - 0.9*x_2**3 + 0.0082*x_2**2 - 0.684*x_2 + 0.0424*x_3**4 - 0.195*x_3**3 - 0.0897*x_3**2 + 0.524*x_3 - 1.21*x_4**4 + 0.709*x_4**3 + 0.65*x_4**2 - 0.601*x_4 + 0.441*x_5**4 - 0.0274*x_5**3 - 0.345*x_5**2 + 0.0993*x_5 + 0.402*x_6**4 - 1.75*x_6**3 + 0.836*x_6**2 - 0.06*x_6 + 0.696*x_7**4 - 0.0616*x_7**3 - 0.279*x_7**2 - 0.147*x_7 + 0.225*x_8**4 + 0.00724*x_8**3 - 0.909*x_8**2 - 0.0923*x_8 + 0.27*x_9**4 + 0.545*x_9**3 + 0.349*x_9**2 - 0.307*x_9 + 0.02315)
y = 0.304*h_1**4 - 0.839*h_1**3 + 0.539*h_1**2 - 0.185*h_1 - 0.563*h_2**4 + 0.435*h_2**3 - 0.412*h_2**2 + 0.723*h_2 - 0.481*h_3**4 - 0.619*h_3**3 - 0.648*h_3**2 - 0.132*h_3 + 1.396",mango,PLS scores,1 hidden layer,external,poly 1 hidden layer
bspline,4.0,1e-05,0.0,42,0.8688805966856205,274,12,,,,mango,PLS scores,1 hidden layer,external,bspline 1 hidden layer
bspline,4.0,1e-05,0.0,7,0.8550669822480718,274,12,,,,mango,PLS scores,1 hidden layer,external,bspline 1 hidden layer
bspline,4.0,1e-05,0.0,2024,0.8687530331218389,274,12,,,,mango,PLS scores,1 hidden layer,external,bspline 1 hidden layer
bspline,4.0,1e-05,0.0,100,0.8511232709195921,274,12,,,,mango,PLS scores,1 hidden layer,external,bspline 1 hidden layer
bspline,4.0,1e-05,0.0,13,0.8515517022729961,274,12,,,,mango,PLS scores,1 hidden layer,external,bspline 1 hidden layer
bspline+symbolic,,,,42,0.8484874176520841,820,12,0.9542596936225891,19.0,1.518*x_1 + 0.135*x_10 + 0.29*x_11 + 0.117*x_12 - 1.513*x_2 + 0.377*x_3 - 1.375*x_4 + 0.412*x_5 + 0.375*x_6 - 0.255*x_7 - 0.525*x_8 - 0.381*x_9 - 0.692*sin(1.199*x_1 - 8.985) + 0.231*sin(2.363*x_3 + 0.594) - 0.033 + 1.653/(3.259 - 1.409*x_3),mango,PLS scores,"(3,)",external,pykan B-spline + auto_symbolic
bspline+symbolic,,,,7,0.8393477586025304,820,11,0.9181605577468872,18.0,1.942*x_1 + 0.289*x_11 + 0.137*x_12 - 1.511*x_2 + 1.045*x_3 - 1.424*x_4 + 0.124*x_5 + 0.211*x_6 - 0.278*x_7 - 0.548*x_8 - 0.29*x_9 + 0.203*sin(2.639*x_1 + 0.996) - 0.896*sin(0.774*x_5 + 2.182) - 0.088*sin(4.907*x_6 - 3.83) + 1.494,mango,PLS scores,"(3,)",external,pykan B-spline + auto_symbolic
bspline+symbolic,,,,2024,0.844874558923449,820,10,0.9694977402687073,11.0,2.264*x_1 + 0.142*x_10 - 1.507*x_2 + 1.033*x_3 - 1.411*x_4 + 0.287*x_5 + 0.363*x_6 - 0.27*x_7 - 0.572*x_8 - 0.404*x_9 + 0.737,mango,PLS scores,"(3,)",external,pykan B-spline + auto_symbolic
bspline+symbolic,,,,100,0.8357220998685222,820,11,0.9584196209907532,12.0,2.263*x_1 + 0.269*x_11 + 0.117*x_12 - 1.516*x_2 + 1.03*x_3 - 1.41*x_4 + 0.336*x_5 + 0.372*x_6 - 0.269*x_7 - 0.528*x_8 - 0.398*x_9 + 0.824,mango,PLS scores,"(3,)",external,pykan B-spline + auto_symbolic
bspline+symbolic,,,,13,0.8525148622190719,820,11,0.9660680294036865,20.0,1.367*x_1 + 0.107*x_10 + 0.265*x_11 - 1.489*x_2 + 0.953*x_3 - 0.592*x_4 + 0.406*x_5 + 0.445*x_6 - 0.324*x_7 - 0.386*x_8 - 0.207*x_9 + 0.005*(9.081 - 7.869*x_4)**2 + 2.105*sin(0.754*x_1 - 5.266) + 0.022*sin(2.823*x_5 - 4.022) - 0.081*sin(5.648*x_9 - 5.19) - 1.321,mango,PLS scores,"(3,)",external,pykan B-spline + auto_symbolic
cheby,4.0,1e-05,0.0,42,0.8027147385292569,136,8,0.9999565983257541,16.0,"h_1 = tanh(0.03688*A_885**4 + 0.2968*A_885**3 - 0.18208*A_885**2 + 0.7484*A_885 + 0.244*A_894**4 - 0.44*A_894**3 - 0.812*A_894**2 - 0.96*A_894 - 0.84*A_903**4 + 0.0612*A_903**3 + 1.08*A_903**2 - 0.4909*A_903 + 2.336*A_924**4 - 0.54*A_924**3 - 2.024*A_924**2 + 2.195*A_924 - 0.6416*A_933**4 + 0.0408*A_933**3 + 1.0956*A_933**2 + 0.1514*A_933 - 0.372*A_942**4 - 0.1576*A_942**3 + 0.2704*A_942**2 - 0.8478*A_942 - 0.7056*A_981**4 - 0.752*A_981**3 + 1.0796*A_981**2 + 0.977*A_981 + 0.6088*A_990**4 + 0.1992*A_990**3 - 0.7198*A_990**2 - 0.3564*A_990 + 1.02661)
h_2 = -tanh(-0.1896*A_885**4 - 0.708*A_885**3 + 0.3458*A_885**2 + 1.711*A_885 - 0.2976*A_894**4 + 1.336*A_894**3 + 0.00559999999999999*A_894**2 - 2.552*A_894 + 0.7336*A_903**4 - 0.828*A_903**3 - 0.648*A_903**2 + 0.858*A_903 - 1.96*A_924**4 + 0.1952*A_924**3 + 2.0886*A_924**2 + 0.8346*A_924 + 1.016*A_933**4 + 0.416*A_933**3 - 0.99782*A_933**2 - 0.3439*A_933 + 0.1888*A_942**4 + 0.0504*A_942**3 - 0.8328*A_942**2 - 0.6708*A_942 + 1.952*A_981**4 + 0.3548*A_981**3 - 1.9996*A_981**2 - 0.2314*A_981 - 0.7656*A_990**4 - 0.2428*A_990**3 + 1.1336*A_990**2 + 0.1602*A_990 - 0.01919)
h_3 = tanh(0.3944*A_885**4 + 0.0868*A_885**3 - 0.3682*A_885**2 - 0.9291*A_885 - 0.872*A_894**4 - 0.552*A_894**3 + 0.666*A_894**2 + 1.824*A_894 + 0.3512*A_903**4 + 0.0144*A_903**3 - 0.5142*A_903**2 + 0.3192*A_903 - 1.848*A_924**4 + 1.132*A_924**3 + 1.9632*A_924**2 - 2.269*A_924 + 2.536*A_933**4 - 1.336*A_933**3 - 2.6492*A_933**2 + 0.9208*A_933 - 0.2112*A_942**4 - 0.46*A_942**3 + 0.6852*A_942**2 + 1.244*A_942 - 0.2152*A_981**4 + 1.224*A_981**3 + 0.6372*A_981**2 - 0.9797*A_981 + 1.016*A_990**4 - 0.924*A_990**3 - 0.586*A_990**2 + 1.11*A_990 + 0.0697000000000001)
y = -0.6568*h_1**4 - 2.572*h_1**3 - 1.6832*h_1**2 + 1.658*h_1 - 4.408*h_2**4 - 0.76*h_2**3 + 5.05*h_2**2 + 0.905*h_2 + 2.752*h_3**4 - 1.02*h_3**3 - 3.034*h_3**2 + 1.915*h_3 + 1.1084",mango,selected bands,1 hidden layer,external,cheby 1 hidden layer
cheby,4.0,1e-05,0.0,7,0.790224691328612,136,8,0.9999297539064039,16.0,"h_1 = -tanh(-0.848*A_885**4 - 1.184*A_885**3 + 0.964*A_885**2 + 1.978*A_885 - 0.2288*A_894**4 + 1.912*A_894**3 + 0.000799999999999995*A_894**2 - 3.234*A_894 + 0.6784*A_903**4 - 0.896*A_903**3 - 0.7456*A_903**2 + 1.389*A_903 - 2.52*A_924**4 + 0.0584*A_924**3 + 2.5934*A_924**2 + 0.6152*A_924 + 1.016*A_933**4 + 0.22*A_933**3 - 1.0898*A_933**2 - 0.2007*A_933 + 0.3232*A_942**4 + 0.2816*A_942**3 - 0.9632*A_942**2 - 0.5512*A_942 + 2.992*A_981**4 + 0.6*A_981**3 - 3.262*A_981**2 - 0.279*A_981 - 1.088*A_990**4 + 0.0832*A_990**3 + 1.53*A_990**2 + 0.4246*A_990 + 0.6864)
h_2 = tanh(-0.1496*A_885**4 - 0.2172*A_885**3 + 0.086*A_885**2 - 0.6561*A_885 - 0.5744*A_894**4 + 0.64*A_894**3 + 0.7824*A_894**2 + 0.78*A_894 + 0.6104*A_903**4 - 0.3412*A_903**3 - 0.8704*A_903**2 + 0.4329*A_903 - 1.456*A_924**4 + 0.6*A_924**3 + 1.46798*A_924**2 - 1.83*A_924 + 0.7288*A_933**4 - 0.564*A_933**3 - 1.0548*A_933**2 + 0.266*A_933 + 0.192*A_942**4 + 0.2812*A_942**3 + 0.078*A_942**2 + 0.7151*A_942 + 0.3552*A_981**4 + 0.624*A_981**3 - 0.5732*A_981**2 - 0.681*A_981 - 0.324*A_990**4 - 0.0928*A_990**3 + 0.2732*A_990**2 + 0.3956*A_990 + 0.26727)
h_3 = tanh(0.1*A_885**4 - 0.3384*A_885**3 + 0.286*A_885**2 - 0.6022*A_885 + 0.2136*A_894**4 - 0.496*A_894**3 - 0.168*A_894**2 + 1.732*A_894 + 0.3168*A_903**4 + 0.0996*A_903**3 - 0.401*A_903**2 + 0.1743*A_903 - 1.92*A_924**4 + 1.12*A_924**3 + 1.879*A_924**2 - 2.17*A_924 + 2.64*A_933**4 - 1.452*A_933**3 - 3.006*A_933**2 + 0.942*A_933 - 0.5624*A_942**4 - 0.184*A_942**3 + 0.9264*A_942**2 + 0.962*A_942 + 0.01912*A_981**4 + 1.532*A_981**3 + 0.19888*A_981**2 - 0.95*A_981 + 0.5616*A_990**4 - 0.628*A_990**3 - 0.4002*A_990**2 + 0.915*A_990 + 0.02259)
y = 3.056*h_1**4 - 1.188*h_1**3 - 3.1418*h_1**2 + 1.109*h_1 - 4.72*h_2**4 - 2.024*h_2**3 + 5.688*h_2**2 + 2.568*h_2 + 2.256*h_3**4 - 1.048*h_3**3 - 2.688*h_3**2 + 1.371*h_3 + 0.1861",mango,selected bands,1 hidden layer,external,cheby 1 hidden layer
cheby,4.0,1e-05,0.0,2024,0.7000987575052728,136,8,0.9999858233244933,16.0,"h_1 = -tanh(0.4016*A_885**4 - 0.54*A_885**3 - 0.1516*A_885**2 - 0.562*A_885 - 0.7984*A_894**4 + 0.576*A_894**3 + 1.0584*A_894**2 + 0.708*A_894 + 0.7608*A_903**4 - 0.2352*A_903**3 - 1.1208*A_903**2 + 0.4714*A_903 - 1.816*A_924**4 + 0.892*A_924**3 + 1.9298*A_924**2 - 2.059*A_924 + 0.896*A_933**4 - 0.512*A_933**3 - 1.152*A_933**2 + 0.3225*A_933 - 0.06872*A_942**4 + 0.1924*A_942**3 + 0.13912*A_942**2 + 0.7797*A_942 + 0.1712*A_981**4 + 0.856*A_981**3 - 0.5292*A_981**2 - 1.028*A_981 - 0.4136*A_990**4 - 0.234*A_990**3 + 0.382*A_990**2 + 0.5525*A_990 - 0.3284)
h_2 = -tanh(-0.1968*A_885**4 - 1.036*A_885**3 + 0.4188*A_885**2 + 1.907*A_885 - 0.7576*A_894**4 + 1.58*A_894**3 + 0.4316*A_894**2 - 2.905*A_894 + 0.992*A_903**4 - 0.804*A_903**3 - 1.1166*A_903**2 + 1.063*A_903 - 2.496*A_924**4 + 0.03336*A_924**3 + 2.4494*A_924**2 + 0.70898*A_924 + 1.72*A_933**4 + 0.1128*A_933**3 - 1.6368*A_933**2 - 0.1316*A_933 + 0.02264*A_942**4 + 0.3572*A_942**3 - 0.66864*A_942**2 - 0.6429*A_942 + 2.272*A_981**4 + 0.676*A_981**3 - 2.4548*A_981**2 - 0.383*A_981 - 0.928*A_990**4 - 0.108*A_990**3 + 1.154*A_990**2 + 0.444*A_990 + 0.70989)
h_3 = tanh(-0.1728*A_885**4 + 0.452*A_885**3 + 0.2922*A_885**2 - 0.96*A_885 + 0.01392*A_894**4 - 0.3908*A_894**3 - 0.01392*A_894**2 + 1.7631*A_894 + 0.6408*A_903**4 - 0.218*A_903**3 - 0.9628*A_903**2 + 0.2514*A_903 - 2.016*A_924**4 + 0.596*A_924**3 + 1.8578*A_924**2 - 1.997*A_924 + 2.36*A_933**4 - 0.76*A_933**3 - 2.68*A_933**2 + 0.369*A_933 + 0.1496*A_942**4 - 0.3864*A_942**3 + 0.3964*A_942**2 + 1.0878*A_942 - 0.3624*A_981**4 + 0.652*A_981**3 + 0.2394*A_981**2 - 0.4511*A_981 + 0.7584*A_990**4 - 0.164*A_990**3 - 0.4784*A_990**2 + 0.577*A_990 + 0.65424)
y = 2.544*h_1**4 + 2.648*h_1**3 - 3.386*h_1**2 - 2.838*h_1 + 3.216*h_2**4 - 1.856*h_2**3 - 3.1762*h_2**2 + 1.663*h_2 - 1.288*h_3**4 - 1.276*h_3**3 + 2.094*h_3**2 + 1.607*h_3 + 1.0971",mango,selected bands,1 hidden layer,external,cheby 1 hidden layer
cheby,4.0,1e-05,0.0,100,0.793715674972599,136,8,0.9999897064664783,16.0,"h_1 = -tanh(0.01488*A_885**4 + 0.512*A_885**3 - 0.13128*A_885**2 + 0.379*A_885 + 0.6408*A_894**4 - 0.668*A_894**3 - 1.0208*A_894**2 - 0.659*A_894 - 1.136*A_903**4 + 0.2952*A_903**3 + 1.366*A_903**2 - 0.4524*A_903 + 1.736*A_924**4 - 0.716*A_924**3 - 1.9098*A_924**2 + 1.857*A_924 - 1.104*A_933**4 + 0.1508*A_933**3 + 1.428*A_933**2 + 0.0259*A_933 + 0.3184*A_942**4 + 0.1136*A_942**3 - 0.2336*A_942**2 - 0.8102*A_942 - 0.3912*A_981**4 - 1.04*A_981**3 + 0.5628*A_981**2 + 1.339*A_981 + 0.4736*A_990**4 + 0.636*A_990**3 - 0.5286*A_990**2 - 0.787*A_990 + 0.36789)
h_2 = -tanh(0.1768*A_885**4 + 0.588*A_885**3 - 0.3298*A_885**2 - 1.571*A_885 + 0.624*A_894**4 - 0.788*A_894**3 - 0.32*A_894**2 + 2.101*A_894 - 0.5432*A_903**4 + 0.1584*A_903**3 + 0.4914*A_903**2 - 0.2788*A_903 + 1.584*A_924**4 + 0.252*A_924**3 - 1.6742*A_924**2 - 1.309*A_924 - 1.784*A_933**4 - 0.2996*A_933**3 + 1.7414*A_933**2 + 0.245*A_933 + 0.292*A_942**4 - 0.328*A_942**3 + 0.098*A_942**2 + 0.956*A_942 - 1.552*A_981**4 - 0.696*A_981**3 + 1.6306*A_981**2 + 0.344*A_981 + 0.792*A_990**4 + 0.476*A_990**3 - 0.8952*A_990**2 - 0.4451*A_990 - 0.6124)
h_3 = -tanh(0.2936*A_885**4 + 0.536*A_885**3 + 0.00839999999999996*A_885**2 - 1.146*A_885 - 0.3072*A_894**4 - 0.776*A_894**3 + 0.2092*A_894**2 + 1.992*A_894 + 0.4496*A_903**4 + 0.0616*A_903**3 - 0.8136*A_903**2 + 0.2168*A_903 - 2.72*A_924**4 + 1.044*A_924**3 + 2.6194*A_924**2 - 2.313*A_924 + 2.632*A_933**4 - 0.92*A_933**3 - 2.7446*A_933**2 + 0.581*A_933 + 0.6432*A_942**4 - 0.2444*A_942**3 - 0.1512*A_942**2 + 1.0583*A_942 + 0.01984*A_981**4 + 1.104*A_981**3 - 0.12224*A_981**2 - 0.579*A_981 + 0.3768*A_990**4 - 0.0708*A_990**3 - 0.2616*A_990**2 + 0.5931*A_990 - 0.00414999999999999)
y = 1.648*h_1**4 - 2.24*h_1**3 - 2.602*h_1**2 + 2.333*h_1 + 4.072*h_2**4 + 1.7*h_2**3 - 4.654*h_2**2 - 1.599*h_2 + 2.656*h_3**4 + 0.476*h_3**3 - 2.958*h_3**2 - 1.328*h_3 + 2.728",mango,selected bands,1 hidden layer,external,cheby 1 hidden layer
cheby,4.0,1e-05,0.0,13,0.7731268685080468,136,8,0.9999700014067624,16.0,"h_1 = -tanh(1.68*A_885**4 + 0.1628*A_885**3 - 2.192*A_885**2 - 0.7091*A_885 - 0.4592*A_894**4 - 0.2368*A_894**3 + 1.0652*A_894**2 + 1.1626*A_894 - 0.2944*A_903**4 - 0.404*A_903**3 + 0.1656*A_903**2 + 0.151*A_903 + 1.328*A_924**4 + 0.516*A_924**3 - 1.2982*A_924**2 - 1.627*A_924 - 0.4472*A_933**4 - 0.476*A_933**3 + 0.2372*A_933**2 + 0.566*A_933 - 1.376*A_942**4 + 0.3324*A_942**3 + 1.325*A_942**2 + 0.7707*A_942 - 3.104*A_981**4 - 1.164*A_981**3 + 3.396*A_981**2 + 0.624*A_981 + 1.0*A_990**4 + 0.436*A_990**3 - 1.36*A_990**2 - 0.477*A_990 + 0.10873)
h_2 = -tanh(0.4992*A_885**4 + 0.3584*A_885**3 - 0.7012*A_885**2 + 0.5042*A_885 - 0.6272*A_894**4 - 0.712*A_894**3 + 0.0512*A_894**2 - 0.796*A_894 - 1.328*A_903**4 + 0.0964*A_903**3 + 1.75*A_903**2 - 0.4463*A_903 + 0.7264*A_924**4 - 0.1532*A_924**3 - 1.3624*A_924**2 + 1.5449*A_924 - 1.544*A_933**4 - 0.2928*A_933**3 + 1.5172*A_933**2 + 0.7966*A_933 + 0.6384*A_942**4 + 0.8*A_942**3 - 0.5464*A_942**2 - 1.167*A_942 - 1.16*A_981**4 - 1.876*A_981**3 + 1.494*A_981**2 + 1.781*A_981 + 2.168*A_990**4 + 0.3284*A_990**3 - 1.856*A_990**2 - 0.314*A_990 + 0.18321)
h_3 = tanh(-0.168*A_885**4 + 0.1604*A_885**3 + 0.2828*A_885**2 - 1.1083*A_885 + 0.1648*A_894**4 - 0.3332*A_894**3 - 0.0612*A_894**2 + 1.7899*A_894 + 0.02296*A_903**4 + 0.1584*A_903**3 - 0.32496*A_903**2 + 0.0412*A_903 - 1.488*A_924**4 + 0.616*A_924**3 + 1.6488*A_924**2 - 2.032*A_924 + 0.904*A_933**4 - 1.04*A_933**3 - 1.214*A_933**2 + 0.8495*A_933 + 0.2456*A_942**4 + 0.628*A_942**3 - 0.23084*A_942**2 + 0.466*A_942 + 0.05944*A_981**4 + 0.054*A_981**3 - 0.44744*A_981**2 - 0.4665*A_981 + 0.4432*A_990**4 + 0.03492*A_990**3 - 0.1752*A_990**2 + 0.44781*A_990 + 0.47782)
y = -2.128*h_1**4 - 0.512*h_1**3 + 2.844*h_1**2 - 0.285*h_1 - 0.7408*h_2**4 - 1.448*h_2**3 + 0.4368*h_2**2 + 1.744*h_2 - 5.04*h_3**4 - 2.072*h_3**3 + 5.802*h_3**2 + 2.201*h_3 - 1.47385",mango,selected bands,1 hidden layer,external,cheby 1 hidden layer
fourier,4.0,1e-05,0.0,42,0.6862805609541209,136,8,0.9999507037595106,16.0,"h_1 = tanh(-0.157*sin(pi*A_885) + 0.0273*sin(2*pi*A_885) + 0.115*sin(pi*A_894) + 0.00217*sin(2*pi*A_894) + 0.345*sin(pi*A_903) + 0.00153*sin(2*pi*A_903) - 0.233*sin(pi*A_924) + 0.0214*sin(2*pi*A_924) + 0.266*sin(pi*A_933) - 0.0687*sin(2*pi*A_933) + 0.154*sin(pi*A_942) - 0.0365*sin(2*pi*A_942) - 0.164*sin(pi*A_981) + 0.0128*sin(2*pi*A_981) + 0.171*sin(pi*A_990) - 0.0204*sin(2*pi*A_990) - 0.321*cos(pi*A_885) + 0.0115*cos(2*pi*A_885) + 0.52*cos(pi*A_894) - 0.0102*cos(2*pi*A_894) + 0.11*cos(pi*A_903) - 0.109*cos(2*pi*A_903) - 0.472*cos(pi*A_924) + 0.0839*cos(2*pi*A_924) + 0.104*cos(2*pi*A_933) + 0.133*cos(pi*A_942) - 0.0937*cos(2*pi*A_942) + 0.0389*cos(pi*A_981) - 0.0119*cos(2*pi*A_981) + 0.0103*cos(pi*A_990) - 0.0149*cos(2*pi*A_990) + 0.18027)
h_2 = tanh(0.414*sin(pi*A_885) - 0.0739*sin(2*pi*A_885) - 0.556*sin(pi*A_894) + 0.0393*sin(2*pi*A_894) - 0.332*sin(pi*A_903) + 0.0471*sin(2*pi*A_903) + 0.812*sin(pi*A_924) - 0.0486*sin(2*pi*A_924) - 0.124*sin(pi*A_933) + 0.0122*sin(2*pi*A_933) - 0.251*sin(pi*A_942) + 0.0461*sin(2*pi*A_942) + 0.0664*sin(pi*A_981) + 0.0574*sin(2*pi*A_981) + 0.0768*sin(pi*A_990) - 0.0557*sin(2*pi*A_990) - 0.0248*cos(pi*A_885) - 0.0101*cos(2*pi*A_885) + 0.133*cos(pi*A_894) + 0.00721*cos(2*pi*A_894) - 0.14*cos(pi*A_903) + 0.138*cos(2*pi*A_903) + 0.259*cos(pi*A_924) - 0.0205*cos(2*pi*A_924) - 0.0411*cos(pi*A_933) - 0.0834*cos(2*pi*A_933) + 0.0676*cos(pi*A_942) + 0.0457*cos(2*pi*A_942) - 0.16*cos(pi*A_981) + 0.00545*cos(2*pi*A_981) + 0.0983*cos(pi*A_990) - 0.00247*cos(2*pi*A_990) + 0.2699)
h_3 = -tanh(-0.205*sin(pi*A_885) - 0.0214*sin(2*pi*A_885) + 0.383*sin(pi*A_894) - 0.0103*sin(2*pi*A_894) - 0.0543*sin(pi*A_903) + 0.118*sin(2*pi*A_903) - 0.832*sin(pi*A_924) + 0.212*sin(2*pi*A_924) + 0.123*sin(pi*A_933) - 0.0437*sin(2*pi*A_933) + 0.341*sin(pi*A_942) + 0.0015*sin(2*pi*A_942) - 0.266*sin(pi*A_981) + 0.136*sin(2*pi*A_981) + 0.234*sin(pi*A_990) - 0.0732*sin(2*pi*A_990) + 0.424*cos(pi*A_885) + 0.00791*cos(2*pi*A_885) - 0.172*cos(pi*A_894) + 0.0337*cos(2*pi*A_894) + 0.136*cos(pi*A_903) - 0.138*cos(2*pi*A_903) + 0.2*cos(pi*A_924) - 0.0532*cos(2*pi*A_924) + 0.031*cos(pi*A_933) - 0.0523*cos(2*pi*A_933) - 0.57*cos(pi*A_942) + 0.139*cos(2*pi*A_942) - 0.256*cos(pi*A_981) - 0.138*cos(2*pi*A_981) + 0.211*cos(pi*A_990) + 0.0461*cos(2*pi*A_990) - 0.17767)
y = 0.389*sin(pi*h_1) + 0.314*sin(2*pi*h_1) - 0.588*sin(pi*h_2) + 0.0177*sin(2*pi*h_2) - 0.363*sin(pi*h_3) - 0.142*sin(2*pi*h_3) + 1.07*cos(pi*h_1) + 0.00382*cos(2*pi*h_1) + 1.33*cos(pi*h_2) - 0.343*cos(2*pi*h_2) + 0.0305*cos(pi*h_3) + 0.0951*cos(2*pi*h_3) - 0.758",mango,selected bands,1 hidden layer,external,fourier 1 hidden layer
fourier,4.0,1e-05,0.0,7,0.70784425723064,136,8,0.9999722109524954,16.0,"h_1 = -tanh(-0.489*sin(pi*A_885) + 0.0922*sin(2*pi*A_885) + 0.356*sin(pi*A_894) - 0.0237*sin(2*pi*A_894) + 0.19*sin(pi*A_903) - 0.079*sin(2*pi*A_903) - 1.09*sin(pi*A_924) + 0.29*sin(2*pi*A_924) + 0.294*sin(pi*A_933) - 0.227*sin(2*pi*A_933) + 0.172*sin(pi*A_942) + 0.0189*sin(2*pi*A_942) + 0.195*sin(pi*A_981) + 0.0647*sin(2*pi*A_981) - 0.102*sin(pi*A_990) - 0.0199*sin(2*pi*A_990) - 0.0499*cos(pi*A_885) - 0.0823*cos(2*pi*A_885) + 0.0349*cos(pi*A_894) + 0.16*cos(2*pi*A_894) + 0.429*cos(pi*A_903) - 0.149*cos(2*pi*A_903) - 0.168*cos(pi*A_924) + 0.0697*cos(2*pi*A_924) + 0.039*cos(pi*A_933) - 0.19*cos(2*pi*A_933) - 0.101*cos(pi*A_942) + 0.16*cos(2*pi*A_942) + 0.032*cos(pi*A_981) - 0.145*cos(2*pi*A_981) + 0.158*cos(pi*A_990) + 0.0557*cos(2*pi*A_990) - 0.1003)
h_2 = tanh(-0.197*sin(pi*A_885) - 0.0531*sin(2*pi*A_885) + 0.486*sin(pi*A_894) - 0.0638*sin(2*pi*A_894) + 0.145*sin(pi*A_903) - 0.0272*sin(2*pi*A_903) - 0.415*sin(pi*A_924) + 0.0927*sin(2*pi*A_924) + 0.242*sin(pi*A_933) - 0.0841*sin(2*pi*A_933) + 0.0167*sin(pi*A_942) + 0.0297*sin(2*pi*A_942) + 0.0704*sin(pi*A_981) + 0.0198*sin(2*pi*A_981) - 0.153*sin(pi*A_990) + 0.0302*sin(2*pi*A_990) + 0.333*cos(pi*A_885) - 0.0168*cos(2*pi*A_885) - 0.53*cos(pi*A_894) + 0.0429*cos(2*pi*A_894) + 0.18*cos(pi*A_903) - 0.00337*cos(2*pi*A_903) + 0.368*cos(pi*A_924) - 0.13*cos(2*pi*A_924) + 0.172*cos(pi*A_933) + 0.132*cos(2*pi*A_933) - 0.2*cos(pi*A_942) - 0.0408*cos(2*pi*A_942) + 0.00433*cos(pi*A_981) - 0.0414*cos(2*pi*A_981) - 0.0728*cos(pi*A_990) - 0.0195*cos(2*pi*A_990) + 0.1974)
h_3 = -tanh(0.0125*sin(pi*A_885) + 0.00556*sin(2*pi*A_885) + 0.0137*sin(pi*A_894) + 0.118*sin(2*pi*A_894) + 0.43*sin(pi*A_903) - 0.133*sin(2*pi*A_903) - 0.349*sin(pi*A_924) - 0.00878*sin(2*pi*A_924) + 0.196*sin(pi*A_933) + 0.0157*sin(2*pi*A_933) + 0.0607*sin(pi*A_942) - 0.00463*sin(2*pi*A_942) - 0.425*sin(pi*A_981) - 0.142*sin(2*pi*A_981) + 0.319*sin(pi*A_990) - 0.00689*sin(2*pi*A_990) + 0.0238*cos(pi*A_885) - 0.0126*cos(2*pi*A_885) + 0.0495*cos(pi*A_894) + 0.0535*cos(2*pi*A_894) + 0.268*cos(pi*A_903) - 0.225*cos(2*pi*A_903) - 0.714*cos(pi*A_924) + 0.0451*cos(2*pi*A_924) - 0.138*cos(pi*A_933) + 0.216*cos(2*pi*A_933) + 0.32*cos(pi*A_942) - 0.139*cos(2*pi*A_942) + 0.243*cos(pi*A_981) + 0.19*cos(2*pi*A_981) - 0.0951*cos(pi*A_990) - 0.0846*cos(2*pi*A_990) + 0.4034)
y = -0.916*sin(pi*h_1) + 0.103*sin(2*pi*h_1) + 0.00914*sin(pi*h_2) - 0.158*sin(2*pi*h_2) - 0.513*sin(pi*h_3) + 0.274*sin(2*pi*h_3) - 0.827*cos(pi*h_1) + 0.296*cos(2*pi*h_1) - 1.06*cos(pi*h_2) - 0.0482*cos(2*pi*h_2) - 0.155*cos(pi*h_3) - 0.189*cos(2*pi*h_3) + 0.619",mango,selected bands,1 hidden layer,external,fourier 1 hidden layer
fourier,4.0,1e-05,0.0,2024,0.6467577736125241,136,8,0.9999951309744534,16.0,"h_1 = tanh(-0.285*sin(pi*A_885) - 0.0249*sin(2*pi*A_885) + 0.183*sin(pi*A_894) + 0.529*sin(pi*A_903) - 0.153*sin(2*pi*A_903) - 1.03*sin(pi*A_924) + 0.227*sin(2*pi*A_924) + 0.0626*sin(pi*A_933) - 0.0719*sin(2*pi*A_933) + 0.489*sin(pi*A_942) + 0.00518*sin(2*pi*A_942) - 0.0673*sin(pi*A_981) + 0.0191*sin(2*pi*A_981) + 0.0846*sin(pi*A_990) - 0.0248*sin(2*pi*A_990) + 0.433*cos(pi*A_885) - 0.094*cos(2*pi*A_885) - 0.16*cos(pi*A_894) + 0.00738*cos(2*pi*A_894) - 0.027*cos(pi*A_903) + 0.042*cos(pi*A_924) - 0.0608*cos(2*pi*A_924) + 0.0335*cos(pi*A_933) + 0.0828*cos(2*pi*A_933) - 0.458*cos(pi*A_942) + 0.0479*cos(2*pi*A_942) - 0.00987*cos(pi*A_981) - 0.0904*cos(2*pi*A_981) - 0.0804*cos(pi*A_990) + 0.0581*cos(2*pi*A_990) + 0.34327)
h_2 = tanh(-0.338*sin(pi*A_885) + 0.0496*sin(2*pi*A_885) + 0.652*sin(pi*A_894) + 0.0334*sin(2*pi*A_894) + 0.305*sin(pi*A_903) - 0.0506*sin(2*pi*A_903) - 0.722*sin(pi*A_924) + 0.0235*sin(2*pi*A_924) + 0.2*sin(pi*A_933) + 0.0172*sin(2*pi*A_933) + 0.264*sin(pi*A_942) - 0.141*sin(2*pi*A_942) - 0.31*sin(pi*A_981) - 0.00575*sin(2*pi*A_981) + 0.0613*sin(pi*A_990) + 0.0319*sin(2*pi*A_990) - 0.149*cos(pi*A_885) + 0.05*cos(2*pi*A_885) + 0.0605*cos(pi*A_894) - 0.023*cos(2*pi*A_894) + 0.135*cos(pi*A_903) - 0.237*cos(2*pi*A_903) - 0.481*cos(pi*A_924) + 0.153*cos(2*pi*A_924) - 0.104*cos(pi*A_933) + 0.0881*cos(2*pi*A_933) + 0.0537*cos(pi*A_942) - 0.0672*cos(2*pi*A_942) + 0.0536*cos(pi*A_981) + 0.0216*cos(2*pi*A_981) + 0.101*cos(pi*A_990) - 0.0545*cos(2*pi*A_990) - 0.19315)
h_3 = -tanh(0.122*sin(pi*A_885) - 0.0288*sin(2*pi*A_885) - 0.13*sin(pi*A_894) + 0.0049*sin(2*pi*A_894) - 0.324*sin(pi*A_903) - 0.0253*sin(2*pi*A_903) + 0.168*sin(pi*A_924) + 0.0303*sin(2*pi*A_924) - 0.248*sin(pi*A_933) + 0.0892*sin(2*pi*A_933) - 0.169*sin(pi*A_942) + 0.0267*sin(2*pi*A_942) + 0.12*sin(pi*A_981) + 0.0147*sin(2*pi*A_981) - 0.16*sin(pi*A_990) + 0.00558*sin(2*pi*A_990) + 0.348*cos(pi*A_885) + 0.0311*cos(2*pi*A_885) - 0.649*cos(pi*A_894) - 0.0194*cos(2*pi*A_894) - 0.0693*cos(pi*A_903) + 0.124*cos(2*pi*A_903) + 0.529*cos(pi*A_924) + 0.0184*cos(2*pi*A_924) - 0.174*cos(pi*A_933) - 0.171*cos(2*pi*A_933) - 0.0762*cos(pi*A_942) + 0.122*cos(2*pi*A_942) - 0.0687*cos(pi*A_981) + 0.0278*cos(2*pi*A_981) + 0.0704*cos(pi*A_990) - 0.0307*cos(2*pi*A_990) + 0.13198)
y = 0.526*sin(pi*h_1) + 0.084*sin(2*pi*h_1) + 0.473*sin(pi*h_2) - 0.0846*sin(2*pi*h_2) - 0.365*sin(pi*h_3) - 0.12*sin(2*pi*h_3) - 0.523*cos(pi*h_1) - 0.0836*cos(2*pi*h_1) + 0.895*cos(pi*h_2) - 0.187*cos(2*pi*h_2) + 0.904*cos(pi*h_3) + 0.0413*cos(2*pi*h_3) - 0.4444",mango,selected bands,1 hidden layer,external,fourier 1 hidden layer
fourier,4.0,1e-05,0.0,100,0.665252771652045,136,8,0.9999864926757126,16.0,"h_1 = tanh(0.0112*sin(pi*A_885) - 0.15*sin(2*pi*A_885) + 0.267*sin(pi*A_894) + 0.0739*sin(2*pi*A_894) + 0.234*sin(pi*A_903) + 0.0612*sin(2*pi*A_903) - 0.412*sin(pi*A_924) + 0.0881*sin(2*pi*A_924) + 0.16*sin(pi*A_933) - 0.0468*sin(2*pi*A_933) - 0.0714*sin(pi*A_942) + 0.0321*sin(2*pi*A_942) + 0.221*sin(pi*A_981) + 0.0648*sin(2*pi*A_981) - 0.193*sin(pi*A_990) - 0.0239*sin(2*pi*A_990) + 0.294*cos(pi*A_885) + 0.122*cos(2*pi*A_885) - 0.461*cos(pi*A_894) - 0.0757*cos(2*pi*A_894) + 0.291*cos(pi*A_903) + 0.0775*cos(2*pi*A_903) + 0.361*cos(pi*A_924) - 0.2*cos(2*pi*A_924) + 0.239*cos(pi*A_933) + 0.156*cos(2*pi*A_933) - 0.285*cos(pi*A_942) + 0.0134*cos(2*pi*A_942) - 0.233*cos(pi*A_981) + 0.0226*cos(2*pi*A_981) + 0.183*cos(pi*A_990) - 0.0159*cos(2*pi*A_990) + 0.67)
h_2 = tanh(0.0496*sin(pi*A_885) + 0.00334*sin(2*pi*A_885) + 0.174*sin(pi*A_894) - 0.0448*sin(2*pi*A_894) + 0.144*sin(pi*A_903) + 0.074*sin(2*pi*A_903) - 0.617*sin(pi*A_924) + 0.206*sin(2*pi*A_924) - 0.0319*sin(pi*A_933) + 0.0941*sin(2*pi*A_933) + 0.136*sin(pi*A_942) - 0.0243*sin(2*pi*A_942) - 0.475*sin(pi*A_981) - 0.233*sin(2*pi*A_981) + 0.354*sin(pi*A_990) + 0.0524*sin(2*pi*A_990) + 0.124*cos(pi*A_885) - 0.115*cos(2*pi*A_885) + 0.0518*cos(pi*A_894) + 0.149*cos(2*pi*A_894) + 0.297*cos(pi*A_903) - 0.273*cos(2*pi*A_903) - 0.412*cos(pi*A_924) - 0.131*cos(2*pi*A_924) + 0.328*cos(pi*A_933) + 0.238*cos(2*pi*A_933) + 0.31*cos(pi*A_942) - 0.192*cos(2*pi*A_942) + 0.527*cos(pi*A_981) + 0.0986*cos(2*pi*A_981) - 0.362*cos(pi*A_990) + 0.0288*cos(2*pi*A_990) - 0.4394)
h_3 = -tanh(0.474*sin(pi*A_885) - 0.0709*sin(2*pi*A_885) - 0.569*sin(pi*A_894) + 0.112*sin(2*pi*A_894) - 0.308*sin(pi*A_903) + 0.194*sin(2*pi*A_903) + 0.859*sin(pi*A_924) - 0.178*sin(2*pi*A_924) - 0.268*sin(pi*A_933) + 0.232*sin(2*pi*A_933) - 0.335*sin(pi*A_942) - 0.0299*sin(2*pi*A_942) + 0.0185*sin(pi*A_981) - 0.0888*sin(2*pi*A_981) + 0.0481*sin(pi*A_990) + 0.00337*sin(2*pi*A_990) - 0.163*cos(pi*A_885) + 0.0772*cos(2*pi*A_885) + 0.0466*cos(pi*A_894) - 0.0367*cos(2*pi*A_894) + 0.125*cos(pi*A_903) - 0.0165*cos(2*pi*A_903) + 0.268*cos(pi*A_924) - 0.184*cos(2*pi*A_924) + 0.0031*cos(pi*A_933) + 0.124*cos(2*pi*A_933) + 0.0238*cos(pi*A_942) - 0.039*cos(2*pi*A_942) + 0.00344*cos(pi*A_981) + 0.113*cos(2*pi*A_981) - 0.0423*cos(pi*A_990) + 0.00804*cos(2*pi*A_990) - 0.0895210000000001)
y = -0.559*sin(pi*h_1) + 0.0226*sin(2*pi*h_1) + 0.642*sin(pi*h_2) - 0.079*sin(2*pi*h_2) + 1.03*sin(pi*h_3) + 0.0229*sin(2*pi*h_3) - 0.00108*cos(pi*h_1) + 0.483*cos(2*pi*h_1) + 0.00174*cos(pi*h_2) - 0.158*cos(2*pi*h_2) + 0.629*cos(pi*h_3) - 0.0575*cos(2*pi*h_3) + 0.34298",mango,selected bands,1 hidden layer,external,fourier 1 hidden layer
fourier,4.0,1e-05,0.0,13,0.7161747711037122,136,8,0.999980351865867,16.0,"h_1 = tanh(-0.383*sin(pi*A_885) + 0.0438*sin(2*pi*A_885) + 0.582*sin(pi*A_894) - 0.0863*sin(2*pi*A_894) + 0.0206*sin(pi*A_903) + 0.0165*sin(2*pi*A_903) - 0.804*sin(pi*A_924) + 0.127*sin(2*pi*A_924) + 0.126*sin(pi*A_933) - 0.0323*sin(2*pi*A_933) + 0.264*sin(pi*A_942) + 0.0145*sin(2*pi*A_942) - 0.0529*sin(pi*A_981) + 0.0272*sin(2*pi*A_981) - 0.0253*sin(pi*A_990) + 0.00827*sin(2*pi*A_990) + 0.157*cos(pi*A_885) - 0.0807*cos(2*pi*A_885) - 0.0132*cos(pi*A_894) + 0.0397*cos(2*pi*A_894) + 0.393*cos(pi*A_903) - 0.0641*cos(2*pi*A_903) - 0.182*cos(pi*A_924) - 0.0862*cos(2*pi*A_924) + 0.245*cos(pi*A_933) + 0.138*cos(2*pi*A_933) + 0.0522*cos(pi*A_942) - 0.0743*cos(2*pi*A_942) + 0.146*cos(pi*A_981) - 0.0905*cos(2*pi*A_981) - 0.0217*cos(pi*A_990) - 0.01896)
h_2 = tanh(-0.166*sin(pi*A_885) + 0.0794*sin(2*pi*A_885) + 0.376*sin(pi*A_894) - 0.0374*sin(2*pi*A_894) + 0.375*sin(pi*A_903) + 0.0381*sin(2*pi*A_903) - 0.474*sin(pi*A_924) + 0.0604*sin(2*pi*A_924) + 0.0963*sin(pi*A_933) + 0.0503*sin(2*pi*A_933) + 0.111*sin(pi*A_942) - 0.13*sin(2*pi*A_942) - 0.358*sin(pi*A_981) - 0.252*sin(2*pi*A_981) + 0.315*sin(pi*A_990) + 0.0706*sin(2*pi*A_990) - 0.0275*cos(pi*A_885) + 0.0474*cos(2*pi*A_885) - 0.112*cos(pi*A_894) + 0.109*cos(2*pi*A_894) + 0.214*cos(pi*A_903) - 0.155*cos(2*pi*A_903) - 0.344*cos(pi*A_924) + 0.314*cos(2*pi*A_924) - 0.117*cos(pi*A_933) - 0.287*cos(2*pi*A_933) - 0.0145*cos(pi*A_942) + 0.173*cos(2*pi*A_942) + 0.243*cos(pi*A_981) + 0.186*cos(2*pi*A_981) - 0.294*cos(pi*A_990) - 0.0184*cos(2*pi*A_990) + 0.1925)
h_3 = -tanh(0.0324*sin(pi*A_885) + 0.0702*sin(2*pi*A_885) - 0.248*sin(pi*A_894) + 0.00245*sin(2*pi*A_894) + 0.0317*sin(pi*A_903) + 0.0564*sin(2*pi*A_903) - 0.018*sin(pi*A_924) - 0.0371*sin(2*pi*A_924) - 0.179*sin(pi*A_933) + 0.05*sin(2*pi*A_933) + 0.117*sin(pi*A_942) - 0.0274*sin(2*pi*A_942) - 0.0251*sin(pi*A_981) - 0.0336*sin(2*pi*A_981) + 0.0368*sin(pi*A_990) - 0.00231*sin(2*pi*A_990) - 0.286*cos(pi*A_885) + 0.0463*cos(2*pi*A_885) + 0.312*cos(pi*A_894) - 0.0749*cos(2*pi*A_894) + 0.0968*cos(pi*A_903) + 0.00479*cos(2*pi*A_903) - 0.44*cos(pi*A_924) + 0.0789*cos(2*pi*A_924) + 0.0561*cos(pi*A_933) + 0.033*cos(2*pi*A_933) + 0.203*cos(pi*A_942) - 0.0388*cos(2*pi*A_942) + 0.134*cos(pi*A_981) + 0.0145*cos(2*pi*A_981) - 0.0783*cos(pi*A_990) - 0.00136*cos(2*pi*A_990) - 0.01695)
y = 0.447*sin(pi*h_1) - 0.0724*sin(2*pi*h_1) + 0.53*sin(pi*h_2) - 0.0426*sin(2*pi*h_2) + 0.23*sin(pi*h_3) - 0.17*sin(2*pi*h_3) - 1.71*cos(pi*h_1) + 0.254*cos(2*pi*h_1) - 0.0149*cos(pi*h_2) + 0.0145*cos(2*pi*h_2) - 0.684*cos(pi*h_3) - 0.91*cos(2*pi*h_3) + 1.549",mango,selected bands,1 hidden layer,external,fourier 1 hidden layer
rbf,4.0,1e-05,0.0,42,0.7694492659421301,136,8,0.9999958577639674,19.0,"h_1 = -tanh(-0.555*exp(-(2.0*A_990 + 2.0)**2) + 0.286*exp(-(2.0*A_990 + 1.0)**2) - 0.208*exp(-(2.0*A_990 - 1.0)**2) - 0.305*exp(-(2.0*A_990 - 2.0)**2) - 0.552*exp(-(2.0*A_981 + 2.0)**2) - 0.367*exp(-(2.0*A_981 + 1.0)**2) + 0.458*exp(-(2.0*A_981 - 1.0)**2) + 0.528*exp(-(2.0*A_981 - 2.0)**2) + 0.697*exp(-(2.0*A_942 + 2.0)**2) + 0.176*exp(-(2.0*A_942 + 1.0)**2) - 0.271*exp(-(2.0*A_942 - 1.0)**2) - 0.444*exp(-(2.0*A_942 - 2.0)**2) + 0.337*exp(-(2.0*A_933 + 2.0)**2) + 0.0325*exp(-(2.0*A_933 + 1.0)**2) + 0.0155*exp(-(2.0*A_933 - 1.0)**2) + 0.154*exp(-(2.0*A_933 - 2.0)**2) - 1.34*exp(-(2.0*A_924 + 2.0)**2) - 0.571*exp(-(2.0*A_924 + 1.0)**2) + 0.586*exp(-(2.0*A_924 - 1.0)**2) + 0.655*exp(-(2.0*A_924 - 2.0)**2) + 0.22*exp(-(2.0*A_903 + 2.0)**2) + 0.0729*exp(-(2.0*A_903 + 1.0)**2) - 0.00687*exp(-(2.0*A_903 - 1.0)**2) + 0.337*exp(-(2.0*A_903 - 2.0)**2) + 0.771*exp(-(2.0*A_894 + 2.0)**2) + 0.543*exp(-(2.0*A_894 + 1.0)**2) - 0.198*exp(-(2.0*A_894 - 1.0)**2) - 1.28*exp(-(2.0*A_894 - 2.0)**2) - 1.27*exp(-(2.0*A_885 + 2.0)**2) - 0.12*exp(-(2.0*A_885 + 1.0)**2) + 0.157*exp(-(2.0*A_885 - 1.0)**2) + 0.539*exp(-(2.0*A_885 - 2.0)**2) + 0.175*exp(-4.0*A_990**2) - 0.191*exp(-4.0*A_981**2) - 0.0499*exp(-4.0*A_942**2) + 0.258*exp(-4.0*A_924**2) - 0.146*exp(-4.0*A_903**2) + 0.0601*exp(-4.0*A_894**2) - 0.0719*exp(-4.0*A_885**2))
h_2 = tanh(0.535*exp(-(2.0*A_990 + 2.0)**2) + 0.278*exp(-(2.0*A_990 + 1.0)**2) - 0.0313*exp(-(2.0*A_990 - 1.0)**2) - 0.503*exp(-(2.0*A_990 - 2.0)**2) + 0.247*exp(-(2.0*A_981 + 2.0)**2) - 0.153*exp(-(2.0*A_981 + 1.0)**2) + 0.155*exp(-(2.0*A_981 - 1.0)**2) + 0.218*exp(-(2.0*A_981 - 2.0)**2) + 0.487*exp(-(2.0*A_942 + 2.0)**2) + 0.429*exp(-(2.0*A_942 + 1.0)**2) - 0.0545*exp(-(2.0*A_942 - 1.0)**2) - 0.8*exp(-(2.0*A_942 - 2.0)**2) + 0.285*exp(-(2.0*A_933 + 2.0)**2) + 0.0893*exp(-(2.0*A_933 + 1.0)**2) - 0.112*exp(-(2.0*A_933 - 1.0)**2) + 0.266*exp(-(2.0*A_933 - 2.0)**2) - 1.33*exp(-(2.0*A_924 + 2.0)**2) - 0.707*exp(-(2.0*A_924 + 1.0)**2) + 0.337*exp(-(2.0*A_924 - 1.0)**2) + 1.08*exp(-(2.0*A_924 - 2.0)**2) + 0.467*exp(-(2.0*A_903 + 2.0)**2) + 0.073*exp(-(2.0*A_903 + 1.0)**2) - 0.252*exp(-(2.0*A_903 - 1.0)**2) + 0.377*exp(-(2.0*A_903 - 2.0)**2) + 0.901*exp(-(2.0*A_894 + 2.0)**2) + 0.34*exp(-(2.0*A_894 + 1.0)**2) - 0.458*exp(-(2.0*A_894 - 1.0)**2) - 1.88*exp(-(2.0*A_894 - 2.0)**2) - 0.341*exp(-(2.0*A_885 + 2.0)**2) - 0.395*exp(-(2.0*A_885 + 1.0)**2) + 0.261*exp(-(2.0*A_885 - 1.0)**2) + 0.766*exp(-(2.0*A_885 - 2.0)**2) - 0.067*exp(-4.0*A_990**2) - 0.171*exp(-4.0*A_942**2) - 0.182*exp(-4.0*A_933**2) + 0.268*exp(-4.0*A_924**2) - 0.182*exp(-4.0*A_903**2) + 0.121*exp(-4.0*A_894**2) - 0.0811*exp(-4.0*A_885**2))
h_3 = -tanh(-0.742*exp(-(2.0*A_990 + 2.0)**2) + 0.148*exp(-(2.0*A_990 + 1.0)**2) - 0.0921*exp(-(2.0*A_990 - 1.0)**2) - 0.45*exp(-(2.0*A_990 - 2.0)**2) - 0.0769*exp(-(2.0*A_981 + 2.0)**2) + 0.266*exp(-(2.0*A_981 + 1.0)**2) + 0.483*exp(-(2.0*A_981 - 1.0)**2) - 0.141*exp(-(2.0*A_981 - 2.0)**2) + 0.0908*exp(-(2.0*A_942 + 2.0)**2) - 0.409*exp(-(2.0*A_942 + 1.0)**2) + 0.253*exp(-(2.0*A_942 - 1.0)**2) + 1.19*exp(-(2.0*A_942 - 2.0)**2) - 0.14*exp(-(2.0*A_933 + 2.0)**2) - 0.253*exp(-(2.0*A_933 + 1.0)**2) + 0.0542*exp(-(2.0*A_933 - 1.0)**2) + 0.203*exp(-(2.0*A_933 - 2.0)**2) + 0.488*exp(-(2.0*A_924 + 2.0)**2) + 0.277*exp(-(2.0*A_924 + 1.0)**2) - 0.54*exp(-(2.0*A_924 - 1.0)**2) - 1.7*exp(-(2.0*A_924 - 2.0)**2) + 0.418*exp(-(2.0*A_903 + 2.0)**2) + 0.108*exp(-(2.0*A_903 + 1.0)**2) - 0.0576*exp(-(2.0*A_903 - 1.0)**2) - 0.165*exp(-(2.0*A_903 - 2.0)**2) - 1.55*exp(-(2.0*A_894 + 2.0)**2) - 0.77*exp(-(2.0*A_894 + 1.0)**2) + 0.287*exp(-(2.0*A_894 - 1.0)**2) + 1.24*exp(-(2.0*A_894 - 2.0)**2) + 1.27*exp(-(2.0*A_885 + 2.0)**2) + 0.598*exp(-(2.0*A_885 + 1.0)**2) - 0.165*exp(-(2.0*A_885 - 1.0)**2) - 0.915*exp(-(2.0*A_885 - 2.0)**2) + 0.161*exp(-4.0*A_990**2) - 0.542*exp(-4.0*A_981**2) - 0.247*exp(-4.0*A_942**2) + 0.0816*exp(-4.0*A_933**2) + 0.116*exp(-4.0*A_924**2) - 0.137*exp(-4.0*A_903**2) + 0.025*exp(-4.0*A_894**2) + 0.132*exp(-4.0*A_885**2))
y = -0.0946 + 1",mango,selected bands,1 hidden layer,external,rbf 1 hidden layer
rbf,4.0,1e-05,0.0,7,0.8113201576260936,136,8,0.9999951844127021,19.0,"h_1 = -tanh(0.488*exp(-(2.0*A_990 + 2.0)**2) + 0.62*exp(-(2.0*A_990 + 1.0)**2) - 0.245*exp(-(2.0*A_990 - 1.0)**2) - 0.41*exp(-(2.0*A_990 - 2.0)**2) - 0.847*exp(-(2.0*A_981 + 2.0)**2) - 0.497*exp(-(2.0*A_981 + 1.0)**2) + 0.262*exp(-(2.0*A_981 - 1.0)**2) + 0.122*exp(-(2.0*A_981 - 2.0)**2) + 0.713*exp(-(2.0*A_942 + 2.0)**2) + 0.399*exp(-(2.0*A_942 + 1.0)**2) - 0.41*exp(-(2.0*A_942 - 1.0)**2) - 1.19*exp(-(2.0*A_942 - 2.0)**2) + 0.253*exp(-(2.0*A_933 + 2.0)**2) + 0.219*exp(-(2.0*A_933 + 1.0)**2) - 0.224*exp(-(2.0*A_933 - 1.0)**2) + 0.266*exp(-(2.0*A_933 - 2.0)**2) - 1.37*exp(-(2.0*A_924 + 2.0)**2) - 0.689*exp(-(2.0*A_924 + 1.0)**2) + 0.439*exp(-(2.0*A_924 - 1.0)**2) + 1.12*exp(-(2.0*A_924 - 2.0)**2) + 0.438*exp(-(2.0*A_903 + 2.0)**2) + 0.0802*exp(-(2.0*A_903 + 1.0)**2) - 0.441*exp(-(2.0*A_903 - 1.0)**2) - 0.109*exp(-(2.0*A_903 - 2.0)**2) + 0.877*exp(-(2.0*A_894 + 2.0)**2) + 0.518*exp(-(2.0*A_894 + 1.0)**2) - 0.446*exp(-(2.0*A_894 - 1.0)**2) - 1.61*exp(-(2.0*A_894 - 2.0)**2) - 1.4*exp(-(2.0*A_885 + 2.0)**2) - 0.188*exp(-(2.0*A_885 + 1.0)**2) + 0.158*exp(-(2.0*A_885 - 1.0)**2) + 1.03*exp(-(2.0*A_885 - 2.0)**2) - 0.0647*exp(-4.0*A_990**2) - 0.0907*exp(-4.0*A_981**2) - 0.0537*exp(-4.0*A_942**2) - 0.189*exp(-4.0*A_933**2) + 0.194*exp(-4.0*A_924**2) + 0.0167*exp(-4.0*A_903**2) + 0.0552*exp(-4.0*A_894**2) - 0.0989*exp(-4.0*A_885**2))
h_2 = tanh(0.063*exp(-(2.0*A_990 + 2.0)**2) - 0.0159*exp(-(2.0*A_990 + 1.0)**2) - 0.0461*exp(-(2.0*A_990 - 1.0)**2) - 0.177*exp(-(2.0*A_990 - 2.0)**2) + 0.738*exp(-(2.0*A_981 + 2.0)**2) - 0.25*exp(-(2.0*A_981 + 1.0)**2) + 0.155*exp(-(2.0*A_981 - 1.0)**2) + 0.502*exp(-(2.0*A_981 - 2.0)**2) + 0.137*exp(-(2.0*A_942 + 2.0)**2) + 0.201*exp(-(2.0*A_942 + 1.0)**2) + 0.0901*exp(-(2.0*A_942 - 1.0)**2) - 0.766*exp(-(2.0*A_942 - 2.0)**2) - 0.0282*exp(-(2.0*A_933 + 2.0)**2) + 0.0147*exp(-(2.0*A_933 + 1.0)**2) - 0.071*exp(-(2.0*A_933 - 1.0)**2) + 0.477*exp(-(2.0*A_933 - 2.0)**2) - 1.35*exp(-(2.0*A_924 + 2.0)**2) - 0.68*exp(-(2.0*A_924 + 1.0)**2) + 0.489*exp(-(2.0*A_924 - 1.0)**2) + 1.16*exp(-(2.0*A_924 - 2.0)**2) + 0.39*exp(-(2.0*A_903 + 2.0)**2) - 0.176*exp(-(2.0*A_903 + 1.0)**2) + 0.11*exp(-(2.0*A_903 - 1.0)**2) - 0.302*exp(-(2.0*A_903 - 2.0)**2) + 1.04*exp(-(2.0*A_894 + 2.0)**2) + 0.152*exp(-(2.0*A_894 + 1.0)**2) - 0.38*exp(-(2.0*A_894 - 1.0)**2) - 1.56*exp(-(2.0*A_894 - 2.0)**2) + 0.028*exp(-(2.0*A_885 + 2.0)**2) - 0.384*exp(-(2.0*A_885 + 1.0)**2) + 0.118*exp(-(2.0*A_885 - 1.0)**2) + 0.661*exp(-(2.0*A_885 - 2.0)**2) - 0.0533*exp(-4.0*A_990**2) + 0.0231*exp(-4.0*A_981**2) + 0.00169*exp(-4.0*A_942**2) - 0.0742*exp(-4.0*A_933**2) + 0.218*exp(-4.0*A_924**2) - 0.0802*exp(-4.0*A_903**2) + 0.342*exp(-4.0*A_894**2) - 0.183*exp(-4.0*A_885**2))
h_3 = -tanh(-0.137*exp(-(2.0*A_990 + 2.0)**2) + 0.304*exp(-(2.0*A_990 + 1.0)**2) + 0.159*exp(-(2.0*A_990 - 1.0)**2) - 0.486*exp(-(2.0*A_990 - 2.0)**2) + 0.296*exp(-(2.0*A_981 + 2.0)**2) + 0.182*exp(-(2.0*A_981 + 1.0)**2) + 0.16*exp(-(2.0*A_981 - 1.0)**2) + 0.173*exp(-(2.0*A_981 - 2.0)**2) + 0.129*exp(-(2.0*A_942 + 2.0)**2) - 0.412*exp(-(2.0*A_942 + 1.0)**2) + 0.201*exp(-(2.0*A_942 - 1.0)**2) + 1.05*exp(-(2.0*A_942 - 2.0)**2) - 0.206*exp(-(2.0*A_933 + 2.0)**2) - 0.115*exp(-(2.0*A_933 + 1.0)**2) + 0.245*exp(-(2.0*A_933 - 1.0)**2) - 0.169*exp(-(2.0*A_933 - 2.0)**2) + 0.468*exp(-(2.0*A_924 + 2.0)**2) + 0.249*exp(-(2.0*A_924 + 1.0)**2) - 0.509*exp(-(2.0*A_924 - 1.0)**2) - 1.28*exp(-(2.0*A_924 - 2.0)**2) + 0.641*exp(-(2.0*A_903 + 2.0)**2) + 0.107*exp(-(2.0*A_903 + 1.0)**2) - 0.17*exp(-(2.0*A_903 - 1.0)**2) - 0.183*exp(-(2.0*A_903 - 2.0)**2) - 1.41*exp(-(2.0*A_894 + 2.0)**2) - 0.787*exp(-(2.0*A_894 + 1.0)**2) + 0.571*exp(-(2.0*A_894 - 1.0)**2) + 1.22*exp(-(2.0*A_894 - 2.0)**2) + 0.767*exp(-(2.0*A_885 + 2.0)**2) + 0.724*exp(-(2.0*A_885 + 1.0)**2) - 0.341*exp(-(2.0*A_885 - 1.0)**2) - 0.894*exp(-(2.0*A_885 - 2.0)**2) + 0.144*exp(-4.0*A_990**2) - 0.445*exp(-4.0*A_981**2) - 0.212*exp(-4.0*A_942**2) - 0.00189*exp(-4.0*A_933**2) + 0.156*exp(-4.0*A_924**2) - 0.00339*exp(-4.0*A_903**2) - 0.119*exp(-4.0*",mango,selected bands,1 hidden layer,external,rbf 1 hidden layer
rbf,4.0,1e-05,0.0,2024,0.7063093145970669,136,8,0.9999759093226962,19.0,"h_1 = -tanh(0.472*exp(-(2.0*A_990 + 2.0)**2) + 0.343*exp(-(2.0*A_990 + 1.0)**2) - 0.0467*exp(-(2.0*A_990 - 1.0)**2) - 0.543*exp(-(2.0*A_990 - 2.0)**2) + 0.216*exp(-(2.0*A_981 + 2.0)**2) - 0.298*exp(-(2.0*A_981 + 1.0)**2) + 0.121*exp(-(2.0*A_981 - 1.0)**2) + 0.293*exp(-(2.0*A_981 - 2.0)**2) + 0.501*exp(-(2.0*A_942 + 2.0)**2) + 0.365*exp(-(2.0*A_942 + 1.0)**2) + 0.00598*exp(-(2.0*A_942 - 1.0)**2) - 0.83*exp(-(2.0*A_942 - 2.0)**2) + 0.393*exp(-(2.0*A_933 + 2.0)**2) + 0.209*exp(-(2.0*A_933 + 1.0)**2) - 0.0654*exp(-(2.0*A_933 - 1.0)**2) + 0.364*exp(-(2.0*A_933 - 2.0)**2) - 1.36*exp(-(2.0*A_924 + 2.0)**2) - 0.707*exp(-(2.0*A_924 + 1.0)**2) + 0.289*exp(-(2.0*A_924 - 1.0)**2) + 1.1*exp(-(2.0*A_924 - 2.0)**2) + 0.311*exp(-(2.0*A_903 + 2.0)**2) + 0.069*exp(-(2.0*A_903 + 1.0)**2) - 0.292*exp(-(2.0*A_903 - 1.0)**2) + 0.465*exp(-(2.0*A_903 - 2.0)**2) + 1.02*exp(-(2.0*A_894 + 2.0)**2) + 0.368*exp(-(2.0*A_894 + 1.0)**2) - 0.481*exp(-(2.0*A_894 - 1.0)**2) - 1.97*exp(-(2.0*A_894 - 2.0)**2) - 0.406*exp(-(2.0*A_885 + 2.0)**2) - 0.369*exp(-(2.0*A_885 + 1.0)**2) + 0.228*exp(-(2.0*A_885 - 1.0)**2) + 0.825*exp(-(2.0*A_885 - 2.0)**2) - 0.0139*exp(-4.0*A_990**2) - 0.0954*exp(-4.0*A_981**2) - 0.184*exp(-4.0*A_942**2) - 0.221*exp(-4.0*A_933**2) + 0.37*exp(-4.0*A_924**2) - 0.106*exp(-4.0*A_903**2) + 0.128*exp(-4.0*A_894**2) - 0.122*exp(-4.0*A_885**2))
h_2 = -tanh(0.811*exp(-(2.0*A_990 + 2.0)**2) + 0.276*exp(-(2.0*A_990 + 1.0)**2) - 0.162*exp(-(2.0*A_990 - 1.0)**2) - 0.338*exp(-(2.0*A_990 - 2.0)**2) + 0.206*exp(-(2.0*A_981 + 2.0)**2) - 0.44*exp(-(2.0*A_981 + 1.0)**2) + 0.505*exp(-(2.0*A_981 - 1.0)**2) + 0.469*exp(-(2.0*A_981 - 2.0)**2) + 0.753*exp(-(2.0*A_942 + 2.0)**2) + 0.191*exp(-(2.0*A_942 + 1.0)**2) - 0.142*exp(-(2.0*A_942 - 1.0)**2) - 0.514*exp(-(2.0*A_942 - 2.0)**2) + 0.27*exp(-(2.0*A_933 + 2.0)**2) - 0.00436*exp(-(2.0*A_933 + 1.0)**2) - 0.00835*exp(-(2.0*A_933 - 1.0)**2) + 0.495*exp(-(2.0*A_933 - 2.0)**2) - 1.24*exp(-(2.0*A_924 + 2.0)**2) - 0.471*exp(-(2.0*A_924 + 1.0)**2) + 0.612*exp(-(2.0*A_924 - 1.0)**2) + 0.83*exp(-(2.0*A_924 - 2.0)**2) + 0.498*exp(-(2.0*A_903 + 2.0)**2) + 0.0256*exp(-(2.0*A_903 + 1.0)**2) - 0.0506*exp(-(2.0*A_903 - 1.0)**2) + 0.106*exp(-(2.0*A_903 - 2.0)**2) + 0.782*exp(-(2.0*A_894 + 2.0)**2) + 0.379*exp(-(2.0*A_894 + 1.0)**2) - 0.15*exp(-(2.0*A_894 - 1.0)**2) - 1.33*exp(-(2.0*A_894 - 2.0)**2) - 1.34*exp(-(2.0*A_885 + 2.0)**2) - 0.143*exp(-(2.0*A_885 + 1.0)**2) + 0.0585*exp(-(2.0*A_885 - 1.0)**2) + 0.48*exp(-(2.0*A_885 - 2.0)**2) + 0.256*exp(-4.0*A_990**2) - 0.239*exp(-4.0*A_981**2) + 0.0646*exp(-4.0*A_933**2) + 0.196*exp(-4.0*A_924**2) - 0.116*exp(-4.0*A_903**2) + 0.0234*exp(-4.0*A_894**2) + 0.00579*exp(-4.0*A_885**2))
h_3 = tanh(0.105*exp(-(2.0*A_990 + 2.0)**2) + 0.0943*exp(-(2.0*A_990 + 1.0)**2) - 0.0853*exp(-(2.0*A_990 - 1.0)**2) - 0.422*exp(-(2.0*A_990 - 2.0)**2) + 0.461*exp(-(2.0*A_981 + 2.0)**2) + 0.224*exp(-(2.0*A_981 + 1.0)**2) + 0.37*exp(-(2.0*A_981 - 1.0)**2) - 0.233*exp(-(2.0*A_981 - 2.0)**2) - 0.016*exp(-(2.0*A_942 + 2.0)**2) - 0.349*exp(-(2.0*A_942 + 1.0)**2) + 0.385*exp(-(2.0*A_942 - 1.0)**2) + 0.913*exp(-(2.0*A_942 - 2.0)**2) - 0.187*exp(-(2.0*A_933 + 2.0)**2) - 0.222*exp(-(2.0*A_933 + 1.0)**2) + 0.0741*exp(-(2.0*A_933 - 1.0)**2) + 0.0292*exp(-(2.0*A_933 - 2.0)**2) + 0.592*exp(-(2.0*A_924 + 2.0)**2) + 0.28*exp(-(2.0*A_924 + 1.0)**2) - 0.72*exp(-(2.0*A_924 - 1.0)**2) - 0.943*exp(-(2.0*A_924 - 2.0)**2) + 0.531*exp(-(2.0*A_903 + 2.0)**2) - 0.0203*exp(-(2.0*A_903 + 1.0)**2) - 0.141*exp(-(2.0*A_903 - 1.0)**2) - 0.214*exp(-(2.0*A_903 - 2.0)**2) - 1.44*exp(-(2.0*A_894 + 2.0)**2) - 0.615*exp(-(2.0*A_894 + 1.0)**2) + 0.318*exp(-(2.0*A_894 - 1.0)**2) + 1.35*exp(-(2.0*A_894 - 2.0)**2) + 1.04*exp(-(2.0*A_885 + 2.0)**2) + 0.461*exp(-(2.0*A_885 + 1.0)**2) - 0.195*exp(-(2.0*A_885 - 1.0)**2) - 0.93*exp(-(2.0*A_885 - 2.0)**2) + 0.102*exp(-4.0*A_990**2) - 0.517*exp(-4.0*A_981**2) - 0.154*exp(-4.0*A_942**2) + 0.0387*exp(-4.0*A_933**2) + 0.00335*exp(-4.0*A_924**2) + 0.0207*exp(-4.0*A_894**2) + 0.167*exp(-4.0*A_885**2))
y = -0.007",mango,selected bands,1 hidden layer,external,rbf 1 hidden layer
rbf,4.0,1e-05,0.0,100,0.8097272460538179,136,8,0.9999771723258908,19.0,"h_1 = tanh(0.309*exp(-(2.0*A_990 + 2.0)**2) + 0.211*exp(-(2.0*A_990 + 1.0)**2) - 0.044*exp(-(2.0*A_990 - 1.0)**2) - 0.599*exp(-(2.0*A_990 - 2.0)**2) + 0.284*exp(-(2.0*A_981 + 2.0)**2) - 0.204*exp(-(2.0*A_981 + 1.0)**2) + 0.141*exp(-(2.0*A_981 - 1.0)**2) + 0.334*exp(-(2.0*A_981 - 2.0)**2) + 0.765*exp(-(2.0*A_942 + 2.0)**2) + 0.321*exp(-(2.0*A_942 + 1.0)**2) + 0.0205*exp(-(2.0*A_942 - 1.0)**2) - 0.776*exp(-(2.0*A_942 - 2.0)**2) + 0.378*exp(-(2.0*A_933 + 2.0)**2) + 0.143*exp(-(2.0*A_933 + 1.0)**2) - 0.137*exp(-(2.0*A_933 - 1.0)**2) + 0.347*exp(-(2.0*A_933 - 2.0)**2) - 1.44*exp(-(2.0*A_924 + 2.0)**2) - 0.786*exp(-(2.0*A_924 + 1.0)**2) + 0.348*exp(-(2.0*A_924 - 1.0)**2) + 1.06*exp(-(2.0*A_924 - 2.0)**2) + 0.362*exp(-(2.0*A_903 + 2.0)**2) + 0.0166*exp(-(2.0*A_903 + 1.0)**2) - 0.351*exp(-(2.0*A_903 - 1.0)**2) + 0.57*exp(-(2.0*A_903 - 2.0)**2) + 1.12*exp(-(2.0*A_894 + 2.0)**2) + 0.41*exp(-(2.0*A_894 + 1.0)**2) - 0.462*exp(-(2.0*A_894 - 1.0)**2) - 1.95*exp(-(2.0*A_894 - 2.0)**2) - 1.12*exp(-(2.0*A_885 + 2.0)**2) - 0.313*exp(-(2.0*A_885 + 1.0)**2) + 0.248*exp(-(2.0*A_885 - 1.0)**2) + 0.833*exp(-(2.0*A_885 - 2.0)**2) - 0.122*exp(-4.0*A_990**2) - 0.00862*exp(-4.0*A_981**2) - 0.157*exp(-4.0*A_942**2) - 0.17*exp(-4.0*A_933**2) + 0.323*exp(-4.0*A_924**2) - 0.141*exp(-4.0*A_903**2) + 0.142*exp(-4.0*A_894**2) - 0.138*exp(-4.0*A_885**2))
h_2 = -tanh(0.123*exp(-(2.0*A_990 + 2.0)**2) + 0.0729*exp(-(2.0*A_990 + 1.0)**2) - 0.0524*exp(-(2.0*A_990 - 1.0)**2) - 0.498*exp(-(2.0*A_990 - 2.0)**2) + 0.602*exp(-(2.0*A_981 + 2.0)**2) + 0.302*exp(-(2.0*A_981 + 1.0)**2) + 0.435*exp(-(2.0*A_981 - 1.0)**2) - 0.089*exp(-(2.0*A_981 - 2.0)**2) + 0.267*exp(-(2.0*A_942 + 2.0)**2) - 0.338*exp(-(2.0*A_942 + 1.0)**2) + 0.388*exp(-(2.0*A_942 - 1.0)**2) + 0.982*exp(-(2.0*A_942 - 2.0)**2) - 0.233*exp(-(2.0*A_933 + 2.0)**2) - 0.15*exp(-(2.0*A_933 + 1.0)**2) + 0.124*exp(-(2.0*A_933 - 1.0)**2) + 0.123*exp(-(2.0*A_933 - 2.0)**2) + 0.205*exp(-(2.0*A_924 + 2.0)**2) + 0.288*exp(-(2.0*A_924 + 1.0)**2) - 0.622*exp(-(2.0*A_924 - 1.0)**2) - 1.07*exp(-(2.0*A_924 - 2.0)**2) + 1.01*exp(-(2.0*A_903 + 2.0)**2) + 0.0377*exp(-(2.0*A_903 + 1.0)**2) - 0.205*exp(-(2.0*A_903 - 1.0)**2) - 0.0184*exp(-(2.0*A_903 - 2.0)**2) - 1.76*exp(-(2.0*A_894 + 2.0)**2) - 0.749*exp(-(2.0*A_894 + 1.0)**2) + 0.345*exp(-(2.0*A_894 - 1.0)**2) + 1.23*exp(-(2.0*A_894 - 2.0)**2) + 0.806*exp(-(2.0*A_885 + 2.0)**2) + 0.466*exp(-(2.0*A_885 + 1.0)**2) - 0.238*exp(-(2.0*A_885 - 1.0)**2) - 0.895*exp(-(2.0*A_885 - 2.0)**2) + 0.154*exp(-4.0*A_990**2) - 0.486*exp(-4.0*A_981**2) - 0.115*exp(-4.0*A_942**2) + 0.0352*exp(-4.0*A_933**2) + 0.105*exp(-4.0*A_924**2) - 0.0374*exp(-4.0*A_903**2) + 0.00783*exp(-4.0*A_894**2) + 0.154*exp(-4.0*A_885**2))
h_3 = -tanh(0.752*exp(-(2.0*A_990 + 2.0)**2) + 0.119*exp(-(2.0*A_990 + 1.0)**2) - 0.295*exp(-(2.0*A_990 - 1.0)**2) - 0.333*exp(-(2.0*A_990 - 2.0)**2) + 0.384*exp(-(2.0*A_981 + 2.0)**2) - 0.551*exp(-(2.0*A_981 + 1.0)**2) + 0.379*exp(-(2.0*A_981 - 1.0)**2) + 0.388*exp(-(2.0*A_981 - 2.0)**2) + 0.663*exp(-(2.0*A_942 + 2.0)**2) + 0.254*exp(-(2.0*A_942 + 1.0)**2) - 0.175*exp(-(2.0*A_942 - 1.0)**2) - 0.614*exp(-(2.0*A_942 - 2.0)**2) + 0.169*exp(-(2.0*A_933 + 2.0)**2) + 0.034*exp(-(2.0*A_933 + 1.0)**2) + 0.0256*exp(-(2.0*A_933 - 1.0)**2) + 0.351*exp(-(2.0*A_933 - 2.0)**2) - 1.51*exp(-(2.0*A_924 + 2.0)**2) - 0.408*exp(-(2.0*A_924 + 1.0)**2) + 0.673*exp(-(2.0*A_924 - 1.0)**2) + 0.69*exp(-(2.0*A_924 - 2.0)**2) + 0.333*exp(-(2.0*A_903 + 2.0)**2) + 0.152*exp(-(2.0*A_903 + 1.0)**2) - 0.0106*exp(-(2.0*A_903 - 1.0)**2) + 0.106*exp(-(2.0*A_903 - 2.0)**2) + 1.23*exp(-(2.0*A_894 + 2.0)**2) + 0.378*exp(-(2.0*A_894 + 1.0)**2) - 0.147*exp(-(2.0*A_894 - 1.0)**2) - 1.31*exp(-(2.0*A_894 - 2.0)**2) - 1.08*exp(-(2.0*A_885 + 2.0)**2) - 0.337*exp(-(2.0*A_885 + 1.0)**2) + 0.00456*exp(-(2.0*A_885 - 1.0)**2) + 0.495*exp(-(2.0*A_885 - 2.0)**2) + 0.2*exp(-4.0*A_990**2) - 0.301*exp(-4.0*A_981**2) - 0.0851*exp(-4.0*A_942**2) + 0.0209*exp(-4.0*A_933**2) + 0.266*exp(-4.0*A_924**2) - 0.201*exp(-4.0*A_903**2) - 0.0133*exp(-4.0",mango,selected bands,1 hidden layer,external,rbf 1 hidden layer
rbf,4.0,1e-05,0.0,13,0.7757070391272157,136,8,0.999981689195486,19.0,"h_1 = -tanh(0.00592*exp(-(2.0*A_990 + 2.0)**2) - 0.077*exp(-(2.0*A_990 + 1.0)**2) + 0.0863*exp(-(2.0*A_990 - 1.0)**2) + 0.471*exp(-(2.0*A_990 - 2.0)**2) - 0.55*exp(-(2.0*A_981 + 2.0)**2) - 0.277*exp(-(2.0*A_981 + 1.0)**2) - 0.44*exp(-(2.0*A_981 - 1.0)**2) + 0.185*exp(-(2.0*A_981 - 2.0)**2) - 0.121*exp(-(2.0*A_942 + 2.0)**2) + 0.36*exp(-(2.0*A_942 + 1.0)**2) - 0.301*exp(-(2.0*A_942 - 1.0)**2) - 0.806*exp(-(2.0*A_942 - 2.0)**2) + 0.263*exp(-(2.0*A_933 + 2.0)**2) + 0.244*exp(-(2.0*A_933 + 1.0)**2) - 0.0696*exp(-(2.0*A_933 - 1.0)**2) - 0.118*exp(-(2.0*A_933 - 2.0)**2) - 0.315*exp(-(2.0*A_924 + 2.0)**2) - 0.238*exp(-(2.0*A_924 + 1.0)**2) + 0.671*exp(-(2.0*A_924 - 1.0)**2) + 0.971*exp(-(2.0*A_924 - 2.0)**2) - 0.688*exp(-(2.0*A_903 + 2.0)**2) + 0.0445*exp(-(2.0*A_903 + 1.0)**2) + 0.169*exp(-(2.0*A_903 - 1.0)**2) + 0.171*exp(-(2.0*A_903 - 2.0)**2) + 1.57*exp(-(2.0*A_894 + 2.0)**2) + 0.595*exp(-(2.0*A_894 + 1.0)**2) - 0.275*exp(-(2.0*A_894 - 1.0)**2) - 1.26*exp(-(2.0*A_894 - 2.0)**2) - 1.03*exp(-(2.0*A_885 + 2.0)**2) - 0.48*exp(-(2.0*A_885 + 1.0)**2) + 0.142*exp(-(2.0*A_885 - 1.0)**2) + 0.807*exp(-(2.0*A_885 - 2.0)**2) - 0.106*exp(-4.0*A_990**2) + 0.533*exp(-4.0*A_981**2) + 0.2*exp(-4.0*A_942**2) - 0.0388*exp(-4.0*A_933**2) - 0.0243*exp(-4.0*A_924**2) + 0.0139*exp(-4.0*A_903**2) + 0.0351*exp(-4.0*A_894**2) - 0.248*exp(-4.0*A_885**2))
h_2 = tanh(0.76*exp(-(2.0*A_990 + 2.0)**2) + 0.169*exp(-(2.0*A_990 + 1.0)**2) - 0.226*exp(-(2.0*A_990 - 1.0)**2) - 0.34*exp(-(2.0*A_990 - 2.0)**2) + 0.326*exp(-(2.0*A_981 + 2.0)**2) - 0.448*exp(-(2.0*A_981 + 1.0)**2) + 0.443*exp(-(2.0*A_981 - 1.0)**2) + 0.41*exp(-(2.0*A_981 - 2.0)**2) + 0.776*exp(-(2.0*A_942 + 2.0)**2) + 0.213*exp(-(2.0*A_942 + 1.0)**2) - 0.193*exp(-(2.0*A_942 - 1.0)**2) - 0.671*exp(-(2.0*A_942 - 2.0)**2) + 0.17*exp(-(2.0*A_933 + 2.0)**2) - 0.0525*exp(-(2.0*A_933 + 1.0)**2) + 0.0367*exp(-(2.0*A_933 - 1.0)**2) + 0.457*exp(-(2.0*A_933 - 2.0)**2) - 1.44*exp(-(2.0*A_924 + 2.0)**2) - 0.429*exp(-(2.0*A_924 + 1.0)**2) + 0.597*exp(-(2.0*A_924 - 1.0)**2) + 0.945*exp(-(2.0*A_924 - 2.0)**2) + 0.419*exp(-(2.0*A_903 + 2.0)**2) + 0.0459*exp(-(2.0*A_903 + 1.0)**2) - 0.0473*exp(-(2.0*A_903 - 1.0)**2) + 0.0753*exp(-(2.0*A_903 - 2.0)**2) + 1.03*exp(-(2.0*A_894 + 2.0)**2) + 0.441*exp(-(2.0*A_894 + 1.0)**2) - 0.211*exp(-(2.0*A_894 - 1.0)**2) - 1.33*exp(-(2.0*A_894 - 2.0)**2) - 1.19*exp(-(2.0*A_885 + 2.0)**2) - 0.271*exp(-(2.0*A_885 + 1.0)**2) + 0.105*exp(-(2.0*A_885 - 1.0)**2) + 0.49*exp(-(2.0*A_885 - 2.0)**2) + 0.209*exp(-4.0*A_990**2) - 0.28*exp(-4.0*A_981**2) - 0.0815*exp(-4.0*A_942**2) - 0.0362*exp(-4.0*A_933**2) + 0.314*exp(-4.0*A_924**2) - 0.171*exp(-4.0*A_903**2) + 0.105*exp(-4.0*A_894**2) - 0.016*exp(-4.0*A_885**2))
h_3 = tanh(0.298*exp(-(2.0*A_990 + 2.0)**2) + 0.334*exp(-(2.0*A_990 + 1.0)**2) - 0.0225*exp(-(2.0*A_990 - 1.0)**2) - 0.576*exp(-(2.0*A_990 - 2.0)**2) + 0.302*exp(-(2.0*A_981 + 2.0)**2) - 0.232*exp(-(2.0*A_981 + 1.0)**2) + 0.212*exp(-(2.0*A_981 - 1.0)**2) + 0.263*exp(-(2.0*A_981 - 2.0)**2) + 0.47*exp(-(2.0*A_942 + 2.0)**2) + 0.355*exp(-(2.0*A_942 + 1.0)**2) + 0.048*exp(-(2.0*A_942 - 1.0)**2) - 0.674*exp(-(2.0*A_942 - 2.0)**2) + 0.461*exp(-(2.0*A_933 + 2.0)**2) + 0.203*exp(-(2.0*A_933 + 1.0)**2) - 0.111*exp(-(2.0*A_933 - 1.0)**2) + 0.228*exp(-(2.0*A_933 - 2.0)**2) - 1.2*exp(-(2.0*A_924 + 2.0)**2) - 0.758*exp(-(2.0*A_924 + 1.0)**2) + 0.27*exp(-(2.0*A_924 - 1.0)**2) + 1.14*exp(-(2.0*A_924 - 2.0)**2) + 0.385*exp(-(2.0*A_903 + 2.0)**2) + 0.0271*exp(-(2.0*A_903 + 1.0)**2) - 0.302*exp(-(2.0*A_903 - 1.0)**2) + 0.486*exp(-(2.0*A_903 - 2.0)**2) + 0.907*exp(-(2.0*A_894 + 2.0)**2) + 0.393*exp(-(2.0*A_894 + 1.0)**2) - 0.495*exp(-(2.0*A_894 - 1.0)**2) - 1.92*exp(-(2.0*A_894 - 2.0)**2) - 0.603*exp(-(2.0*A_885 + 2.0)**2) - 0.343*exp(-(2.0*A_885 + 1.0)**2) + 0.172*exp(-(2.0*A_885 - 1.0)**2) + 0.794*exp(-(2.0*A_885 - 2.0)**2) - 0.0495*exp(-4.0*A_990**2) - 0.0677*exp(-4.0*A_981**2) - 0.128*exp(-4.0*A_942**2) - 0.247*exp(-4.0*A_933**2) + 0.34*exp(-4.0*A_924**2) - 0.0939*exp(-4.0*A_903**2) + 0.135*exp(-4.0*A_89",mango,selected bands,1 hidden layer,external,rbf 1 hidden layer
poly,4.0,1e-05,0.0,42,0.8184985261007498,136,8,0.9999643156387569,16.0,"h_1 = -tanh(0.13*A_885**4 + 0.367*A_885**3 - 0.0543*A_885**2 + 1.35*A_885 + 0.0149*A_894**4 - 0.714*A_894**3 - 0.079*A_894**2 - 1.31*A_894 + 0.347*A_903**4 + 0.337*A_903**3 + 0.295*A_903**2 + 0.0756*A_903 + 0.00854*A_924**4 - 0.358*A_924**3 - 0.294*A_924**2 + 2.16*A_924 + 0.832*A_933**4 - 0.00847*A_933**3 + 0.638*A_933**2 - 0.119*A_933 - 0.234*A_942**4 + 0.514*A_942**3 - 0.852*A_942**2 - 1.55*A_942 - 0.0396*A_981**4 - 0.116*A_981**3 - 0.659*A_981**2 + 0.693*A_981 + 0.436*A_990**4 + 0.203*A_990**3 - 0.0824*A_990**2 - 0.192*A_990 + 1.2301)
h_2 = tanh(1.45*A_885**4 - 0.384*A_885**3 - 1.52*A_885**2 - 0.717*A_885 + 1.24*A_894**4 + 1.09*A_894**3 + 0.81*A_894**2 + 1.41*A_894 - 0.476*A_903**4 - 0.5*A_903**3 + 0.151*A_903**2 - 0.107*A_903 + 0.553*A_924**4 - 0.269*A_924**3 + 1.01*A_924**2 - 1.44*A_924 - 0.609*A_933**4 - 0.616*A_933**3 - 0.503*A_933**2 - 0.23*A_933 + 0.318*A_942**4 + 0.199*A_942**3 + 0.847*A_942**2 - 0.262*A_942 - 1.95*A_981**4 + 0.44*A_981**3 + 0.933*A_981**2 + 0.143*A_981 + 0.118*A_990**4 - 0.417*A_990**3 - 0.504*A_990**2 + 0.471*A_990 + 1.3865)
h_3 = tanh(-0.239*A_885**4 - 0.455*A_885**3 + 0.0326*A_885**2 - 0.477*A_885 + 0.472*A_894**4 + 0.314*A_894**3 + 0.575*A_894**2 + 1.91*A_894 + 0.104*A_903**4 - 0.3*A_903**3 - 0.344*A_903**2 + 0.539*A_903 + 0.552*A_924**4 - 0.124*A_924**3 + 0.756*A_924**2 - 1.7*A_924 - 0.684*A_933**4 + 0.0906*A_933**3 - 0.813*A_933**2 + 0.375*A_933 + 0.425*A_942**4 + 0.187*A_942**3 + 0.336*A_942**2 + 1.0*A_942 - 0.258*A_981**4 + 0.25*A_981**3 - 0.315*A_981**2 - 1.15*A_981 + 0.414*A_990**4 + 0.244*A_990**3 - 0.158*A_990**2 + 0.858*A_990 + 1.2041)
y = -1.37*h_1**4 + 1.38*h_1**3 - 0.931*h_1**2 + 0.749*h_1 + 0.567*h_2**4 + 0.586*h_2**3 + 0.579*h_2**2 + 0.522*h_2 + 1.08*h_3**4 + 0.943*h_3**3 + 0.851*h_3**2 + 0.656*h_3 - 1.007",mango,selected bands,1 hidden layer,external,poly 1 hidden layer
poly,4.0,1e-05,0.0,7,0.8232631085655384,136,8,0.9999671905105119,16.0,"h_1 = -tanh(0.597*A_885**4 - 0.992*A_885**3 + 0.0775*A_885**2 - 0.804*A_885 + 0.675*A_894**4 + 0.456*A_894**3 + 0.72*A_894**2 + 1.71*A_894 - 0.678*A_903**4 - 0.494*A_903**3 - 0.204*A_903**2 + 0.501*A_903 + 0.214*A_924**4 - 0.0225*A_924**3 + 0.545*A_924**2 - 1.67*A_924 - 0.975*A_933**4 - 0.0712*A_933**3 - 1.04*A_933**2 + 0.395*A_933 + 0.578*A_942**4 - 0.171*A_942**3 + 0.181*A_942**2 + 1.12*A_942 - 0.287*A_981**4 + 0.165*A_981**3 + 0.0657*A_981**2 - 0.878*A_981 + 0.66*A_990**4 - 0.109*A_990**3 - 0.424*A_990**2 + 0.964*A_990 - 0.36697)
h_2 = -tanh(-0.352*A_885**4 + 0.518*A_885**3 - 0.779*A_885**2 - 0.774*A_885 - 0.378*A_894**4 + 1.26*A_894**3 + 0.661*A_894**2 + 1.29*A_894 - 0.112*A_903**4 - 0.404*A_903**3 + 0.38*A_903**2 + 0.0708*A_903 - 0.182*A_924**4 - 0.543*A_924**3 + 0.248*A_924**2 - 2.1*A_924 - 1.67*A_933**4 - 0.332*A_933**3 - 1.25*A_933**2 + 0.151*A_933 + 0.0131*A_942**4 - 0.107*A_942**3 + 1.13*A_942**2 + 0.627*A_942 - 1.17*A_981**4 + 0.202*A_981**3 + 0.316*A_981**2 - 0.763*A_981 + 0.399*A_990**4 + 0.197*A_990**3 + 0.0341*A_990**2 + 0.524*A_990 - 0.85117)
h_3 = -tanh(-0.588*A_885**4 + 0.528*A_885**3 + 0.217*A_885**2 + 1.3*A_885 - 0.368*A_894**4 - 0.89*A_894**3 - 0.0209*A_894**2 - 1.56*A_894 + 0.274*A_903**4 + 0.321*A_903**3 + 0.564*A_903**2 + 0.207*A_903 - 0.46*A_924**4 - 0.272*A_924**3 - 0.672*A_924**2 + 1.85*A_924 + 0.574*A_933**4 + 0.196*A_933**3 + 0.322*A_933**2 - 0.134*A_933 - 0.656*A_942**4 + 0.18*A_942**3 - 0.951*A_942**2 - 1.34*A_942 - 0.269*A_981**4 - 0.579*A_981**3 - 0.786*A_981**2 + 0.426*A_981 + 0.464*A_990**4 + 0.629*A_990**3 + 0.405*A_990**2 + 0.164*A_990 + 1.2238)
y = -1.73*h_1**4 - 1.3*h_1**3 - 1.5*h_1**2 - 0.484*h_1 - 0.72*h_2**4 - 0.805*h_2**3 - 0.658*h_2**2 - 0.513*h_2 - 0.678*h_3**4 + 0.73*h_3**3 - 0.727*h_3**2 + 0.437*h_3 + 3.233",mango,selected bands,1 hidden layer,external,poly 1 hidden layer
poly,4.0,1e-05,0.0,2024,0.7767724452743482,136,8,0.999986818703508,16.0,"h_1 = -tanh(-0.166*A_885**4 + 0.144*A_885**3 + 0.414*A_885**2 + 1.23*A_885 - 0.0815*A_894**4 - 0.814*A_894**3 + 0.32*A_894**2 - 1.4*A_894 - 0.0961*A_903**4 + 0.665*A_903**3 + 0.372*A_903**2 + 0.276*A_903 + 0.0556*A_924**4 - 0.0752*A_924**3 - 0.19*A_924**2 + 1.96*A_924 + 0.6*A_933**4 + 0.0607*A_933**3 + 0.387*A_933**2 - 0.267*A_933 - 0.41*A_942**4 + 0.599*A_942**3 - 1.03*A_942**2 - 1.61*A_942 + 0.0618*A_981**4 - 0.196*A_981**3 - 1.06*A_981**2 + 0.393*A_981 + 0.326*A_990**4 + 0.367*A_990**3 + 0.397*A_990**2 + 0.137*A_990 + 1.262)
h_2 = -tanh(-0.0852*A_885**4 + 0.0509*A_885**3 - 0.184*A_885**2 - 0.853*A_885 - 0.212*A_894**4 + 0.668*A_894**3 + 0.714*A_894**2 + 1.41*A_894 - 0.193*A_903**4 - 0.161*A_903**3 - 0.287*A_903**2 + 0.244*A_903 + 0.493*A_924**4 + 0.119*A_924**3 + 0.568*A_924**2 - 1.84*A_924 - 0.809*A_933**4 + 0.105*A_933**3 - 0.669*A_933**2 + 0.0106*A_933 - 0.141*A_942**4 + 0.00465*A_942**3 + 0.441*A_942**2 + 0.551*A_942 - 0.699*A_981**4 + 0.322*A_981**3 - 0.187*A_981**2 - 1.07*A_981 + 0.461*A_990**4 + 0.235*A_990**3 + 0.0239*A_990**2 + 0.8*A_990 + 0.792)
h_3 = -tanh(1.01*A_885**4 - 1.15*A_885**3 + 0.246*A_885**2 - 0.633*A_885 + 0.5*A_894**4 + 0.336*A_894**3 + 0.951*A_894**2 + 1.91*A_894 - 0.517*A_903**4 - 0.461*A_903**3 - 0.12*A_903**2 + 0.731*A_903 + 0.581*A_924**4 + 0.443*A_924**3 + 0.385*A_924**2 - 1.74*A_924 - 0.474*A_933**4 - 0.00502*A_933**3 - 1.27*A_933**2 + 0.256*A_933 + 0.53*A_942**4 - 0.151*A_942**3 - 0.151*A_942**2 + 0.937*A_942 - 0.46*A_981**4 + 0.232*A_981**3 - 0.0134*A_981**2 - 0.741*A_981 + 0.58*A_990**4 - 0.283*A_990**3 - 0.478*A_990**2 + 1.14*A_990 + 1.495)
y = -1.17*h_1**4 + 1.14*h_1**3 - 0.935*h_1**2 + 0.67*h_1 + 0.886*h_2**4 - 0.83*h_2**3 + 0.829*h_2**2 - 0.488*h_2 + 0.92*h_3**4 - 0.932*h_3**3 + 0.869*h_3**2 - 0.468*h_3 - 1.006",mango,selected bands,1 hidden layer,external,poly 1 hidden layer
poly,4.0,1e-05,0.0,100,0.8325710193655211,136,8,0.99992315570701,16.0,"h_1 = -tanh(0.461*A_885**4 - 1.17*A_885**3 + 0.244*A_885**2 - 1.48*A_885 + 0.31*A_894**4 + 0.408*A_894**3 + 0.229*A_894**2 + 1.23*A_894 - 0.517*A_903**4 + 0.0873*A_903**3 - 0.422*A_903**2 - 0.128*A_903 + 0.159*A_924**4 + 0.308*A_924**3 + 0.245*A_924**2 - 2.21*A_924 - 0.589*A_933**4 + 0.0765*A_933**3 - 0.727*A_933**2 + 0.249*A_933 + 0.468*A_942**4 - 0.672*A_942**3 + 0.625*A_942**2 + 1.72*A_942 - 0.24*A_981**4 + 0.287*A_981**3 + 0.631*A_981**2 - 0.556*A_981 - 0.333*A_990**4 - 0.157*A_990**3 - 0.111*A_990**2 + 0.213*A_990 - 1.2356)
h_2 = tanh(0.522*A_885**4 - 0.316*A_885**3 - 0.441*A_885**2 - 0.372*A_885 + 0.361*A_894**4 + 0.431*A_894**3 + 0.184*A_894**2 + 1.9*A_894 - 0.104*A_903**4 - 0.945*A_903**3 - 0.8*A_903**2 + 0.316*A_903 + 0.261*A_924**4 - 0.0481*A_924**3 + 0.816*A_924**2 - 1.69*A_924 - 0.943*A_933**4 + 0.239*A_933**3 - 0.451*A_933**2 + 0.0972*A_933 + 0.331*A_942**4 + 0.544*A_942**3 + 0.614*A_942**2 + 0.714*A_942 - 0.0827*A_981**4 - 0.0123*A_981**3 + 0.0514*A_981**2 - 1.26*A_981 + 0.284*A_990**4 + 0.156*A_990**3 - 0.0275*A_990**2 + 0.621*A_990 + 0.8612)
h_3 = tanh(-0.0256*A_885**4 + 0.243*A_885**3 - 1.04*A_885**2 - 0.678*A_885 + 0.31*A_894**4 + 1.05*A_894**3 + 0.451*A_894**2 + 1.65*A_894 - 0.157*A_903**4 + 0.171*A_903**3 - 0.311*A_903**2 - 0.0124*A_903 + 0.532*A_924**4 + 0.0642*A_924**3 + 0.893*A_924**2 - 1.62*A_924 - 0.668*A_933**4 - 0.147*A_933**3 - 0.951*A_933**2 + 0.13*A_942**4 + 0.109*A_942**3 + 0.152*A_942**2 + 0.134*A_942 - 1.51*A_981**4 + 0.617*A_981**3 + 0.789*A_981**2 + 0.0677*A_981 + 0.255*A_990**4 - 0.496*A_990**3 - 0.0621*A_990**2 + 0.966*A_990 + 1.6866)
y = -1.28*h_1**4 - 1.29*h_1**3 - 1.03*h_1**2 - 0.684*h_1 + 1.06*h_2**4 + 1.03*h_2**3 + 0.776*h_2**2 + 0.703*h_2 + 0.764*h_3**4 + 0.778*h_3**3 + 0.659*h_3**2 + 0.466*h_3 - 0.843",mango,selected bands,1 hidden layer,external,poly 1 hidden layer
poly,4.0,1e-05,0.0,13,0.8247849600680323,136,8,0.9999638459094051,16.0,"h_1 = -tanh(0.0588*A_885**4 + 0.0984*A_885**3 - 0.173*A_885**2 - 0.793*A_885 - 0.0537*A_894**4 + 0.468*A_894**3 + 0.553*A_894**2 + 1.48*A_894 - 0.133*A_903**4 - 0.7*A_903**3 - 0.534*A_903**2 + 0.285*A_903 + 0.386*A_924**4 + 0.225*A_924**3 + 0.706*A_924**2 - 1.82*A_924 - 0.874*A_933**4 + 0.264*A_933**3 - 0.677*A_933**2 + 0.114*A_933 + 0.305*A_942**4 + 0.412*A_942**3 + 0.827*A_942**2 + 0.625*A_942 - 0.436*A_981**4 - 0.0539*A_981**3 + 0.221*A_981**2 - 1.09*A_981 + 0.843*A_990**4 - 0.383*A_990**3 + 0.219*A_990**2 + 0.674*A_990 + 0.8072)
h_2 = tanh(0.918*A_885**4 - 1.65*A_885**3 + 0.125*A_885**2 - 0.68*A_885 + 0.345*A_894**4 + 0.0835*A_894**3 + 0.801*A_894**2 + 1.92*A_894 - 0.429*A_903**4 - 0.408*A_903**3 - 0.327*A_903**2 + 0.516*A_903 + 0.471*A_924**4 + 0.294*A_924**3 + 0.346*A_924**2 - 1.64*A_924 - 0.571*A_933**4 + 0.0211*A_933**3 - 1.23*A_933**2 + 0.145*A_933 + 0.424*A_942**4 - 0.167*A_942**3 - 0.136*A_942**2 + 0.892*A_942 - 0.427*A_981**4 + 0.246*A_981**3 - 0.113*A_981**2 - 0.537*A_981 + 0.412*A_990**4 - 0.231*A_990**3 - 0.568*A_990**2 + 1.07*A_990 + 1.4578)
h_3 = -tanh(0.0653*A_885**4 + 0.172*A_885**3 + 0.331*A_885**2 + 1.24*A_885 - 0.0202*A_894**4 - 0.916*A_894**3 + 0.204*A_894**2 - 1.3*A_894 - 0.0603*A_903**4 + 0.312*A_903**3 + 0.267*A_903**2 + 0.26*A_903 - 0.0886*A_924**4 - 0.104*A_924**3 - 0.18*A_924**2 + 2.02*A_924 + 0.572*A_933**4 + 0.265*A_933**3 + 0.565*A_933**2 - 0.32*A_933 - 0.369*A_942**4 + 0.723*A_942**3 - 0.789*A_942**2 - 1.54*A_942 + 0.229*A_981**4 - 0.643*A_981**3 - 0.854*A_981**2 + 0.469*A_981 + 0.342*A_990**4 + 0.261*A_990**3 + 0.519*A_990**2 + 0.0184*A_990 + 1.3014)
y = 0.879*h_1**4 - 1.0*h_1**3 + 0.795*h_1**2 - 0.595*h_1 + 0.818*h_2**4 + 0.832*h_2**3 + 0.756*h_2**2 + 0.581*h_2 - 1.28*h_3**4 + 1.06*h_3**3 - 0.908*h_3**2 + 0.663*h_3 - 0.817",mango,selected bands,1 hidden layer,external,poly 1 hidden layer
bspline,4.0,1e-05,0.0,42,0.7868676314750218,190,8,,,,mango,selected bands,1 hidden layer,external,bspline 1 hidden layer
bspline,4.0,1e-05,0.0,7,0.7791276265163068,190,8,,,,mango,selected bands,1 hidden layer,external,bspline 1 hidden layer
bspline,4.0,1e-05,0.0,2024,0.7541401361160076,190,8,,,,mango,selected bands,1 hidden layer,external,bspline 1 hidden layer
bspline,4.0,1e-05,0.0,100,0.7938727916430912,190,8,,,,mango,selected bands,1 hidden layer,external,bspline 1 hidden layer
bspline,4.0,1e-05,0.0,13,0.746799473108545,190,8,,,,mango,selected bands,1 hidden layer,external,bspline 1 hidden layer
bspline+symbolic,,,,42,0.772323463119583,580,8,0.933286190032959,22.0,-0.377*x_1 - 0.312*x_2 + 0.551*x_3 - 1.068*x_4 - 2.011*x_5 + 0.817*x_6 + 2.033*x_7 - 0.951*x_8 + 4.549*exp(0.661*x_7) + 3.823*sin(1.066*x_3 - 6.983) + 0.116*sin(2.15*x_3 + 5.181) - 2.385*sin(1.369*x_5 - 0.198) + 0.829*sin(1.698*x_6 + 6.961) - 14.474*sin(0.367*x_8 + 5.175) - 12.725 - 12.331/(4.131 - 1.853*x_4),mango,selected bands,"(3,)",external,pykan B-spline + auto_symbolic
bspline+symbolic,,,,7,0.71752314940153,580,8,0.8759481906890869,11.0,-0.766*x_1 + 0.111*x_2 + 0.171*x_3 - 1.617*x_4 - 5.15*x_5 + 2.146*x_6 + 4.87*x_7 - 3.487*x_8 + 3.033*sin(1.138*x_3 + 5.615) + 2.005,mango,selected bands,"(3,)",external,pykan B-spline + auto_symbolic
bspline+symbolic,,,,2024,-1.9947888523550494,580,8,-2.4777538776397705,20.0,-0.908*x_1 - 0.009*x_2 + 0.96*x_3 - 0.627*x_4 - 4.722*x_5 + 1.591*x_6 + 3.947*x_7 - 2.258*x_8 - 0.728*sin(1.465*x_3 + 2.602) + 2.426*sin(0.228*x_1 - 0.158*x_2 + 1.125*x_3 - 1.078*x_5 + 0.887*x_6 + 1.411*x_7 - 0.204*x_8 + 9.006*exp(1.516*x_4) - 2.5) - 0.006,mango,selected bands,"(3,)",external,pykan B-spline + auto_symbolic
bspline+symbolic,,,,100,0.35571958104876855,580,8,0.7146167159080505,33.0,-0.598*x_1 - 0.654*x_4 - 3.193*x_5 + 1.225*x_6 + 2.87*x_7 - 1.586*x_8 - 0.152*sin(8.228*x_2 + 1.715) - 2.452*sin(0.727*x_3 + 2.365) - 0.449*sin(0.359*x_1 + 1.813*x_2 + 0.675*x_3 - 0.736*x_5 + 2.31*x_6 - 2.368*x_7 - 1.638*x_8 + 0.04*(-4.992*x_4 - 7.077)**2 + 11.401) + 0.135*sin(1.273*x_2 - 3.446*x_5 - 1.739*x_6 + 0.731*x_7 - 2.687*x_8 + 0.134*(-7.06*x_4 - 8.736)**2 + 1.933*sin(1.248*x_1 - 9.968) + 1.985*sin(2.019*x_3 - 6.759) - 3.712) + 1.776,mango,selected bands,"(3,)",external,pykan B-spline + auto_symbolic
bspline+symbolic,,,,13,0.6856106799555457,580,8,0.9307315349578857,15.0,-0.746*x_1 - 0.084*x_2 + 0.711*x_3 + 0.23*x_4 - 7.015*x_5 + 2.965*x_6 + 4.535*x_7 - 3.589*x_8 - 0.031*sin(7.184*x_1 - 4.141) - 1.564*sin(1.405*x_3 - 9.975) - 0.024*sin(6.908*x_4 - 1.842) + 0.892,mango,selected bands,"(3,)",external,pykan B-spline + auto_symbolic
